"","error","Q_loss","error_all","Q_loss_all","error_to_tall","Q_loss_to_tall","mat1_nuclear_norm","mat2_nuclear_norm","mat3_nuclear_norm","mat1_rank_num","mat2_rank_num","mat3_rank_num"
"1",2.8514233022442,0.941374993315826,2.32541923900075,0.781213643559721,1.75941412097046,0.437240496088834,0.129814781540973,0.131522519317544,0.131729268123573,5,5,5
"2",2.68466766695678,0.888803759173079,1.78530116185717,0.644089581302403,1.69303514596729,0.410944346246492,0.240917154184343,0.24337881183248,0.243817220767852,5,5,5
"3",2.52526582317475,0.840375745741129,1.49246716721798,0.599485653739149,1.62844518562117,0.386018175899421,0.344001710971888,0.346805731082534,0.347421453574618,5,5,5
"4",2.37377347564171,0.793887845199271,1.28653991195322,0.574738895125253,1.56575642200904,0.361780536838505,0.447489455180126,0.451510391074674,0.45227640083125,5,5,5
"5",2.23292962766258,0.751460521384223,1.13109391530155,0.559189667863372,1.50551557727372,0.338018255452479,0.550343011217578,0.556793600878388,0.557667955136659,4.95,5,5
"6",2.10737597251127,0.717172613748153,1.00730187031201,0.548229368857094,1.44866748500296,0.3152212871443,0.643155279672444,0.652336851777355,0.653353994498193,4.9,5,5
"7",1.99750309934958,0.690474748467439,0.905925118099499,0.5400506032874,1.39570421734823,0.293907495829403,0.722737110357846,0.734361364848039,0.735817579682122,4.75,5,5
"8",1.90084945823143,0.669273987970692,0.820788033384512,0.533772957586524,1.34659634003378,0.274381497067278,0.790630398377114,0.804742816968294,0.806849970024466,4.6,5,5
"9",1.81461983482698,0.652098601321571,0.750730060247635,0.529036285523755,1.30104325166148,0.256739770424014,0.84920043289291,0.866045723947142,0.868757742565978,4.7,5,5
"10",1.73649411271672,0.637820826810539,0.691801120162856,0.525334694376673,1.25865110987886,0.240858850497647,0.901201258335063,0.920567026324089,0.924055068366376,4.4,5,5
"11",1.66546088188304,0.625912973713165,0.641364924214387,0.522325006119372,1.21908888740457,0.226643533202614,0.94752372582573,0.969383446887936,0.973439793748724,4.15,5,5
"12",1.60042670655574,0.615836197445437,0.597106606019337,0.519815915719638,1.1820522234628,0.213880609666994,0.9896569376915,1.01374859694961,1.01836512174129,3.9,5,5
"13",1.54079696648557,0.607162510232383,0.558007964819052,0.517683498038292,1.14729743848685,0.20244002411488,1.02756771471869,1.05385340735539,1.05894227699347,3.7,5,5
"14",1.48587443828982,0.599600416001702,0.523493453116526,0.515907407036099,1.11460753233618,0.192086321909997,1.06229327279438,1.09068265257436,1.09610528705913,3.3,5,5
"15",1.43473121847902,0.592852819329599,0.492273108000222,0.514370927062275,1.08376890586511,0.182669735314585,1.09438616870587,1.1247256756895,1.13053909979773,3.05,5,5
"16",1.38713860081657,0.586838414805348,0.464264570913033,0.513053406916237,1.05460980548606,0.174074952411582,1.124005312602,1.15630945734051,1.16252140504367,3,5,5
"17",1.34277859270933,0.581578657296668,0.439299535461132,0.511932653166209,1.02698547269153,0.166189230009388,1.1515346835964,1.18544700555848,1.19207960865347,3,5,5
"18",1.30139441499795,0.576880734516773,0.417081924284896,0.510996754992432,1.00077325411794,0.158970401972959,1.17716798566984,1.21257761527484,1.21946676360233,3,5,5
"19",1.26237731645983,0.572634151553536,0.397348377883315,0.510211761840275,0.975847246326919,0.152335394190494,1.20128357700283,1.23795740882705,1.24514529449441,3,5,5
"20",1.22560881191026,0.568769863325481,0.379543990179631,0.509529567766535,0.952102967314617,0.146174222101842,1.22406905883947,1.26173254556773,1.26929444102928,3,5,5
"21",1.19075123464002,0.565242901832183,0.363262441069192,0.508934097793174,0.929442882219553,0.1404368780456,1.24560986976446,1.28413324635044,1.29201700884523,3,5,5
"22",1.15770195222123,0.562017382607204,0.348477643418704,0.508411932702207,0.907783061672622,0.135092000443434,1.26610402671581,1.30527458146949,1.31345124704287,3,5,5
"23",1.12632363863363,0.559028325101137,0.334911432149048,0.507944381451879,0.887049686088092,0.130123708953334,1.28546596636214,1.32519815783537,1.33369479258602,3,5,5
"24",1.09650592262904,0.556240085693929,0.32230255916373,0.507523555915334,0.867175945948509,0.125459998622845,1.30402150692752,1.34429480322619,1.35312854428345,3,5,5
"25",1.06808762829059,0.553643217860703,0.310682906803349,0.507151284125986,0.848102605257395,0.121097800725252,1.32168061686053,1.36230133353677,1.37149202477052,3,5,5
"26",1.04098975988039,0.55125036588819,0.299968722356658,0.506821004831462,0.829776579413128,0.117006796752417,1.33845802465642,1.37950461252182,1.38909119010547,3,5,5
"27",1.0152642987958,0.549025009452832,0.290101428053721,0.50653580273709,0.812155202953761,0.113158494121098,1.35448744840214,1.39578922409439,1.40575292221022,3,5,5
"28",0.990600892495274,0.546948544091505,0.28115231655179,0.50628293776328,0.795191493989669,0.109527652227734,1.36993025897477,1.41140816739435,1.42181517953221,3,5,5
"29",0.966912828179343,0.544956282588047,0.272764830968475,0.506060418168707,0.778842696939635,0.10608624937117,1.38481075476209,1.42643986771823,1.43735537899661,3,5,5
"30",0.94427961071628,0.543104551218898,0.265300620576196,0.505864627513317,0.763074197125189,0.102825096248957,1.39915705489582,1.44085110180002,1.45229655649747,3,5,5
"31",0.922508752668841,0.541349672165165,0.258342749333868,0.505691615896259,0.747850705898407,0.0997387066611356,1.41308405386375,1.45479162045975,1.46670215567741,3,5,5
"32",0.901465817420218,0.539691850786049,0.251792634316725,0.505536008662353,0.733137706500736,0.0968149307429862,1.42654634567067,1.46834614850627,1.48065419281885,3,5,5
"33",0.881467773392287,0.538181231277741,0.245774590904593,0.505397544188618,0.718913116696006,0.0940370666384098,1.43938102215568,1.48131519358892,1.49407084802195,3,5,5
"34",0.86234768206886,0.536769426724988,0.240112000836106,0.505269252927732,0.705154027256781,0.0913878726395438,1.45181885047982,1.49383053494951,1.50699662707742,3,5,5
"35",0.843936828864138,0.535435034675304,0.234790464763973,0.505154789211138,0.69183549047247,0.0888604151939213,1.46363038005308,1.50581574791833,1.51941934285007,3,5,5
"36",0.826286190850803,0.534154773403729,0.229862750589265,0.505053084181306,0.678936984042912,0.0864537722891762,1.47506318448312,1.51732042870937,1.53133052553272,3,5,5
"37",0.80936636261834,0.532957813243461,0.225275918000987,0.504962556934204,0.666439462165461,0.0841610343561016,1.48617621108463,1.52853702379217,1.5429374386974,3,5,5
"38",0.793157939027703,0.531821637172875,0.221017438983554,0.504883382959022,0.654325505686679,0.0819738936774824,1.49684306410061,1.53930836304964,1.55400888844164,3,5,5
"39",0.777545054966644,0.53074543882787,0.217024669242154,0.504811170124659,0.642576996120156,0.0798843673336264,1.50709420653418,1.54965117199699,1.56468617729709,3,5,5
"40",0.762534118497171,0.529745043448499,0.213212926172688,0.504744125522513,0.631177868944975,0.0778817601933711,1.51705287613208,1.5596934571935,1.57507054604137,3,5,5
"41",0.748063993942984,0.528803805524072,0.209770338853344,0.504684929901449,0.620112318286681,0.0759601095278191,1.52671133145544,1.56941370313795,1.58514089326597,3,5,5
"42",0.734156864472226,0.527921550052447,0.206582582474057,0.504633761988152,0.609366247861695,0.074116126633664,1.53604220896333,1.57884742901638,1.59490078433335,3,5,5
"43",0.720767374623945,0.52707843361702,0.203626845990747,0.50458812637436,0.598926957504276,0.0723523247187657,1.54500339299943,1.58800095852452,1.60435826338695,3,5,5
"44",0.70785229504195,0.526289706254801,0.200914103898846,0.504547002003389,0.588781528139939,0.0706597302678414,1.55371619442645,1.59692557365109,1.61346437790556,3,5,5
"45",0.695271058154749,0.525522739651434,0.198379310970218,0.504510703162634,0.578915484531756,0.0690344979077475,1.56227383613428,1.60575918186525,1.62252517696083,3,5,5
"46",0.683157851349353,0.524789056128379,0.19605249731574,0.504478864130957,0.569317865274878,0.0674676832734108,1.57046967580764,1.61424305891558,1.63115090762357,3,5,5
"47",0.671394033794513,0.524055552655816,0.193860663742745,0.504449971836419,0.559976836284382,0.0659587743702632,1.57852779437256,1.62263275535909,1.63968152532156,3,5,5
"48",0.659977856071526,0.523370604890173,0.191839440637748,0.50442376129176,0.550881371300132,0.0645023204799782,1.58631637464312,1.63072037002756,1.64785555490257,3,5,5
"49",0.648840008409709,0.522706574716263,0.189954663293056,0.504400517642636,0.542020402399866,0.0630993458519771,1.59381803299584,1.63864324201585,1.65584249015657,3,5,5
"50",0.638061790575439,0.522068861501993,0.188167728279785,0.504379751590547,0.533384921851485,0.0617448161324265,1.60125775914685,1.64640244358592,1.66359874569065,3,5,5
"51",0.627642880565634,0.521477983235779,0.186459608417202,0.504361263996416,0.524967286377232,0.0604365879510228,1.60845776548669,1.65394543950653,1.67113239362016,3,5,5
"52",0.617562218753966,0.520901629058579,0.184885006660319,0.504344351916201,0.516759615039312,0.0591735901854963,1.61549583021808,1.66136516800028,1.67836115714645,3,5,5
"53",0.607836530569823,0.520364944142846,0.183376117302869,0.504329337612351,0.508755101570126,0.0579545375865834,1.62223217417209,1.66849943692596,1.68541676972709,3,5,5
"54",0.598330080319326,0.519837321767987,0.181983047279286,0.50431579406536,0.500944849480209,0.0567773005844302,1.62882307758792,1.67556506374757,1.6923193359967,3,5,5
"55",0.589029054820201,0.519326407002523,0.180694878209568,0.50430345124041,0.493320824808043,0.0556375856222344,1.63541604994563,1.6825637974953,1.69920627571724,3,5,5
"56",0.579972428124212,0.518833379464833,0.179512605905436,0.50429198311088,0.485875778126474,0.0545328964650394,1.64181851822207,1.68941925997128,1.7059090791073,3,5,5
"57",0.571087527436898,0.518350438831858,0.178292924208617,0.50428098301226,0.478602507122905,0.0534625618888555,1.64818685397027,1.6962548171302,1.7125787411246,3,5,5
"58",0.562483345567039,0.517885634510965,0.177200401538449,0.504270676170047,0.471495477689553,0.0524261565659094,1.65444930645864,1.70297034538667,1.71908623499759,3,5,5
"59",0.554110516253797,0.517448382486365,0.176123223839049,0.504261255877746,0.46454919797041,0.0514202067418438,1.66056384047627,1.70950289763492,1.72547978407665,3,5,5
"60",0.546037455950255,0.517037560149463,0.175074457907756,0.504252345356851,0.457759626704169,0.0504440995483341,1.66663137917513,1.71585234774775,1.73169429871176,3,5,5
"61",0.53811608917487,0.516629236230072,0.174132939165152,0.504244599530116,0.451120636463741,0.0494961006091108,1.67253307267972,1.72215093518022,1.73786775109466,3,5,5
"62",0.530376314721817,0.516242420102593,0.17325198094097,0.50423730936179,0.444627043989156,0.0485763748332447,1.67834714033995,1.72827337266628,1.74384172508713,3,5,5
"63",0.522857644398247,0.51585711399178,0.172402197196192,0.504230662631541,0.438274325415573,0.0476816217628917,1.68402397257881,1.73435696442582,1.74983299105044,3,5,5
"64",0.515491104488387,0.515484741883102,0.171614717753442,0.504224334733674,0.432057518178381,0.0468113881912323,1.6896273658376,1.74027543505982,1.7556346692979,3,5,5
"65",0.508369109975675,0.515133339233384,0.170826840852802,0.504218420775539,0.425973176053622,0.0459664664276355,1.69509218970842,1.7460399564208,1.76128356092976,3,5,5
"66",0.501375293261829,0.514792735211551,0.170049909364255,0.504213074626282,0.42001649846648,0.0451434613065497,1.70044723063307,1.75178054452954,1.76690595866238,3,5,5
"67",0.494612627971736,0.514470082203099,0.169366469896297,0.50420811133556,0.414184493151159,0.0443423613365208,1.70569653643859,1.75724006754571,1.77226499107155,3,5,5
"68",0.4879285265287,0.514151877492891,0.16864841323109,0.504203344911524,0.408472116125715,0.0435635524639592,1.71085364595167,1.76279399003636,1.77771729939775,3,5,5
"69",0.481430369140211,0.513839313412165,0.167985506330288,0.504198780864348,0.402876170187846,0.0428049155104886,1.71591082824285,1.7681148979721,1.78297592100076,3,5,5
"70",0.475071110791371,0.513528399002008,0.167346952386812,0.504194417220742,0.397393009849784,0.042067868059149,1.72093608277009,1.77345324543878,1.788239108384,3,5,5
"71",0.468877685106254,0.513235679192065,0.166661583911446,0.504190847695842,0.392019530522659,0.0413493672673501,1.7257392224961,1.77861024327847,1.79332130054364,3,5,5
"72",0.462838240493717,0.512967266135234,0.16613370431556,0.504187529593626,0.386752720488587,0.0406499416426076,1.73059110901051,1.78368568081788,1.79837807590774,3,5,5
"73",0.456928395807773,0.512693030441616,0.165580574980613,0.504184628378124,0.381589335720984,0.0399669913510955,1.73530383242768,1.788650221352,1.8033160869406,3,5,5
"74",0.451177033610489,0.51243450845947,0.16505873749081,0.504181663187843,0.376526743475475,0.0393011579370937,1.73997019402241,1.79355044080791,1.80821461842948,3,5,5
"75",0.445597602380877,0.512180559272017,0.164528987617803,0.504178956837194,0.371562558988978,0.0386525438120793,1.74451842920841,1.79829282053794,1.81302511111548,3,5,5
"76",0.440175690275639,0.511952978076118,0.164097988582904,0.504176275561641,0.366694316807536,0.0380197454474511,1.74884089721378,1.80283352960051,1.81759573721195,3,5,5
"77",0.434841873710677,0.511713091817001,0.163643349652175,0.504173881301212,0.361919080144002,0.037402671998393,1.75320694386849,1.8074190950741,1.82221539832764,3,5,5
"78",0.429716504840172,0.511500392327491,0.163236581019723,0.504171839632583,0.357235240546281,0.0368004535244957,1.75728505254444,1.81175205632854,1.82661627382547,3,5,5
"79",0.424720948490989,0.511299939378017,0.162812330986772,0.504169961959401,0.352640520836282,0.0362130817005896,1.76136065259165,1.81609427901526,1.8310199819097,3,5,5
"80",0.419887780851818,0.511112254341043,0.162422972797619,0.504167930767608,0.348133090711976,0.0356393239811269,1.76532447755985,1.82032938953364,1.83534293870119,3,5,5
"81",0.415117650507275,0.510926344915961,0.162059252534872,0.504166325390258,0.343710160347132,0.0350788779928094,1.76931234152306,1.82459839844819,1.83964332704913,3,5,5
"82",0.41053462938685,0.510723958928063,0.161655074859155,0.504164235973812,0.339370229473099,0.0345319957690181,1.77317231122731,1.82869935852168,1.8437883961366,3,5,5
"83",0.40604488993795,0.510554286294865,0.161335789105432,0.504162549562924,0.335111027204996,0.0339972332381222,1.77695988196685,1.83271910406811,1.84790465589681,3,5,5
"84",0.401638021286554,0.510376198231266,0.160896539610967,0.504161280795464,0.330930285908955,0.0334740206484344,1.78074487941163,1.83678290002173,1.85199872791369,3,5,5
"85",0.397326137931236,0.510198011038649,0.160610022644694,0.504159817520037,0.326825885807259,0.0329634109997784,1.78445339954913,1.8407302696528,1.85598260889809,3,5,5
"86",0.393120579772243,0.510052773785218,0.160235527077468,0.50415850534173,0.322795960309824,0.0324660005459491,1.78812099120648,1.84461054153644,1.8598879925786,3,5,5
"87",0.388986494643963,0.509887098176781,0.15996344173424,0.504156914206162,0.31883845204232,0.0319806450374343,1.79170859082669,1.84843387082934,1.86377318795063,3,5,5
"88",0.384955376452297,0.50973282958288,0.1596494356317,0.504155571758371,0.314951659701387,0.0315062144112909,1.79522889634086,1.85218724383856,1.8675683226324,3,5,5
"89",0.38102270206962,0.509579515546731,0.159327931121198,0.50415439095511,0.311134049674809,0.0310430071802424,1.79866394107694,1.85587373268605,1.8712919389877,3,5,5
"90",0.377141916411409,0.509435837513405,0.159054565169062,0.504153247157285,0.307383405930629,0.0305910677743143,1.80205269170398,1.85952288820235,1.87496923283735,3,5,5
"91",0.373365088770778,0.509290592619446,0.158769829418998,0.504152203107065,0.303698486983286,0.0301501563697647,1.80541702716105,1.86303564955663,1.87861897342742,3,5,5
"92",0.369655521792668,0.509150789502787,0.158416050228802,0.504151527727553,0.300077497277991,0.0297185461858289,1.80867493775302,1.86652832503852,1.88211940388064,3,5,5
"93",0.366016341556788,0.509018922583698,0.158171576329219,0.504150323200239,0.296518812537306,0.0292965332714011,1.81188070072016,1.86992753480575,1.88563442368128,3,5,5
"94",0.36245081629808,0.508893323677493,0.157883033007673,0.504149251866227,0.29302093517517,0.0288831273361616,1.81509716748077,1.87330653951656,1.88904573570535,3,5,5
"95",0.358969020348296,0.508763736720903,0.157632667383116,0.504148311556661,0.289582521997284,0.0284790220059973,1.81822168834408,1.87660998435035,1.89243222300181,3,5,5
"96",0.355559407795326,0.508648751366849,0.15732456407241,0.504147365995387,0.286202160321295,0.0280839290409819,1.82129290261417,1.87984652886914,1.89566229235867,3,5,5
"97",0.352226258904253,0.508526756059232,0.157035755894052,0.504146619027641,0.282878683174038,0.0276970645163325,1.82436108484652,1.88299310459202,1.89890734128657,3,5,5
"98",0.348951148490316,0.508419951052306,0.156791688973567,0.504145657562165,0.279610474803489,0.0273188395830374,1.82725278336312,1.886120080373,1.90202605028029,3,5,5
"99",0.345730135769221,0.508294051991188,0.156542150680213,0.504144985369222,0.276396385565426,0.0269480331461714,1.83026735386457,1.88923741222124,1.90518623664959,3,5,5
"100",0.342578590105926,0.508186659811645,0.156254546288041,0.504144333709922,0.273235013542101,0.0265849105958882,1.83311424042551,1.8922402955771,1.9082244219056,3,5,5
"101",0.339462941670728,0.508080648636996,0.156078319926538,0.504143450073931,0.270125159667704,0.026229291729699,1.83600866585679,1.89526992226032,1.91124857413231,3,5,5
"102",0.336393252688722,0.507982968640093,0.155811830294474,0.504142827747538,0.267065339921017,0.0258812415835994,1.83878519936152,1.89820906499175,1.91421394692113,3,5,5
"103",0.333383793986263,0.507882898232758,0.155636353510238,0.504142350702661,0.264054576609395,0.0255394955621288,1.84161471772927,1.90117640963084,1.91715841203831,3,5,5
"104",0.330412367008281,0.507783193973029,0.155406012229925,0.504142051101059,0.261091560882939,0.0252038452013976,1.84433248462222,1.90409881860302,1.92010180703194,3,5,5
"105",0.327506473182725,0.507687249646255,0.155222531534494,0.504141438521836,0.258175424061147,0.024874803268914,1.84706985337456,1.90694013303017,1.92294336693957,3,5,5
"106",0.324646227923847,0.507604893310699,0.155058066171005,0.504141234593141,0.255304964606117,0.0245519482984439,1.84972908637588,1.90974506291279,1.92579944042449,3,5,5
"107",0.321855509621704,0.507505216571658,0.154860181322816,0.504140825818699,0.252479342178677,0.0242358408668403,1.85236173220673,1.91252323121973,1.9285661505702,3,5,5
"108",0.319129783014297,0.507423158310832,0.154716726171675,0.504140477684277,0.249697765407488,0.0239248207214746,1.85491268228888,1.91517480418808,1.93129077555709,3,5,5
"109",0.316419865754503,0.507333382348621,0.154558699775765,0.504140163300737,0.246959044061094,0.0236192745425016,1.85746675686313,1.91790921019363,1.93403967344462,3,5,5
"110",0.313787999078676,0.507249038003684,0.154425998724915,0.504139527150184,0.244262471749861,0.0233188652215987,1.85994150094268,1.92050956292616,1.93667923693084,3,5,5
"111",0.311213726307893,0.507158929470092,0.154280029459376,0.504139136632908,0.24160728282858,0.0230237272918549,1.86239654216723,1.92312220071512,1.93926740349876,3,5,5
"112",0.308661339411683,0.507084418657222,0.154150615214667,0.504139242256405,0.238992454680955,0.0227332649069797,1.86483059952486,1.92567613907669,1.94184747580761,3,5,5
"113",0.306170419379089,0.507000633759986,0.154007816917729,0.504138831544122,0.236417238637563,0.0224476390393712,1.86722935308223,1.9282001302677,1.94435081526214,3,5,5
"114",0.303703718456601,0.5069330281869,0.153819582277681,0.50413843492492,0.233880745642716,0.0221674041761543,1.86960285535661,1.930691594751,1.94684492316834,3,5,5
"115",0.301315494216206,0.506854417077873,0.153697987657082,0.50413828344447,0.231382401151214,0.0218925938056306,1.87195792326552,1.9331780664347,1.94929274612535,3,5,5
"116",0.298950787561046,0.506792387177422,0.153626784943342,0.504138202238025,0.228921339877041,0.0216244768403119,1.87425905048881,1.93553550827664,1.9516711278529,3,5,5
"117",0.296644398478287,0.506721686870851,0.153536334564865,0.504137496100055,0.226496961229801,0.0213612326731911,1.87652148282084,1.93792191094647,1.95399955192183,3,5,5
"118",0.294367414605444,0.506662115843884,0.153427023527956,0.504137470368501,0.224108493543562,0.0211021045399952,1.87880254746666,1.94021673434016,1.9563632803738,3,5,5
"119",0.292136483466782,0.506583777721492,0.153242427296444,0.504137242315963,0.221755236384763,0.020847290969622,1.88102730263489,1.94255772164731,1.95861900129595,3,5,5
"120",0.289962902143925,0.506538265184706,0.153155818193989,0.504137150906427,0.219436629867536,0.0205976333288945,1.88320165255157,1.94473501960278,1.96088221298737,3,5,5
"121",0.287809311933875,0.506469928243995,0.153029702131367,0.504137277411,0.217151885557009,0.0203523796087404,1.88538194675643,1.94701464913181,1.9630890442521,3,5,5
"122",0.285736662428376,0.506411696758079,0.152936321263908,0.504136954091412,0.214900594936916,0.0201113446503939,1.88748329799901,1.94910130811349,1.96522787874175,3,5,5
"123",0.283649220193116,0.506346496776041,0.152790345760642,0.504136978684951,0.212681774155146,0.0198738640065039,1.88959314186186,1.95136047845735,1.96740740921721,3,5,5
"124",0.281646069201532,0.506305041608232,0.152737112852754,0.504136557042087,0.210495120335929,0.0196402362894527,1.89163351205491,1.95336285150782,1.96942844090431,3,5,5
"125",0.279639638898105,0.506248695536889,0.152626538342189,0.504136305662157,0.208339796925721,0.0194099487735074,1.89364119593328,1.95548851579061,1.97152041888965,3,5,5
"126",0.277710942456772,0.506188767695463,0.152608774015217,0.504135987706981,0.206215433932303,0.0191835690939209,1.89563352435745,1.95749841052756,1.97354672096294,3,5,5
"127",0.275793143928774,0.506133973382738,0.152452884811254,0.504136000903201,0.204121321837412,0.0189612640844345,1.89763603195637,1.9595611878078,1.97559161583438,3,5,5
"128",0.273934808994295,0.506087033349636,0.152448639040691,0.504136139703381,0.202056999694485,0.0187425843912704,1.89950554014385,1.96148352236752,1.97749981090455,3,5,5
"129",0.272092860538407,0.506040351930908,0.152283685233982,0.504135882611486,0.200021863038381,0.018527834437808,1.9014391023786,1.96344539290898,1.97947513084311,3,5,5
"130",0.270296165122594,0.505995461459034,0.15230459892238,0.504136269804259,0.198015386829937,0.0183167943753894,1.90323572988272,1.96529382641539,1.98136337268808,3,5,5
"131",0.268539169646833,0.505945381594222,0.152131628671615,0.504135995688106,0.19603713642898,0.0181091156160312,1.9050483188314,1.96717540709384,1.9832917888966,3,5,5
"132",0.266823976062796,0.50590735205585,0.152094834697784,0.504136028947448,0.194086577747793,0.0179044271413495,1.9068194020113,1.96891780596722,1.9851222328764,3,5,5
"133",0.265116711613711,0.505854772544726,0.151967429747734,0.504135647340413,0.192163153199822,0.0177029523611418,1.90857593789281,1.97077822212944,1.98705383775887,3,5,5
"134",0.263474541035859,0.505815061986764,0.151979204775658,0.504135338288122,0.190266522519037,0.0175049229256822,1.91029803224355,1.97246895600405,1.98882015667003,3,5,5
"135",0.261861087476819,0.505780354707538,0.151840795165172,0.504135373580774,0.18839626829417,0.0173095764407402,1.91198292412229,1.97418052586928,1.99062280286879,3,5,5
"136",0.260254272042402,0.505731690905511,0.15185331584236,0.504135423703127,0.186551731719396,0.0171169713530962,1.91367453116314,1.97593434642627,1.99242593347784,3,5,5
"137",0.258690196378982,0.505701096104337,0.15173587880996,0.504135723362809,0.184732589559392,0.0169268959719427,1.91531436132679,1.97760009626058,1.99418097353971,3,5,5
"138",0.257127480911646,0.50566135334396,0.151674865236092,0.504135275743868,0.182938211428726,0.0167392435788445,1.91696339053323,1.97926360874613,1.99593599707352,3,5,5
"139",0.255622540531218,0.505622704138835,0.151668192899198,0.504135356690953,0.181168323563007,0.0165546665045971,1.9185793134481,1.9809136287781,1.99768102428335,3,5,5
"140",0.254111550373009,0.505588772646363,0.151570513076221,0.504135336955911,0.179422342263995,0.0163728894795727,1.92018806273602,1.98257523842329,1.99937761899461,3,5,5
"141",0.252656698228358,0.505546250766513,0.151568903019958,0.504135481432793,0.177700036311876,0.0161935650172816,1.92177361892074,1.98419033518795,2.0010732853067,3,5,5
"142",0.251216969364714,0.505516381095543,0.15149172816887,0.50413494290489,0.176000914334638,0.0160169530554277,1.92330981203024,1.98573874816989,2.00270671078698,3,5,5
"143",0.249794718675142,0.5054740647012,0.151438731630457,0.504135054724376,0.174324607873146,0.0158427441025818,1.92489592933986,1.98732997390997,2.00437153809696,3,5,5
"144",0.248396178442881,0.505449043328577,0.151421266593781,0.504134904730217,0.17267062670282,0.0156712773911136,1.92638340897151,1.98883276400416,2.00597516441516,3,5,5
"145",0.247032651424064,0.505420287080382,0.151394993080755,0.504135087414024,0.171038679006679,0.015502573739126,1.92783339531071,1.99034789010886,2.00756851615403,3,5,5
"146",0.245658786405077,0.505390785347493,0.151301984894775,0.504135233739171,0.169428214706871,0.0153362761077024,1.92933321580142,1.99190489799037,2.00918650380132,3,5,5
"147",0.244327466638946,0.505363424175865,0.151351820845356,0.504135231274521,0.167838914602107,0.015172712841251,1.93077630181661,1.99338593793299,2.01079122570191,3,5,5
"148",0.243011058431127,0.505340491716883,0.151182452276473,0.504135254038292,0.16627048068617,0.0150118962364781,1.93221348912986,1.99481453758135,2.0122619799266,3,5,5
"149",0.241710278853056,0.505308314819883,0.151266676731571,0.504135199601191,0.164722431409214,0.0148531538714377,1.9336087641637,1.99623788338189,2.01382967482816,3,5,5
"150",0.240436379340487,0.505278516148394,0.151108827861337,0.504134833057511,0.163194530438796,0.0146967057202381,1.93500457844454,1.99761424280997,2.01530560679191,3,5,5
"151",0.2391732733667,0.505252432770894,0.151120708222123,0.504134690194485,0.161686300543889,0.0145420476697631,1.93634617460073,1.99898003016936,2.01679149547689,3,5,5
"152",0.237926403557737,0.505219321124463,0.151066882576536,0.50413468475997,0.160197523024518,0.0143898468773863,1.93775879659738,2.00036028793594,2.01826855417629,3,5,5
"153",0.236716502568814,0.505204858819281,0.151065422199439,0.504134561074734,0.158727815866523,0.0142401893805749,1.93906959660341,2.001689764557,2.01974266980917,3,5,5
"154",0.235514194663975,0.505164412661762,0.150984889036654,0.504134775488122,0.157276897905224,0.0140933975407963,1.94041170042897,2.00298352932882,2.02117094598974,3,5,5
"155",0.234328012114224,0.505148536320808,0.15103852503843,0.504134717350631,0.155844469817742,0.0139490788028305,1.94178017480744,2.00435377048536,2.02264841546184,3,5,5
"156",0.233180777132802,0.505124194952822,0.150868376752837,0.504135005503456,0.154430279388978,0.0138069037321629,1.94306636785145,2.00563281670543,2.02406774184827,3,5,5
"157",0.23203112312039,0.5050964808872,0.150923512802514,0.504134963307357,0.153034009109927,0.0136666965133093,1.9444055541385,2.00695362028018,2.025517057929,3,5,5
"158",0.230910991326268,0.505076728322062,0.150802691356523,0.504135053509253,0.151655358010545,0.0135280980476437,1.94573355505966,2.00824517050929,2.02694289446751,3,5,5
"159",0.229797569560787,0.505045046735382,0.150888078451134,0.504134369520576,0.150294003717636,0.0133910798413718,1.94700097498231,2.00954450311785,2.02837490291298,3,5,5
"160",0.228720776306644,0.505031511691025,0.150818367100195,0.504134649166317,0.148949759308185,0.0132558325288942,1.94828891781904,2.01081739389339,2.0297500745169,3,5,5
"161",0.22762148512825,0.505003279603579,0.150809385379916,0.504134864589612,0.147622184267585,0.0131224572065468,1.94957588998126,2.01213470370321,2.03119788499255,3,5,5
"162",0.226572529263346,0.504991377075712,0.150803913405654,0.504134617600332,0.146311199345083,0.0129911088584667,1.95082414554635,2.01334284179055,2.03249208451289,3,5,5
"163",0.22551572631402,0.504969023631054,0.150752793391202,0.504134556210778,0.145016392333528,0.0128615934547439,1.95207094139998,2.01461234638739,2.03386989762769,3,5,5
"164",0.224495509084611,0.504947829453567,0.150716685118047,0.504134792645789,0.14373758483878,0.0127340596692559,1.95328107074433,2.01580300548367,2.03516127990699,3,5,5
"165",0.223487083684807,0.504928343236784,0.150720231046366,0.504134765604661,0.142474532293966,0.0126083871589544,1.95448296311821,2.01702165490208,2.03646742698853,3,5,5
"166",0.222500338124972,0.504912431040511,0.150700844086735,0.50413468281592,0.1412269976586,0.0124843081558067,1.95569576769631,2.01819633276375,2.03775968199887,3,5,5
"167",0.221520704221037,0.504893598726375,0.150632659939786,0.504134577397743,0.13999473164743,0.0123620523501885,1.95687085899887,2.01940797117789,2.03901641459313,3,5,5
"168",0.220556531250194,0.504874622874792,0.150646301525888,0.504134303125763,0.138777468470914,0.012241306835062,1.95807089749734,2.02059998151093,2.04034024637166,3,5,5
"169",0.219622845329437,0.504856345440896,0.150594637142679,0.504134473288055,0.137575041891859,0.0121225528813008,1.95923784086683,2.02180643901215,2.04158453084621,3,5,5
"170",0.218685325668063,0.504843302744146,0.150623894662734,0.504134787797694,0.136387122967761,0.0120055717098803,1.96037316097503,2.02295400933916,2.04281184247197,3,5,5
"171",0.217777756646144,0.504821837610153,0.150590349622028,0.504134799125859,0.135213565670319,0.0118904410578041,1.96153156491257,2.02416420448163,2.04407103190209,3,5,5
"172",0.216878374736382,0.504805899886922,0.150598729050881,0.504134488572649,0.13405408705927,0.0117766572079792,1.96267873600273,2.02534319498201,2.04534595800289,3,5,5
"173",0.215992148941959,0.504793161834003,0.150540478537834,0.504134728730043,0.132908473909773,0.0116646689713462,1.96377339162099,2.02648401345006,2.04652277567943,3,5,5
"174",0.215109254082896,0.504768428832674,0.150583740213633,0.504134721901642,0.131776478709792,0.011553922935602,1.96492751601421,2.02766191748224,2.0478128215989,3,5,5
"175",0.214252788297833,0.504762436877525,0.150456812218934,0.504134683175753,0.130657911288615,0.0114445702107225,1.96599374019552,2.02879041396253,2.04900063843972,3,5,5
"176",0.213410531163796,0.504743033309257,0.150473633812395,0.504134584106235,0.129552638934587,0.0113365180689892,1.96712630387627,2.02993469238577,2.05022686320074,3,5,5
"177",0.212570198645098,0.504735844524863,0.150468660748187,0.504134711784082,0.128460345352569,0.0112298127503506,1.96817233084222,2.03099846532537,2.05138191193773,3,5,5
"178",0.211747151302584,0.504715781970255,0.150518359155023,0.50413519706559,0.127380912921815,0.0111243314631144,1.96934497909263,2.03218136611956,2.05267162858726,3,5,5
"179",0.210935100077615,0.50470683410765,0.150461384017776,0.504134676553149,0.126314089462028,0.0110200731291666,1.97034867505769,2.03319899247573,2.0537777173064,3,5,5
"180",0.210142555717086,0.50468472707134,0.150467329597389,0.504134519154368,0.125259772200996,0.0109169279049427,1.97142779571327,2.03429880488931,2.05500136927447,3,5,5
"181",0.209375928465248,0.50467942185655,0.150445281579592,0.504134663245457,0.124217810583807,0.0108153646763882,1.97244081774428,2.03530405724041,2.05609352975884,3,5,5
"182",0.208618944036864,0.504661907141931,0.150437882688842,0.504134326885476,0.123188020824883,0.0107152122611479,1.97345184829761,2.03638377135137,2.05723595034295,3,5,5
"183",0.207869250142519,0.504659887608178,0.150415769953713,0.504134664020518,0.122170223551023,0.0106163221676001,1.97443813158445,2.03735740215452,2.0583071806048,3,5,5
"184",0.20713091134646,0.504641163984077,0.150443996672815,0.504134383433506,0.121164210668662,0.0105186595626829,1.97541170328105,2.03836662961328,2.05942481328134,3,5,5
"185",0.206409158925843,0.504632741338149,0.150365925093358,0.504134842438494,0.120169855418515,0.0104222735948859,1.97636856563045,2.03933070596117,2.06045837516683,3,5,5
"186",0.205703190895603,0.504622672694088,0.150470404822096,0.50413458429069,0.119187011956769,0.0103270041792638,1.97734516001945,2.04034006157401,2.06151538145922,3,5,5
"187",0.205000044385746,0.504605962268928,0.150336192511812,0.504134738077023,0.118215457719272,0.0102329817114035,1.9782779409876,2.04130666667521,2.06256995826345,3,5,5
"188",0.204322076828594,0.504606492853814,0.150436871201683,0.504134506037436,0.117255097852737,0.0101402466451462,1.97920205714812,2.04223931983151,2.06354209274979,3,5,5
"189",0.203647409900615,0.504592540337973,0.150354176260621,0.504134361414739,0.116305708989655,0.0100484705381264,1.98005517435488,2.04311475719005,2.06451318419075,3,5,5
"190",0.202976885209365,0.504578356137625,0.1503604513772,0.504134230502508,0.115367140708053,0.00995780404764357,1.98098962544175,2.04409171244555,2.06552816358928,3,5,5
"191",0.202343285513423,0.504576793372005,0.150323312765084,0.504134715330249,0.114439306892377,0.00986837891530434,1.98180023079103,2.04487654437104,2.06642327429996,3,5,5
"192",0.201693449903034,0.504563034252931,0.150338172951938,0.504134563036949,0.113521987578639,0.0097800833358902,1.98271733945181,2.04582268271368,2.06741939692272,3,5,5
"193",0.201071256624163,0.504555258642887,0.150282045554586,0.504134588580654,0.112615047044215,0.00969285105876727,1.98350078670324,2.0466121562427,2.06830410632037,3,5,5
"194",0.200447476712582,0.504542302641744,0.150310915469147,0.504134244617032,0.11171833096339,0.00960649777997336,1.9843733682077,2.04750104108831,2.0692692358744,3,5,5
"195",0.199840005994735,0.504537065305195,0.150239831447174,0.504134382917151,0.110831698281703,0.00952122263537591,1.9851653995204,2.04827091125752,2.07011682206765,3,5,5
"196",0.199242670324375,0.50452957031902,0.150272881839802,0.5041345371948,0.109955017145044,0.00943700491515986,1.98596283971125,2.04912657286987,2.07104082155385,3,5,5
"197",0.198651201840309,0.50451719007237,0.150160865972863,0.504134896114765,0.109088116163152,0.00935372839581594,1.9867205980909,2.04989464813336,2.07185663425125,3,5,5
"198",0.198069533949877,0.50450998499684,0.150250014555299,0.504134414324185,0.108230856663203,0.00927134609068325,1.98747218569765,2.05065578812403,2.07271931159424,3,5,5
"199",0.197510203949247,0.504502589770861,0.150197880759686,0.504134082819276,0.107383154420889,0.00919011205855391,1.98822932089735,2.05140927367847,2.07354953914731,3,5,5
"200",0.196955614640525,0.504494787266587,0.150259521586654,0.504134215093211,0.106544855825578,0.00910969578422716,1.98898929172949,2.05220587652295,2.07441010522389,3,5,5
"201",0.196423790979744,0.504493226078788,0.150197826377307,0.504135016830913,0.105715888357045,0.00903016320806049,1.98967716827526,2.05292642236071,2.07517674573703,3,5,5
"202",0.195883485170521,0.504479242637027,0.150290139410982,0.504134632751238,0.104896038509891,0.0089515516292048,1.99039256594014,2.05370970686525,2.07603391053186,3,5,5
"203",0.195362151199826,0.50447091447771,0.150239819836201,0.504134672930036,0.104085228703896,0.00887387389173644,1.99108457345412,2.05440806495357,2.07678229325243,3,5,5
"204",0.194832170337899,0.504466693357945,0.150232351070331,0.504134553167162,0.10328328062261,0.00879737105538647,1.99180134410042,2.05518753640559,2.07762296751664,3,5,5
"205",0.194329110012139,0.504460665501188,0.150248094591823,0.504134288768511,0.102490129733509,0.00872210270399376,1.99247081071193,2.05591236461998,2.07838355337854,3,5,5
"206",0.19382611601554,0.504449425560151,0.15020304732772,0.504134294163731,0.101705639765001,0.00864770399871051,1.99319283740106,2.05668908984534,2.07918545108721,3,5,5
"207",0.193329392045276,0.50445014005452,0.1502220751681,0.504134467275979,0.100929679916231,0.00857413100120918,1.993850707806,2.05740143035939,2.07994198541165,3,5,5
"208",0.192837291726835,0.504432414577433,0.150209560832691,0.504134588996643,0.100162122247324,0.00850122592706359,1.99454220623739,2.05817291666654,2.08073866704044,3,5,5
"209",0.192351139183928,0.504431744242594,0.150204774360113,0.50413422421735,0.0994028304625336,0.00842904197656613,1.99517904718897,2.05886102304201,2.08147850684939,3,5,5
"210",0.1918853133964,0.504423939384214,0.150198737842225,0.504134751963545,0.0986517558853569,0.00835760879205505,1.99584407697814,2.0596387113404,2.0822529450709,3,5,5
"211",0.191413758041674,0.504419827517212,0.150226409047909,0.504134437008767,0.0979087541549331,0.00828710380338504,1.99652129866443,2.06030531746064,2.08300136732513,3,5,5
"212",0.190951218327795,0.504410556224281,0.150170729015247,0.504134264011688,0.0971736999802966,0.00821764890170995,1.99715142239806,2.06106712179774,2.08375116228025,3,5,5
"213",0.190510087599729,0.504410970955913,0.15017728598986,0.504134480505031,0.0964465308114145,0.00814917057577114,1.99772583487411,2.0616680661433,2.08439714848674,3,5,5
"214",0.190060539411872,0.504396297662025,0.150151451210593,0.504134431394825,0.0957271092190092,0.00808166683803113,1.99840447193624,2.06244615394652,2.08519086351179,3,5,5
"215",0.18962512624567,0.504403404413786,0.150213053956408,0.504134320492921,0.0950153346245265,0.00801519150929764,1.99897841718892,2.06306430512527,2.08583287967151,3,5,5
"216",0.189196908434207,0.504396932434633,0.150180295223058,0.504134420134264,0.0943111227712892,0.00794957900170856,1.99958946592647,2.06376293128348,2.0865281467333,3,5,5
"217",0.188779437104673,0.504390033523762,0.150223590808884,0.504134111358058,0.0936143620485206,0.00788495367657027,2.00013633298512,2.06439063614132,2.08717664152234,3,5,5
"218",0.188371743615471,0.504381966809713,0.150127365167027,0.50413451142058,0.0929249750952803,0.00782125127027211,2.00074556625596,2.06504363394957,2.08786102875117,3,5,5
"219",0.187954058379034,0.504379176374055,0.150192181996956,0.504134479779778,0.0922428087620592,0.00775832406654531,2.00128028302641,2.0656658885573,2.08850268977637,3,5,5
"220",0.187556067562708,0.504375135339423,0.150096477359219,0.504134901374802,0.0915678172884517,0.00769609925200043,2.00186485222347,2.06633917247537,2.08914590300002,3,5,5
"221",0.187151221867463,0.504369614972672,0.150194709051351,0.504134487494201,0.0908998566495595,0.00763450465741788,2.00242251454556,2.06696110908431,2.08980811900154,3,5,5
"222",0.186769401953142,0.504367841613391,0.150098780903959,0.504134660735858,0.0902388799218402,0.00757360546317998,2.00295451256961,2.06757081336767,2.090372570268,3,5,5
"223",0.186381501868594,0.504367248511634,0.150177498546614,0.50413473330166,0.089584765611864,0.00751363127439253,2.0034770146361,2.06820201414082,2.09104299994146,3,5,5
"224",0.186000851589335,0.504354195646734,0.150115054589604,0.504134270731352,0.0889374264180038,0.00745443876608864,2.00404607388131,2.0688263295489,2.09163702007978,3,5,5
"225",0.185620132452458,0.504359315250135,0.150115378849187,0.50413420168349,0.0882967668121054,0.00739607474487081,2.00456145785343,2.06943107737632,2.09223458715601,3,5,5
"226",0.185247603195751,0.504347558158383,0.150156839582439,0.504134258246142,0.0876626976911531,0.00733828871276654,2.0050885045649,2.07000965515365,2.09282299089925,3,5,5
"227",0.184890532376351,0.504343035728992,0.150081905462698,0.504134667711234,0.0870351678499372,0.0072811555078226,2.00557954231328,2.07058994110947,2.0933814310349,3,5,5
"228",0.184527932024891,0.504337892403309,0.150114022748553,0.5041343451661,0.0864140537030853,0.00722462109330679,2.00607621646065,2.07113742317944,2.09392399580072,3,5,5
"229",0.184173927966149,0.504342013326421,0.150009186752826,0.504134676071919,0.0857992885585594,0.00716882026010524,2.00657652060893,2.07172015791957,2.09451641247243,3,5,5
"230",0.183846722546592,0.504335535427411,0.15005495883209,0.504134345863071,0.0851908576684961,0.00711367610072111,2.00705142832846,2.07221824073373,2.09496088506114,3,5,5
"231",0.183489753105348,0.50433664259852,0.149985963741868,0.504134716959973,0.0845886079353568,0.00705912836730749,2.00754044605011,2.07280873973315,2.09552369769069,3,5,5
"232",0.183159466415116,0.50432807703228,0.150068287080453,0.504134356712851,0.0839924823144523,0.00700517564618652,2.00798057186475,2.0733050491603,2.095975770165,3,5,5
"233",0.182821328173569,0.504323890350477,0.14994885412668,0.504134304837857,0.0834023929493323,0.00695196049318536,2.00841560365239,2.0738115736493,2.09645302159252,3,5,5
"234",0.18249990231949,0.504327506060757,0.150039713269142,0.504134312551862,0.0828182726574909,0.00689946866259694,2.00886641634197,2.07431218464999,2.09689630086032,3,5,5
"235",0.18217667200255,0.504320766703163,0.149950718287587,0.50413442236102,0.0822400403140906,0.00684763663542431,2.00929081499924,2.07482547501628,2.09738798436656,3,5,5
"236",0.18186868405707,0.5043197569529,0.150065402678373,0.5041343515413,0.0816676369679375,0.00679653089891619,2.00969267314223,2.07528153792676,2.09778604043727,3,5,5
"237",0.18154030704124,0.504313243371561,0.149941755931798,0.504134612434418,0.0811009325990154,0.00674591662480728,2.0101174295982,2.07580342268721,2.09829125809261,3,5,5
"238",0.181252548597141,0.504317273051256,0.15001600925413,0.504134306570411,0.0805399524049417,0.00669596889508461,2.01056701652388,2.07629015074747,2.09870606434617,3,5,5
"239",0.180948250400586,0.504308867013571,0.149941748780834,0.504134849535416,0.0799845514001786,0.00664645362992589,2.01090861652077,2.07672337368819,2.09912567202712,3,5,5
"240",0.180647156383945,0.504304348847906,0.150040235750731,0.504134518109313,0.0794346707335248,0.00659748636241064,2.01134061416607,2.07724143083325,2.09958732140211,3,5,5
"241",0.180351978884278,0.504300419513449,0.149995878140517,0.504134738304145,0.0788902492849523,0.00654913860495698,2.01173462147432,2.07772323013012,2.10003683691506,3,5,5
"242",0.180063590580548,0.504297774213906,0.150047127908709,0.504134403820758,0.078351231811843,0.00650148984520571,2.01213188487653,2.07815190472683,2.10041644077593,3,5,5
"243",0.179771513095945,0.504297032050054,0.149986758287023,0.504134674140329,0.0778175127096301,0.00645452964627313,2.01251872146992,2.07862668449793,2.10086324331266,3,5,5
"244",0.179481852595733,0.5042937011165,0.150027128548589,0.504134550637188,0.0772890155748577,0.00640797221851608,2.01294276096354,2.07911868885272,2.10130176965736,3,5,5
"245",0.179208207275889,0.504284476763474,0.150035373349844,0.504134670556033,0.0767657244274384,0.00636188459291032,2.01331445302107,2.07957154735439,2.1017191935681,3,5,5
"246",0.178910231286166,0.504290323831187,0.14998048958973,0.504134794391522,0.0762475005759274,0.00631645470893072,2.01373930330017,2.08004429082341,2.10214874871995,3,5,5
"247",0.178633600633426,0.50428506627931,0.14998052508123,0.504134417622438,0.0757343201088584,0.00627147628389624,2.01412726598048,2.08051339485669,2.10258265414109,3,5,5
"248",0.178365264066292,0.504283699905011,0.14995586760917,0.504134253965087,0.0752261173386253,0.00622714717205486,2.01451319636376,2.08094665085522,2.10298289349081,3,5,5
"249",0.178072123383017,0.504282286727587,0.150013839110431,0.504134368473292,0.0747227814987221,0.0061832411170073,2.01491970045562,2.08143686212548,2.10342262730762,3,5,5
"250",0.17781037152821,0.504281299760745,0.149990252635407,0.504134015495363,0.0742243026073818,0.00613983228208481,2.01531363619303,2.08188481729691,2.10384595768857,3,5,5
"251",0.17753366534532,0.504274175505003,0.149968663935131,0.504134455675606,0.0737305882185679,0.00609677390342933,2.01568394318449,2.08234089344461,2.10426060688721,3,5,5
"252",0.177273496417808,0.504278337185361,0.1499821567266,0.504134653735463,0.0732415885969537,0.0060542246050026,2.01607784105815,2.08279359497926,2.10464683058789,3,5,5
"253",0.177004451038136,0.504273519017231,0.149968991241085,0.504134458938159,0.0727572305849511,0.00601210863485668,2.01643828050689,2.08322032407793,2.10508756406364,3,5,5
"254",0.176741243347587,0.504272898561683,0.149985922465659,0.504134476054443,0.0722774645027781,0.00597046237063836,2.01682968488728,2.08369816215541,2.10549812938689,3,5,5
"255",0.176493439773489,0.504270469913168,0.149985735708312,0.504134364226463,0.0718022473678382,0.00592912520038114,2.01717317964385,2.08411025914133,2.1058999626816,3,5,5
"256",0.176233881344411,0.504265534071461,0.150007151420099,0.50413458359295,0.0713314943925187,0.00588822556964474,2.01754435104421,2.08456203705678,2.10633030208848,3,5,5
"257",0.175978006923483,0.504260059720532,0.149984509947823,0.504134534547764,0.0708651573470658,0.00584770565842585,2.01791705475686,2.08501377030978,2.106753681767,3,5,5
"258",0.175742669967556,0.504264191758742,0.149999487010926,0.504134709270271,0.07040319693788,0.00580758143502536,2.01824613997529,2.0853944385475,2.10714312365068,3,5,5
"259",0.175490193289999,0.504256158395478,0.14998977063859,0.504134357886759,0.0699455313452208,0.00576786469615165,2.01862501946822,2.08588371462332,2.10757639572553,3,5,5
"260",0.175236333755557,0.504257530866029,0.149962829562956,0.504134262807035,0.0694921093061966,0.00572852060764861,2.01900317487387,2.08633291281584,2.10803056290739,3,5,5
"261",0.175011745228968,0.504257672113789,0.149976384701877,0.504134383998741,0.0690429115038817,0.00568955752428879,2.01931536282449,2.08672179795228,2.10840693139914,3,5,5
"262",0.174766032973173,0.504251773234315,0.149963801055483,0.504134600300872,0.0685978477539953,0.00565099961921633,2.01970195046523,2.08715666120285,2.10882633893532,3,5,5
"263",0.174527674986484,0.504250799926279,0.149911797347491,0.504134447550961,0.0681568785069018,0.00561272703240767,2.02004592692942,2.08762210317763,2.10927234347331,3,5,5
"264",0.174298352851659,0.504256325036046,0.149841331785099,0.504134717149277,0.0677199760991272,0.00557482743866666,2.02037648595806,2.08800552943261,2.10965193292368,3,5,5
"265",0.174070796459983,0.504244356879115,0.149914493532918,0.504134392903254,0.0672870742618839,0.00553714641805614,2.02069469552276,2.08841733532665,2.11007108443232,3,5,5
"266",0.173838188902706,0.504242235557091,0.14995415907992,0.504134435843684,0.066858137850811,0.00549979127647349,2.02107969632902,2.08884449207571,2.11051081372461,3,5,5
"267",0.173621818316682,0.504246415012936,0.149877378926675,0.504134874736695,0.0664331135324937,0.00546279287376239,2.02137246594484,2.08925483523199,2.11088590805044,3,5,5
"268",0.173390212370233,0.504238011109256,0.149955002111426,0.504134562750148,0.0660119395524442,0.00542617727540795,2.02171693335693,2.08965506787779,2.11129889641377,3,5,5
"269",0.173192036287975,0.504240609853711,0.149880976961118,0.504134569514372,0.0655946338100744,0.00538991001292566,2.02202167459965,2.09004354917206,2.11169653765363,3,5,5
"270",0.172970134087052,0.504237658682292,0.149971011152187,0.504134461467753,0.0651810906960509,0.00535393975928622,2.02232887668142,2.09041451115957,2.11206861661041,3,5,5
"271",0.172765297028503,0.504234643199434,0.149906511497717,0.504134486794963,0.064771298431574,0.00531840514411908,2.02263772777206,2.09080228806488,2.11244740850436,3,5,5
"272",0.172559395371601,0.504237281839437,0.149984996932033,0.504134284167903,0.064365211305618,0.00528331929183046,2.02295476429339,2.09119432052177,2.11286090071868,3,5,5
"273",0.17236213121648,0.504232164070792,0.149889911207082,0.504134314304378,0.063962796820675,0.00524852239333284,2.02326392128253,2.09158261995992,2.11323507371416,3,5,5
"274",0.172149051859976,0.504233641343286,0.149928275553526,0.504134216070629,0.0635639661817119,0.00521415712988615,2.02354869487638,2.09195919821869,2.11361098290014,3,5,5
"275",0.171957732257599,0.504228972422782,0.149918744425895,0.504134839478099,0.0631687205758899,0.00518025342481676,2.02384326448071,2.09232484647094,2.11397152448534,3,5,5
"276",0.171753855892622,0.50422929251889,0.149945795904459,0.504134268378233,0.0627769981918033,0.00514675057641523,2.02415612505501,2.09273556571685,2.11439483291469,3,5,5
"277",0.1715629069955,0.504226346443762,0.149888653528259,0.504134483196919,0.0623887605366124,0.0051135033794234,2.02443733991269,2.09308895818938,2.11473138908518,3,5,5
"278",0.17136720183117,0.504224846792086,0.149960379251683,0.504134431120327,0.0620039610940145,0.00508053361196203,2.02471926915879,2.09346703369553,2.11510521546526,3,5,5
"279",0.171169247207553,0.504226197788875,0.149891586574705,0.504134958814254,0.0616225534571443,0.00504790437296976,2.02502532033052,2.09384094829454,2.11547261901115,3,5,5
"280",0.170984177820194,0.504220395929245,0.149948466222522,0.50413442826419,0.0612445208621031,0.00501553267850319,2.02530241369635,2.09421759367966,2.11583760235885,3,5,5
"281",0.170794558997732,0.504221791362543,0.149814786699475,0.504134227090693,0.0608698008984452,0.00498356826847812,2.02560567139398,2.09459337267529,2.11619961414832,3,5,5
"282",0.170602967429196,0.504217174466478,0.149996804862514,0.504134241691817,0.0604983628256575,0.0049519440264606,2.02589166699908,2.0949784531708,2.11657595118152,3,5,5
"283",0.170423172921834,0.504220482629675,0.149865839197593,0.50413461533118,0.0601301771679818,0.00492063325181225,2.02617689438225,2.09534951212767,2.11689928357954,3,5,5
"284",0.170246254829501,0.504220994263091,0.14989771339395,0.504134478104762,0.0597652108654159,0.0048896484093478,2.02642543655069,2.09569838905687,2.11726136964149,3,5,5
"285",0.170060281250503,0.504212876511073,0.149870369831917,0.504134447629431,0.0594034092157983,0.00485884701121064,2.02673783446678,2.09608780106171,2.11760006068013,3,5,5
"286",0.169883256211483,0.50421381378963,0.1499242004361,0.504134472536969,0.059044752226827,0.00482831197436573,2.02699365470911,2.09644494462274,2.11794663644259,3,5,5
"287",0.169709879312014,0.504213499341624,0.149861635906183,0.504134951715604,0.0586892040852576,0.00479812493099718,2.02725905917765,2.09680128666576,2.11826104637514,3,5,5
"288",0.169534629883219,0.50421436350299,0.149958911956304,0.504134348986009,0.0583367249411855,0.00476821631743329,2.02754809518501,2.09718294469111,2.11862591883254,3,5,5
"289",0.169365936983033,0.50420850288574,0.149867130969006,0.504134424415758,0.0579872999508024,0.0047385812662889,2.02778229851301,2.09749170672643,2.11889993673742,3,5,5
"290",0.169190688702633,0.504211651718484,0.149893975669158,0.504134258583953,0.0576408708612978,0.00470930682489601,2.02807273426473,2.09786051032644,2.11925406393048,3,5,5
"291",0.16902382935585,0.504205195989164,0.149863921401825,0.504134657355412,0.0572974257413219,0.00468029396332781,2.0283279336236,2.09815083912015,2.11952123379487,3,5,5
"292",0.168859528043094,0.504212367130894,0.149915984824688,0.504134331111734,0.0569569387589198,0.00465155470833123,2.0285813408916,2.09847845353863,2.11984697611331,3,5,5
"293",0.168697694105501,0.504205739005342,0.149913318892569,0.504134351570162,0.056619352629246,0.0046229892038302,2.02879744065926,2.09877381487015,2.12009535949856,3,5,5
"294",0.168521521781725,0.504203566629877,0.149961645518906,0.504134231507946,0.0562846507036182,0.00459468389521689,2.0291014647485,2.09911386380489,2.12042442793425,3,5,5
"295",0.168376131383154,0.504208123542493,0.14985633677388,0.504134527083819,0.0559528021744338,0.00456661836203442,2.02926688441891,2.09935364958746,2.12064873452004,3,5,5
"296",0.168207700791527,0.504201229319189,0.149943635991673,0.504134526676335,0.0556237732452907,0.00453876577712731,2.02955076085278,2.09968374476748,2.12096876238252,3,5,5
"297",0.168060793588702,0.504200709536251,0.149869145221998,0.504134820140987,0.055297536549407,0.00451116003501084,2.02974566187825,2.09995322381561,2.12120679516682,3,5,5
"298",0.167890654106562,0.504200191249359,0.149940550224414,0.504134349139497,0.0549740453134403,0.00448380514753355,2.03001507114792,2.10026698147514,2.12151143199405,3,5,5
"299",0.167753202460896,0.504202950601258,0.149839840249189,0.504134199566986,0.0546532932881912,0.00445671918037782,2.03017334083533,2.10049834838434,2.12170874010758,3,5,5
"300",0.167591701704267,0.504198841735226,0.149913117298938,0.504134405686192,0.0543352404472285,0.00442989215249812,2.03045285540539,2.1008320060002,2.12202743016839,3,5,5
"301",0.167446616889378,0.504198106977673,0.149819841133812,0.504134387458157,0.0540198439199801,0.00440332173478664,2.03062006520657,2.10107667819899,2.12225038002165,3,5,5
"302",0.16728351604511,0.504196091279425,0.149918617232166,0.504134514400193,0.0537070778421514,0.00437695174619068,2.0308794478123,2.10138086742181,2.12253468200478,3,5,5
"303",0.167141421672546,0.504198094297943,0.149801277975697,0.504134691931376,0.0533969160781994,0.00435078699117464,2.03107183521792,2.1016530755976,2.12277169549734,3,5,5
"304",0.166987582853889,0.50419497122801,0.149904841152959,0.504134374886039,0.0530893252874449,0.0043248708448278,2.03131165637091,2.10193581875789,2.12305402734379,3,5,5
"305",0.166841916976721,0.504193489698265,0.149854368797588,0.504134280190906,0.0527842796122246,0.00429913374835023,2.03150785081064,2.10219982469278,2.12327802008091,3,5,5
"306",0.166688381957526,0.504192633770206,0.149872235038807,0.504134172354592,0.0524817533059058,0.00427362766123973,2.03176035440135,2.10251361856164,2.12358221534793,3,5,5
"307",0.166554740140683,0.504194516220154,0.149797440439962,0.504134557926235,0.052181726508242,0.00424836373133919,2.03193207491511,2.10273109273071,2.12376712351415,3,5,5
"308",0.166410665172023,0.504191273850858,0.149843079390757,0.50413419502666,0.0518841577702659,0.00422334534180391,2.03214715244718,2.10301696479837,2.12404453758202,3,5,5
"309",0.16628546357509,0.504192346370112,0.149836440571208,0.504134361738181,0.0515890553817953,0.00419855089633003,2.03234150550043,2.10326667937318,2.12427826701366,3,5,5
"310",0.166138226421792,0.504189009818165,0.149867648621929,0.504134399391215,0.0512963658110866,0.00417393852984871,2.03255117625601,2.10353026892357,2.12452860938214,3,5,5
"311",0.166017402217991,0.504190040795306,0.149885546066488,0.504134590082673,0.0510060714776388,0.00414956833016111,2.03270486603249,2.10375199008429,2.12473058628757,3,5,5
"312",0.165866532069804,0.504189917332859,0.149891609563586,0.504134621438325,0.0507181469968056,0.00412539180298499,2.03294845898384,2.10402693055787,2.12502228981415,3,5,5
"313",0.165746742618303,0.50418623025436,0.149879591866615,0.504134606282955,0.0504325710186471,0.0041013620709085,2.03310156733312,2.10423489360533,2.12520910760385,3,5,5
"314",0.16561097039864,0.504188894514429,0.14991713650873,0.504134440555509,0.0501493148325482,0.00407754356811607,2.0333149495815,2.10451315143503,2.12545560550778,3,5,5
"315",0.165487465503833,0.504187469179825,0.149879720461821,0.504134718849352,0.0498683465797955,0.00405390082940116,2.03347856960749,2.10470747639356,2.1256721408881,3,5,5
"316",0.16533695024415,0.504184637464305,0.149931801365451,0.504134572065312,0.0495896425723805,0.00403042477866478,2.03371351790446,2.10500115444198,2.12594722004805,3,5,5
"317",0.16523160568672,0.504187495927904,0.149895601236935,0.504134508280539,0.0493131884906657,0.00400709007946187,2.03385296030745,2.10516997278108,2.12614860587905,3,5,5
"318",0.165097656281303,0.504189600034953,0.149980021755503,0.504134588814911,0.0490389554658861,0.00398393540657371,2.03405043903645,2.10542215378976,2.12637424365473,3,5,5
"319",0.16497154293422,0.504183012330759,0.149905618306342,0.504134204342146,0.0487669141607793,0.00396094545088965,2.03422852641714,2.10562068517741,2.1266074872558,3,5,5
"320",0.164849016609068,0.504184453920529,0.149928783519783,0.504134158923157,0.0484970519295146,0.00393815808906772,2.03441869544201,2.10588008254005,2.12684077040563,3,5,5
"321",0.164730618646658,0.504182809885838,0.14991485329163,0.504134620530455,0.0482293306586269,0.00391558032214767,2.03458104096138,2.10604165999104,2.12705702302418,3,5,5
"322",0.164606342287001,0.504183395615579,0.149940056857604,0.504134565895298,0.0479637411739743,0.00389325218328096,2.03475588983138,2.1062814765785,2.12725926350856,3,5,5
"323",0.164483043963436,0.50417711567426,0.149904543430203,0.504134287728178,0.0477002414655322,0.00387112530223144,2.03493525623014,2.10649924290945,2.12749200410568,3,5,5
"324",0.164366253634418,0.504180180253532,0.149836629976144,0.504134433711022,0.0474388389505439,0.00384913931797604,2.03513527585348,2.10673062485783,2.1277390497353,3,5,5
"325",0.164250740505362,0.504179299160507,0.149849760996178,0.50413450375729,0.0471794847245584,0.00382729383712788,2.03526578722211,2.10687747124681,2.12791700102342,3,5,5
"326",0.164140348186825,0.50417698147918,0.149890165427969,0.50413480115437,0.0469221804032127,0.00380557722390917,2.0354526865519,2.10711392809092,2.12813767494887,3,5,5
"327",0.164015917147241,0.504180136811376,0.149879903149919,0.504134278182655,0.0466668841328815,0.0037840223591511,2.03565769496252,2.10731765675765,2.1284013572068,3,5,5
"328",0.163899999626254,0.504177463979461,0.149896314629354,0.504134404556047,0.0464135918615784,0.00376263943218991,2.03582856150749,2.10754095672655,2.12860933245089,3,5,5
"329",0.163803181056361,0.504180018898032,0.149865052450848,0.504134324123627,0.0461622865013354,0.00374144803941634,2.03596000874322,2.1076867231467,2.12880498499081,3,5,5
"330",0.163682316212406,0.504179548945864,0.149919733409451,0.504134409470092,0.0459129374119149,0.00372043387766674,2.03618106237135,2.10792774462535,2.12901194749565,3,5,5
"331",0.163566437690563,0.504176156551765,0.149878974687934,0.504134960004621,0.0456655248494694,0.00369956708911545,2.03632955001382,2.10809609957545,2.12924761466358,3,5,5
"332",0.163460207916283,0.504175935164221,0.149966415508765,0.504134478797121,0.0454200314875059,0.00367891501018835,2.03652462714197,2.10833218008595,2.1294844588075,3,5,5
"333",0.163358962689773,0.504176540977932,0.149884181185982,0.504134545028983,0.045176448571852,0.00365842657258697,2.03665557315255,2.10847672374547,2.1296735304656,3,5,5
"334",0.163236255689482,0.504171637166498,0.149932682541394,0.504134577751684,0.0449347385241485,0.00363806168490333,2.03688148092282,2.10873887226638,2.12992048900883,3,5,5
"335",0.163139936520389,0.504175022068375,0.149830672607083,0.50413442769849,0.0446949021363343,0.00361786785914775,2.03698379291453,2.10885215271394,2.13009435561596,3,5,5
"336",0.163026052931726,0.504169252493992,0.149880713934743,0.504134327659066,0.044456900808894,0.00359780425225298,2.03719997926007,2.10911468362966,2.13033560325253,3,5,5
"337",0.162937364659992,0.504173998676978,0.14987326974235,0.50413426037961,0.0442207433005958,0.00357794095235442,2.03729966079688,2.10921216494557,2.13048789019457,3,5,5
"338",0.162820857675069,0.504171308140008,0.149948137470331,0.504134526447375,0.0439863796401451,0.00355825496707796,2.03752071313216,2.10946997793813,2.13074436058414,3,5,5
"339",0.162738826367659,0.504175137664679,0.149856983601099,0.504134405054611,0.0437538284329103,0.00353874750555183,2.03759460897027,2.10955866693402,2.1308804880182,3,5,5
"340",0.162622005939599,0.504167988658705,0.149901786645433,0.504134315155662,0.043523037925047,0.00351933064130772,2.03781360530664,2.10979863014208,2.13112099690999,3,5,5
"341",0.162540978841406,0.50417589562832,0.149847359002063,0.504134557333763,0.0432940170329095,0.00350004647640112,2.03789861976662,2.10991541698605,2.13126555728409,3,5,5
"342",0.162430496507901,0.504167216019197,0.149860429974087,0.504134266398706,0.0430667316987564,0.00348085551810817,2.03811092827269,2.11014466585802,2.1314920206862,3,5,5
"343",0.162353080467991,0.504172837966101,0.149799566457433,0.504134486295113,0.0428411859600925,0.0034618699015071,2.03818714430109,2.11024609622974,2.13165112461311,3,5,5
"344",0.162248800331588,0.504167839256093,0.149877775097222,0.504134754353402,0.0426173390521879,0.00344302554203757,2.03838063757381,2.11047339703941,2.13186682367252,3,5,5
"345",0.162170207190839,0.504171500236134,0.14979156541329,0.50413444842669,0.0423951979733354,0.00342437234295767,2.03849121295366,2.11058130374289,2.13201128078742,3,5,5
"346",0.162058999675373,0.50416621919122,0.149887616504802,0.504134452151623,0.04217471460513,0.00340589643158717,2.03868325101766,2.11081143371665,2.13222903837557,3,5,5
"347",0.161989157210633,0.504171482660239,0.149834193436827,0.504134489212948,0.0419559044540493,0.00338759725920179,2.03876983300474,2.11090914852151,2.13239807156132,3,5,5
"348",0.161889994538119,0.504167517743148,0.149917031130959,0.504134378635845,0.0417387373345612,0.00336944054002941,2.03894710258211,2.11112071098637,2.13259573360598,3,5,5
"349",0.161795245202719,0.504168220742295,0.149797597250441,0.504134513646914,0.0415231819777604,0.00335140143127721,2.03908509088243,2.11126407097748,2.13278287851988,3,5,5
"350",0.161705673620882,0.504163747406901,0.14985749213318,0.504134442832269,0.0413092408883209,0.00333348351533758,2.039256228588,2.11145939696808,2.13297007758745,3,5,5
"351",0.161622815188852,0.504169906385113,0.149819252810743,0.50413430847575,0.0410968988203247,0.00331573418163689,2.03935690996417,2.11156894545544,2.13315324118616,3,5,5
"352",0.161519520135552,0.504162638515208,0.149887680481768,0.504134676531999,0.0408861210732549,0.00329807829476048,2.03954509422206,2.11176650811103,2.13333858960327,3,5,5
"353",0.161440134563686,0.504163698461025,0.149825824598487,0.504134251170566,0.0406769073010773,0.00328058728032177,2.03965346003833,2.11190131367844,2.13351464519733,3,5,5
"354",0.161345049150198,0.504162900037235,0.14988340405028,0.504134462520399,0.0404692367975862,0.00326321738957469,2.03983607096167,2.11208936947172,2.13371153241937,3,5,5
"355",0.161258784644766,0.50416641965562,0.149817950269067,0.504134239127257,0.040263091177758,0.00324594692320634,2.03993668438784,2.11220185967679,2.13386710495042,3,5,5
"356",0.161168833697907,0.504160898245105,0.149913107800116,0.504134171540376,0.0400584612124034,0.00322876037972597,2.04009826294003,2.11236536642553,2.1340445549862,3,5,5
"357",0.161092797808072,0.504165156709832,0.149881213749441,0.504134475452843,0.0398553366071267,0.00321176071728002,2.04021535340528,2.1125163849764,2.13421950782203,3,5,5
"358",0.160993469863162,0.504163012710104,0.149905090751281,0.504134171023666,0.0396536842728339,0.00319489220405555,2.04037825580631,2.11269025483218,2.1343730909894,3,5,5
"359",0.160918810479994,0.504166327906088,0.149856078914121,0.504134382565102,0.039453512389273,0.00317815448790415,2.04047405564806,2.1128031414116,2.13452779974799,3,5,5
"360",0.160827390274591,0.504160574964511,0.149896034917161,0.504134457557181,0.0392547888067477,0.00316152633860201,2.04064116669475,2.11300049034682,2.13471112047667,3,5,5
"361",0.160745648942991,0.504166335312562,0.149861402991646,0.504134737335261,0.0390575092649283,0.00314505778787333,2.04075609361069,2.11312673247415,2.13486909653409,3,5,5
"362",0.160665858906214,0.504159715329422,0.149945019361951,0.504134472725094,0.0388616682144652,0.00312868575079106,2.04091033528496,2.11329784119905,2.13501999339953,3,5,5
"363",0.160593243458794,0.504163117727272,0.149863893447063,0.504134713347125,0.0386672472938641,0.00311244723944781,2.04100226522246,2.11343395198403,2.1351598695847,3,5,5
"364",0.160500654195857,0.504159460188666,0.149931627268089,0.504135104730336,0.0384742158773872,0.00309630493258506,2.04115775278719,2.11358808842235,2.13531179283147,3,5,5
"365",0.160428312500132,0.504162503999984,0.149857902743552,0.504134472948619,0.0382825896128607,0.00308030717497909,2.04129218392944,2.11372008910865,2.13547170060764,3,5,5
"366",0.160348820804057,0.504161629131717,0.149908013595335,0.504134433936205,0.0380923455312205,0.00306446832753904,2.04141048455113,2.1138741431548,2.13561580574915,3,5,5
"367",0.160262456319031,0.504162182549491,0.149835796902913,0.504134742584091,0.0379034595469472,0.00304880445133004,2.04154731363515,2.11401322429939,2.13577422768593,3,5,5
"368",0.160185768165824,0.504159258001997,0.149884017579527,0.504134473614492,0.0377159289693298,0.00303325397389587,2.04167470208318,2.11413498130199,2.13590177769238,3,5,5
"369",0.160112333311802,0.504159059327274,0.14980197430579,0.50413462294958,0.0375297470805852,0.00301784574327202,2.04178695592839,2.11427341249761,2.13602900584088,3,5,5
"370",0.16003002595351,0.504160608517557,0.149876260580357,0.504134388518296,0.0373448865415264,0.00300254481533446,2.04191406506926,2.11439886920286,2.13617335557643,3,5,5
"371",0.159944603938736,0.504159362845403,0.149833528980247,0.504134179426945,0.0371613372380626,0.00298737491224699,2.04206488407734,2.11454798059935,2.13635817555212,3,5,5
"372",0.1598718676087,0.50415492781541,0.149862280051553,0.504134298180252,0.0369790987995066,0.00297228399847371,2.04215365533457,2.11465339988504,2.13642592801624,3,5,5
"373",0.159797012858338,0.50416198624322,0.149865057817207,0.504134749584302,0.0367981462913226,0.00295729324254657,2.04228077795233,2.11478271948231,2.13659426521989,3,5,5
"374",0.159713315430843,0.504152921568804,0.14994371458444,0.504134412108809,0.0366184729897022,0.00294236705498796,2.04241753471593,2.11490322096146,2.13669667674553,3,5,5
"375",0.159630372952054,0.504159849559006,0.149876209964123,0.504134623024785,0.0364400653363995,0.00292753700735604,2.04256790160483,2.11506705978178,2.13688006299525,3,5,5
"376",0.159553559810467,0.504156129091112,0.149984291235809,0.504134490584713,0.0362629038501975,0.00291276773767646,2.04264280468582,2.11515648307015,2.13694576642469,3,5,5
"377",0.159479871856454,0.504158895522649,0.149904476519522,0.504134469901468,0.0360869927094187,0.00289808376668876,2.04277946408561,2.11529819915952,2.13710858447776,3,5,5
"378",0.15940388211693,0.50415681184869,0.14995864330655,0.5041344979134,0.0359123103050566,0.0028834677820776,2.04288217113832,2.11541679256543,2.13720430061563,3,5,5
"379",0.159317625447541,0.504158318616895,0.149862497549445,0.504134256879483,0.0357388455253721,0.0028689389911446,2.04304203443278,2.11556881435403,2.13736880249385,3,5,5
"380",0.159246692337932,0.504153860585921,0.149965077694122,0.504134411910159,0.0355665861617243,0.00285451553646465,2.04311571441575,2.115650599238,2.13743526411712,3,5,5
"381",0.159175025350203,0.504160456230595,0.149854964730886,0.504134499020283,0.0353955292420803,0.0028402634963528,2.04325036966735,2.11581197390546,2.1375980766002,3,5,5
"382",0.159097690447416,0.50415281910779,0.149898087556363,0.504134237471423,0.0352256512661964,0.00282609921279808,2.04333539235931,2.11589560288568,2.13764649690055,3,5,5
"383",0.159028552818339,0.504158750130956,0.14988383428339,0.504134373162938,0.0350569535863301,0.00281204935825763,2.04346082564479,2.11604508777511,2.13780508775768,3,5,5
"384",0.158953345397495,0.504153257101192,0.149936011824079,0.50413476176572,0.0348894136742934,0.00279808342236332,2.04354966524947,2.11615064421946,2.13788770219431,3,5,5
"385",0.158884749438599,0.504156368237756,0.149832728373078,0.504134847415794,0.0347230284458638,0.00278425143154437,2.04364421066314,2.11627544509165,2.13801600447095,3,5,5
"386",0.158812943747307,0.504152038221815,0.149859548517243,0.504134314070299,0.0345577841638626,0.00277048093125476,2.04374338914356,2.11637632192724,2.13809783264909,3,5,5
"387",0.158735493202432,0.504156379230896,0.149887761637718,0.504134252818593,0.0343936686394621,0.00275677642501471,2.0438818085161,2.11654564144926,2.13825633501689,3,5,5
"388",0.158672373546678,0.504152818646042,0.149912787889621,0.504134242477269,0.034230676568691,0.00274314001926412,2.04393466264358,2.1166176621037,2.13831074390052,3,5,5
"389",0.158597227970726,0.504155037938138,0.149870407821167,0.50413423050779,0.0340687919318538,0.00272957686171715,2.04406979815862,2.11676459578356,2.13847956154061,3,5,5
"390",0.158525285431866,0.50415079095337,0.149875621492522,0.50413429649809,0.0339080048832143,0.00271610602598882,2.04417349641613,2.11688429657337,2.13855774251525,3,5,5
"391",0.158457112726797,0.504157059301936,0.149825674017099,0.504135181033202,0.0337483125177565,0.0027027379857415,2.04429109500289,2.11703121428605,2.13872003627994,3,5,5
"392",0.158390764108913,0.50415128307072,0.149914797927245,0.504134564120789,0.0335897035937438,0.00268945311451008,2.04436434687233,2.11710401682908,2.13877739446429,3,5,5
"393",0.158320136918793,0.504155457831031,0.149830035204993,0.504134474833439,0.0334321668645471,0.00267627027571027,2.04450300041455,2.1172740031212,2.13895608205263,3,5,5
"394",0.158246709696245,0.504148954306827,0.149921549366479,0.504134615237835,0.0332756827624302,0.00266315035446507,2.04459985730756,2.11738284235413,2.13903304662316,3,5,5
"395",0.158190222169093,0.504155315779886,0.149870756980184,0.504134536768865,0.0331202652625088,0.00265013848746543,2.04470656635413,2.11751787694357,2.13918354147856,3,5,5
"396",0.15811745876598,0.504148852311274,0.149912477776858,0.50413408850958,0.0329658849186653,0.00263716861873398,2.04481406433564,2.11762834412288,2.13926415120668,3,5,5
"397",0.158050631383623,0.504154094893021,0.149833480067684,0.504134602139745,0.0328125424475035,0.0026242899732577,2.04493431143653,2.1177724337053,2.13942551457427,3,5,5
"398",0.157985665221666,0.50414823885105,0.149959762936068,0.50413465111515,0.0326602177679188,0.00261147501855707,2.04501909369794,2.11788086386412,2.13950295334946,3,5,5
"399",0.157922769775478,0.504155653209298,0.149872664519785,0.504134581504594,0.0325089220030404,0.0025987601033578,2.04515275511663,2.11801693637521,2.13963923808515,3,5,5
"400",0.157860413049551,0.504150138361265,0.14993525431774,0.504134509164914,0.0323586242386335,0.00258613118629281,2.04523532226159,2.11814654503768,2.13973855877416,3,5,5
"401",0.157792441747364,0.504153193618808,0.149869930199967,0.504134256296517,0.0322093327404054,0.00257358526851981,2.04536133081289,2.11825115672592,2.13986515894011,3,5,5
"402",0.157725489718624,0.504145596489413,0.149936387588544,0.504134540515947,0.0320610193165704,0.00256109995731713,2.04546475655613,2.11840396968186,2.13996922728958,3,5,5
"403",0.157670396158712,0.504156371435507,0.14988379499288,0.504134659717862,0.0319136986525617,0.00254874089011803,2.04556160867743,2.11850397454913,2.14008851068843,3,5,5
"404",0.157609756667606,0.504149059370716,0.149946907023788,0.504134463783406,0.0317673430913552,0.00253644278044862,2.04564690652015,2.11863330794587,2.1401822682625,3,5,5
"405",0.15754214517168,0.504147629289076,0.149856958780678,0.504134518545458,0.0316219598220458,0.00252422167381594,2.04578283379236,2.11874110381242,2.14029760123163,3,5,5
"406",0.15748067724192,0.504148979087943,0.149923283417709,0.504134246643513,0.031477519446195,0.00251207471159665,2.0458616647837,2.11888996453888,2.14040593881776,3,5,5
"407",0.157426864307741,0.504154827280224,0.149894215176797,0.504133924298594,0.0313340410869657,0.00250003091740647,2.04596086135892,2.11895962325725,2.14050488155977,3,5,5
"408",0.157361620930023,0.504147221765246,0.14985037786487,0.504134472648659,0.0311914906654935,0.00248804616334075,2.04606190728274,2.11912099615204,2.14061948198024,3,5,5
"409",0.157296076915101,0.504150339442642,0.149886464834556,0.50413450332723,0.0310498787277112,0.00247615146158153,2.04617600421283,2.11921584685144,2.14071958234113,3,5,5
"410",0.15723899166177,0.504150004758707,0.149824310514508,0.504134794196028,0.0309091794912244,0.00246437466258953,2.04625128704219,2.11934130078932,2.14083017234097,3,5,5
"411",0.157176497888998,0.504147548769338,0.149849822527234,0.504134207085892,0.0307694053703095,0.00245265346230705,2.04637680450921,2.11944852475803,2.1409350904342,3,5,5
"412",0.15711710610092,0.504149988803505,0.149745668593181,0.504134546211279,0.0306305279126111,0.00244101030800115,2.04644969780369,2.11957303924179,2.14102057791326,3,5,5
"413",0.157055959797583,0.504153355374177,0.149862829509781,0.504134479535408,0.0304925513175089,0.00242945193540256,2.04655017893732,2.11966007527701,2.14114329094512,3,5,5
"414",0.156993294415201,0.50414257247763,0.149771352186993,0.504134465095847,0.0303554642164221,0.00241793998519124,2.04665658226482,2.11980133248569,2.14122630879851,3,5,5
"415",0.156929501666921,0.504148997355088,0.149827393365592,0.504134940514131,0.0302192574098848,0.00240654459934575,2.04673949678279,2.11987262772867,2.14133278668072,3,5,5
"416",0.156869119628088,0.504151732709947,0.149703045220306,0.504134910612096,0.0300839159423648,0.00239522478549969,2.04683854600956,2.12002022223521,2.14144445288101,3,5,5
"417",0.156803324754204,0.504147510610449,0.149830509643366,0.50413442591222,0.0299494502474039,0.00238399505095344,2.04695208679209,2.12009476144353,2.14153506203094,3,5,5
"418",0.156743968191163,0.504147059596602,0.149819869471539,0.504134029003443,0.0298158355290987,0.0023728464748366,2.04702449988393,2.12022592630714,2.14163545096299,3,5,5
"419",0.156686598490939,0.504150326558785,0.149850963330622,0.504134098160936,0.0296830790791504,0.00236178767874928,2.04710413911645,2.12028961346244,2.14171413953396,3,5,5
"420",0.156626416335932,0.504148404419772,0.149829962748138,0.50413397948419,0.0295511622066103,0.0023507739421067,2.04722053354023,2.12044310990598,2.14184558042168,3,5,5
"421",0.156569561826078,0.504148031101982,0.149793523361388,0.504134395321273,0.0294200861805959,0.00233981657506521,2.04729100825976,2.12049212627671,2.14191186489872,3,5,5
"422",0.156513241316237,0.504146783958872,0.14987792328118,0.504134481975807,0.0292898400394175,0.00232891312544659,2.04739269732101,2.12062638083635,2.14203565697695,3,5,5
"423",0.156457234515727,0.50414616669436,0.149831221067066,0.50413445778083,0.0291604272604118,0.00231808883486462,2.04747463866824,2.12069518049544,2.14212386132047,3,5,5
"424",0.156401099451383,0.504146559082863,0.149826891568633,0.504134307539919,0.0290318237394498,0.00230733967181118,2.04755165079397,2.12081363932534,2.14222710067488,3,5,5
"425",0.156349160093231,0.50414948459123,0.149818506136011,0.504134561073469,0.0289040462316558,0.00229670646569347,2.04765195378476,2.12088575694454,2.1423250374329,3,5,5
"426",0.156291108201622,0.50414489486504,0.149869087924995,0.504134756863951,0.0287770656189151,0.00228613553570456,2.04773450422728,2.12100617658885,2.14240727467936,3,5,5
"427",0.156235928524636,0.504145676363084,0.149757935096092,0.504134671695417,0.0286508826966057,0.00227562276410043,2.04780218248492,2.12105067244012,2.14252083057128,3,5,5
"428",0.156186445036953,0.504145541272937,0.149851980151609,0.504134435495601,0.0285254964811886,0.00226516471336302,2.04789281312274,2.12119442472898,2.14260663590738,3,5,5
"429",0.156132039513531,0.504146962545164,0.149847696795513,0.504134384159348,0.0284009056314848,0.00225476777099975,2.04798443997972,2.12124455124274,2.14269655655506,3,5,5
"430",0.156079359204936,0.504145002086882,0.149920543755234,0.504134436502616,0.0282770822882836,0.00224439990885794,2.04804675063265,2.12133218286342,2.1427672969379,3,5,5
"431",0.156034720789609,0.504149730884394,0.149841142319681,0.50413476953055,0.0281540516320656,0.00223409973191069,2.04810667209208,2.12138319155048,2.14283322077021,3,5,5
"432",0.15597675687792,0.504146439501827,0.149837398792818,0.504134509055134,0.0280317818140435,0.00222383717531238,2.04819808602007,2.12149824291043,2.14293629885896,3,5,5
"433",0.155920243556328,0.504142969061437,0.149842214638823,0.504134422502579,0.0279102686843246,0.0022136203086075,2.04828031118079,2.12154786706765,2.14302816799747,3,5,5
"434",0.155885995374071,0.504146294822112,0.149895599977767,0.504134377853884,0.0277895268675281,0.00220351364434834,2.04832100913522,2.121629526854,2.14305152860779,3,5,5
"435",0.155828611916754,0.504145943428385,0.149850043019869,0.504134467974471,0.0276695330269032,0.00219351315606164,2.04842270511338,2.121699051654,2.14317364110244,3,5,5
"436",0.155781296985323,0.504147103698606,0.149852042548659,0.504134320426415,0.0275502763306638,0.00218356572719358,2.04848233782817,2.12178230543341,2.14323123406077,3,5,5
"437",0.155733240783975,0.504144448086868,0.149886737825643,0.504134052373805,0.0274317695524216,0.00217367729037199,2.04855915841199,2.12183048442034,2.14329572320837,3,5,5
"438",0.155680509605774,0.504144950480438,0.149893242610944,0.5041341099208,0.0273139892298101,0.00216384040450179,2.04864252830589,2.12194329793039,2.14338228589599,3,5,5
"439",0.155631722450964,0.504144673819802,0.14987599551894,0.504134438970978,0.0271969338616322,0.00215406325919376,2.04871151706144,2.12198434939703,2.1434738767903,3,5,5
"440",0.155593359702511,0.504148409797447,0.149936361497356,0.50413475546787,0.0270806103855803,0.00214439451959114,2.04876647189097,2.12208468806357,2.14350834462127,3,5,5
"441",0.155533414843504,0.504140589790392,0.149824695103744,0.504134410084427,0.0269649932377578,0.00213477422630148,2.0488645967463,2.12216314062876,2.1436166804243,3,5,5
"442",0.1554936507951,0.504145449763443,0.149861120710399,0.504134701835887,0.0268500855867336,0.00212522905961665,2.0489213229045,2.12224307624148,2.14366921208299,3,5,5
"443",0.155448376370736,0.504146319715684,0.149809022279162,0.504134454657938,0.0267358887863945,0.00211579080119007,2.04897704496998,2.12230191261983,2.14375184229193,3,5,5
"444",0.155401050196986,0.504147359395376,0.149842215814083,0.504134279603394,0.0266223878838697,0.0021064050553522,2.04905663955016,2.12239615505879,2.14381070906954,3,5,5
"445",0.155352163336358,0.50413842038381,0.149824439878949,0.504134161371447,0.0265095785182826,0.00209704092518259,2.04911259769094,2.12245192543531,2.14388875533338,3,5,5
"446",0.155309814200205,0.504148504882817,0.149875616923395,0.5041344505076,0.0263974581362301,0.00208774503186016,2.04918727150456,2.12254832433151,2.14394231287643,3,5,5
"447",0.155264486011567,0.504143505786448,0.14984481471418,0.504134588683532,0.0262860207533718,0.00207849332526278,2.04924416495697,2.1225966856621,2.14402936597272,3,5,5
"448",0.155219396535842,0.504145792912577,0.149875427087727,0.504134660358771,0.0261752578715249,0.00206931361732909,2.04931413705687,2.1226975155216,2.14409270067519,3,5,5
"449",0.155174802975439,0.504140534270935,0.149818983621735,0.504134876271179,0.0260651712778254,0.00206020116065186,2.04937203245037,2.1227445523095,2.14414923149281,3,5,5
"450",0.15513165338049,0.504150362271757,0.149898002148531,0.504134298740797,0.0259557481763888,0.00205115867695305,2.04944940275666,2.12285428034363,2.14424021624935,3,5,5
"451",0.155089861133043,0.504139039544113,0.149846484069852,0.504134345874972,0.0258469918996476,0.00204214216180887,2.04951427391524,2.12290228159801,2.14430625309341,3,5,5
"452",0.155042804731842,0.504147892947357,0.149869585672004,0.504134200590133,0.0257388842306663,0.00203319476146213,2.04958138568461,2.12299991123071,2.14439157434159,3,5,5
"453",0.155007971988324,0.504142537863382,0.149819453062061,0.50413454748629,0.0256314384234078,0.00202428639647012,2.04962802004361,2.12302961923902,2.14441868298878,3,5,5
"454",0.154960377280407,0.504143889063532,0.149894906006014,0.504134800464394,0.0255246324753573,0.00201544321666847,2.04971647027936,2.12314470862496,2.14449801912814,3,5,5
"455",0.154922978703719,0.504142117298114,0.149803882518731,0.50413447911058,0.0254184710408023,0.00200666097076485,2.04976898149794,2.12318346473751,2.14458751655893,3,5,5
"456",0.154882108786076,0.504145566795979,0.149838207246989,0.504134373449504,0.0253129451318214,0.00199794112953644,2.04983518702329,2.12326918110878,2.14464796818344,3,5,5
"457",0.154846749980832,0.504142699461811,0.149801712694385,0.50413438245211,0.0252080578604674,0.00198930319159074,2.0498975391749,2.12330715829294,2.14468137545139,3,5,5
"458",0.154799555649875,0.504146342024871,0.149849867976136,0.50413433601648,0.0251037894404059,0.00198072038793706,2.0499574643498,2.1233951278176,2.14475892155764,3,5,5
"459",0.154772504987504,0.504140656866325,0.149821967403623,0.504134530840201,0.0250001521032016,0.00197219196716725,2.04999159895702,2.12341524446348,2.14480279553664,3,5,5
"460",0.154726729280348,0.504144835299695,0.149854170633679,0.50413449454173,0.0248971285298033,0.00196374630898488,2.05008224740693,2.12352866477352,2.14486744291356,3,5,5
"461",0.154692456046371,0.504139329182868,0.149835523860789,0.504134722602856,0.0247947202481669,0.0019553398798382,2.05012325649172,2.12355936031814,2.14493510421031,3,5,5
"462",0.154655432590743,0.50414542121,0.149886530843601,0.50413457161976,0.0246929186184278,0.00194698711782404,2.05018896939398,2.12364496581043,2.1449871016486,3,5,5
"463",0.154621067432869,0.504139053552442,0.149845050458825,0.504134274191661,0.0245917240671576,0.00193866233357864,2.05023780343282,2.12369348649855,2.14504084866388,3,5,5
"464",0.154577830697769,0.504144356975802,0.149916993274655,0.504134236840209,0.0244911240129337,0.00193040623067542,2.05031130479949,2.12379677097224,2.14511153684182,3,5,5
"465",0.154553823851864,0.504140424265268,0.149862648104979,0.504134219801386,0.0243911296662401,0.00192221285227612,2.05034329597817,2.12382017922371,2.14515342191926,3,5,5
"466",0.15450340283442,0.504143366180266,0.149894748407715,0.504134139040451,0.0242917135333677,0.00191405026719449,2.05042754654774,2.12391708582072,2.1452032017008,3,5,5
"467",0.154475362673709,0.504138982033915,0.149859144062991,0.504134051879347,0.0241928897888944,0.00190592158546021,2.05047214439458,2.12397510389251,2.14528160734928,3,5,5
"468",0.154432047690515,0.504146074654893,0.149924860345385,0.504134425150033,0.0240946408896759,0.00189785406471166,2.05055651765638,2.12407249066629,2.14536106795567,3,5,5
"469",0.154401168053703,0.504138006425799,0.14989232828714,0.50413460783326,0.0239969736305872,0.00188982609999744,2.05059290703536,2.12410444670437,2.14538088731319,3,5,5
"470",0.154355981948389,0.504143373783802,0.14984960594004,0.504134578294407,0.0238998701268178,0.00188185785604189,2.0506679179131,2.12420581760718,2.14545937680906,3,5,5
"471",0.154330882661543,0.5041406382032,0.149865017601632,0.50413440213935,0.0238033409158323,0.0018739246659315,2.05071399952217,2.12424542377137,2.14552819300429,3,5,5
"472",0.154280892118538,0.504143404578773,0.149821102073747,0.504134364969505,0.0237073620242576,0.0018660371623973,2.05079729272359,2.12434378560775,2.14558456110954,3,5,5
"473",0.154251115172061,0.504135266544108,0.149826839337947,0.504134292963082,0.0236119490584043,0.00185820288375405,2.05084945705361,2.12440610896151,2.14566709091556,3,5,5
"474",0.15420849522706,0.504145098776972,0.149869453208904,0.504134441310577,0.0235170835660015,0.0018504511821571,2.05092171920318,2.12449162690694,2.14571813818036,3,5,5
"475",0.154175215599949,0.504140205768005,0.14978984885011,0.504134800722293,0.0234227716529757,0.00184273628314091,2.05099163762775,2.12454070533865,2.14578173825254,3,5,5
"476",0.154130930838454,0.504144769958932,0.1498861035858,0.50413443568659,0.0233289956709238,0.00183507791923743,2.05106163898353,2.1246497503202,2.14586791419653,3,5,5
"477",0.154106013245554,0.504139896705203,0.149816497615752,0.504134459759071,0.0232357718227959,0.00182746426484592,2.05111093729163,2.12469417967772,2.14592187788741,3,5,5
"478",0.15405415608419,0.504142783156175,0.149848273694501,0.504134395181736,0.0231430734493919,0.00181989483467659,2.05119989572051,2.12478239811849,2.14597007500378,3,5,5
"479",0.154020796056895,0.504138517094102,0.149828110506326,0.504134490051845,0.023050908848003,0.00181236494055392,2.0512714683063,2.12486289933405,2.14610075436879,3,5,5
"480",0.153987013549049,0.50414842112336,0.149903878238879,0.504134671290342,0.0229592745199331,0.00180492848227798,2.0513276013746,2.1249289210324,2.14611711984653,3,5,5
"481",0.153944010797696,0.504134458175138,0.149822036356977,0.504134689365906,0.0228681633329584,0.00179751635443159,2.05140640810519,2.12500447028881,2.14621419540854,3,5,5
"482",0.153904991715067,0.504143238145435,0.149901074124332,0.504134531615524,0.0227775691069206,0.00179015407370731,2.05147981295656,2.1250871774872,2.14626316571708,3,5,5
"483",0.153872324888089,0.504141154265078,0.149879971605718,0.504134175900144,0.0226874936397444,0.00178284956422592,2.05154650349077,2.12515826313568,2.14636603382255,3,5,5
"484",0.153826341533531,0.504141450022731,0.149900958026312,0.504134395249949,0.0225979249582337,0.00177560190811155,2.05162800929337,2.12524326127138,2.14641732163282,3,5,5
"485",0.153789265234538,0.504134655155981,0.149876551671221,0.504134323749222,0.0225088682856012,0.00176839511467519,2.05169949223776,2.12530875825431,2.14650234452434,3,5,5
"486",0.153755850459045,0.504146780893676,0.149836803981838,0.504134539547999,0.0224203162006383,0.00176128250563001,2.05177139950131,2.12538779041984,2.14654955921195,3,5,5
"487",0.153707959729875,0.504133967137727,0.149859156409299,0.504134382633691,0.0223322583403025,0.00175417895378926,2.05185127583109,2.12547092330624,2.14665943592138,3,5,5
"488",0.153667696241469,0.50414343719197,0.149825646290869,0.504134613751527,0.0222446939695223,0.00174713074926236,2.05193101460267,2.12555540864606,2.14672149727624,3,5,5
"489",0.153638210787666,0.504139268960393,0.149881567165505,0.504134241050601,0.0221576302788508,0.0017401034523824,2.05198675490034,2.12561594105045,2.14679152575529,3,5,5
"490",0.153585473126873,0.504139240654604,0.149833844719186,0.504134498936066,0.0220710462089451,0.00173310340627342,2.05207462948107,2.12570953851522,2.14685562925358,3,5,5
"491",0.153550432124311,0.504138196164208,0.149822276598513,0.504134009222387,0.0219849474052695,0.00172616575120077,2.05214892863197,2.12578030925929,2.14696075184601,3,5,5
"492",0.153516411005082,0.504149242763316,0.149782351522884,0.504134145167511,0.0218993311317512,0.00171927685314299,2.05220835420816,2.12584629493929,2.1470129098978,3,5,5
"493",0.153475738306691,0.50413029304927,0.149846756631103,0.504134329544307,0.0218141910886191,0.00171238723169564,2.05225746022304,2.12589282849396,2.14706666962213,3,5,5
"494",0.153432974272523,0.504144797710705,0.149822243679428,0.504134606172484,0.021729523620352,0.00170557351970391,2.05234884324843,2.12598634375346,2.14713689498995,3,5,5
"495",0.153410178726619,0.5041405242677,0.149873084792404,0.504134620079933,0.0216453314056246,0.00169879447396271,2.05238615652831,2.12602873704701,2.14720523764732,3,5,5
"496",0.153366919010627,0.504138262944971,0.14982054966506,0.504134515570164,0.0215616027777411,0.00169204449342186,2.05244387766095,2.12609246058443,2.14724025909047,3,5,5
"497",0.153332186900841,0.504136374879273,0.149877955786823,0.504134738555882,0.0214783399099793,0.00168531787473947,2.05252074453876,2.12617763702612,2.14734328237022,3,5,5
"498",0.153303201319044,0.504146164198227,0.149779441293335,0.504134654229074,0.0213955439791067,0.00167864427175135,2.05256647576126,2.12624089215795,2.14736643847791,3,5,5
"499",0.153270643730142,0.504136598936399,0.149833237564595,0.504134534538676,0.0213132026689646,0.00167200647769761,2.0526033660888,2.12629057491368,2.14744354265682,3,5,5
"500",0.153235374755185,0.504139007770877,0.149782723559664,0.50413458733034,0.0212313176670216,0.00166542679587345,2.0526701679038,2.12638378491984,2.14750646476706,3,5,5
"501",0.153209708543967,0.50413595142842,0.149837398613138,0.504134703736403,0.0211498922062461,0.00165886587033959,2.0527161462392,2.12641185912849,2.14756076596788,3,5,5
"502",0.153175744333614,0.504143280496297,0.149815070772818,0.504134576360203,0.0210689134269584,0.00165234135639769,2.05277018066799,2.12650186118451,2.14763001354322,3,5,5
"503",0.153142126123103,0.504133348588535,0.149837923330324,0.504134151142788,0.0209883816183255,0.00164584663494383,2.052823566562,2.12655162677646,2.1476939772789,3,5,5
"504",0.153118895073795,0.504142150384477,0.149795183697684,0.504134104108848,0.0209082989869967,0.00163939629850407,2.05286922688249,2.12661932108012,2.14773814277444,3,5,5
"505",0.153081729781961,0.504138557280183,0.149853925957216,0.504134294775717,0.0208286494350759,0.00163297739497392,2.05292603719995,2.12667405341677,2.14783041342473,3,5,5
"506",0.153053768299554,0.504141846946811,0.149869602568701,0.504134441546966,0.020749444890942,0.00162661453288826,2.05298493647544,2.12676648273615,2.14788535653004,3,5,5
"507",0.153030887513834,0.504137669261192,0.149853996531076,0.50413451204982,0.0206706772008297,0.00162027399382592,2.05301537695362,2.12677785903711,2.14792187233191,3,5,5
"508",0.152992715401791,0.504141802411332,0.149794577822481,0.504134313715125,0.0205923341243318,0.00161396811099379,2.05307802234619,2.12689502071707,2.14800207162899,3,5,5
"509",0.152965202723638,0.504136356256227,0.14981599105363,0.504134546491878,0.0205144226867511,0.00160768740698047,2.05312100732417,2.12692114444505,2.14805707012588,3,5,5
"510",0.152942337439807,0.504143873381455,0.149734038817562,0.504134863352486,0.0204369411739652,0.00160145459180272,2.05317515306599,2.12699622535103,2.14811075991802,3,5,5
"511",0.15290393471518,0.504136195593636,0.149783920138295,0.504134449119672,0.0203598763874982,0.00159526093937035,2.05323860260873,2.1270661588529,2.14819983235018,3,5,5
"512",0.152878395099256,0.504138077793059,0.149739484258317,0.504134308562759,0.0202832330141195,0.00158911284634244,2.05326808027498,2.12713413694854,2.14822002260448,3,5,5
"513",0.152852143481565,0.504139227495221,0.149816784872599,0.504134273100972,0.0202070076364088,0.00158299373009319,2.05331685729984,2.12716107417103,2.1482849735453,3,5,5
"514",0.152814344872155,0.504143117380599,0.149782118675587,0.504134389028801,0.0201311924307472,0.00157690889573536,2.05339462234741,2.12727723098161,2.14839383490388,3,5,5
"515",0.152789500318606,0.504134482670799,0.1498404226965,0.504134531754832,0.0200557891115182,0.00157084355850756,2.0534329573053,2.12729673151118,2.14841828808837,3,5,5
"516",0.152767079614304,0.504140989744927,0.149857783202952,0.504134546617641,0.0199807943885504,0.00156482308452399,2.05346283497558,2.12736430904968,2.14844634725012,3,5,5
"517",0.152731168104354,0.504136050319433,0.149895477842454,0.504134659958434,0.0199062037884436,0.00155881258555657,2.05353148442614,2.12742458417533,2.14853318211796,3,5,5
"518",0.152709446970587,0.504137878740035,0.149851847231247,0.504134920581463,0.0198320179498589,0.00155283065172263,2.05358582117412,2.12749656242737,2.14858683647402,3,5,5
"519",0.152679204312115,0.504136820466037,0.149945210240057,0.504134439704513,0.0197582323027065,0.00154687009171173,2.05364169897331,2.12753885755875,2.14866066036238,3,5,5
"520",0.15265092385883,0.504140477764041,0.149834902093498,0.504134327349153,0.0196848403321318,0.00154094937970073,2.05368433297339,2.1276206307188,2.14870091960047,3,5,5
"521",0.152626787331226,0.504135438920154,0.14989672726576,0.504134566447578,0.0196118485756672,0.00153505172667212,2.05371764258722,2.12765402017763,2.1487240395795,3,5,5
"522",0.15260203088195,0.504140413040932,0.149784893407205,0.504134492614563,0.0195392490912128,0.00152919280294295,2.05379957839975,2.12774266904801,2.14882135053041,3,5,5
"523",0.152570618648047,0.504144525369885,0.149934438027738,0.504134565687089,0.0194670360948481,0.00152336689505173,2.05383731700959,2.1277782351884,2.14887812135965,3,5,5
"524",0.152549315487625,0.504137244958719,0.149823882677265,0.504134866148239,0.0193952124064316,0.00151756908760303,2.05389103602267,2.12784844612607,2.14893363976743,3,5,5
"525",0.152530841973992,0.504139078708412,0.149896522596204,0.50413455962323,0.019323781763199,0.00151180758184155,2.05392355929516,2.12788593630884,2.14897038797818,3,5,5
"526",0.152499435068003,0.504142649353569,0.149773613632557,0.504134405509575,0.0192527242338041,0.0015060754920827,2.05399169616507,2.12797589894331,2.14904720483352,3,5,5
"527",0.152478809855021,0.504130734645296,0.149839283787627,0.504134718622544,0.0191820540732121,0.00150034485789086,2.05402328979319,2.12800049929226,2.14906110259933,3,5,5
"528",0.152452610027398,0.504143211095761,0.149729667087779,0.504134616296884,0.0191117549231749,0.00149466559939659,2.05409818934284,2.12809196550716,2.14917102582358,3,5,5
"529",0.152429749688017,0.504140224129716,0.149790987243449,0.504134494160389,0.0190418342399069,0.00148901413807034,2.05411384421515,2.12811187851807,2.14917246874633,3,5,5
"530",0.15240371571239,0.504135496995501,0.149732033150459,0.504134434990102,0.0189722810630056,0.00148338002981363,2.05418103922833,2.1282005191319,2.14925131488077,3,5,5
"531",0.15237971390549,0.504135870153727,0.149849267176879,0.504134335539333,0.0189031019243622,0.00147779199017672,2.05424041172752,2.12825203744096,2.14931076949551,3,5,5
"532",0.152348161864995,0.504143082778893,0.14982521749811,0.504134205121923,0.0188342843119529,0.00147225576255361,2.05430914921819,2.12831711628684,2.1493831225104,3,5,5
"533",0.152332426612795,0.504135917178005,0.149871942725738,0.504134468126687,0.0187658365410344,0.00146674248819056,2.05431126841143,2.12833184395377,2.14937923780106,3,5,5
"534",0.152296216824621,0.50414036340515,0.14983676835968,0.504135023100533,0.0186977395318886,0.00146126907591426,2.05441963476474,2.12846013207591,2.14951175056229,3,5,5
"535",0.15227428607968,0.504137674420884,0.149901757059231,0.504134451467424,0.0186300071995423,0.00145582846787906,2.05444259167115,2.12845943323619,2.14952020521122,3,5,5
"536",0.152248126056487,0.50413906330691,0.149858961905818,0.504134229766235,0.0185626267568989,0.00145041590804174,2.05450939448098,2.12853541937825,2.1495999433915,3,5,5
"537",0.152226492882647,0.504138045273468,0.149885774474135,0.504134164141468,0.0184956042618105,0.00144502499620736,2.05453606854701,2.12857364266691,2.1496197111969,3,5,5
"538",0.152193554655134,0.50414013488436,0.149842308503215,0.504134292443573,0.0184289265216072,0.00143966905538284,2.05461672829288,2.12865353393385,2.14971347870315,3,5,5
"539",0.152173045931701,0.504135261170403,0.149851105421935,0.504134296127015,0.0183626015336793,0.00143434144250365,2.05463094942477,2.12865951652818,2.14971283239615,3,5,5
"540",0.152141142846964,0.504139148700824,0.149834694045057,0.504134660744311,0.0182966157662331,0.00142903832357577,2.05472895337094,2.12877614208659,2.14983359860316,3,5,5
"541",0.152120119149569,0.504138096937028,0.149917029811487,0.504134582376517,0.0182309807556261,0.00142376631151986,2.05473196910338,2.12876849140086,2.14981591536909,3,5,5
"542",0.152092450950012,0.504138894116921,0.149810471809669,0.50413430149617,0.018165680415075,0.00141853529490188,2.0548020276469,2.12885377396195,2.14990642339445,3,5,5
"543",0.152069656131621,0.504137974024468,0.149847323762743,0.504134608198999,0.0181007249445548,0.00141334033890295,2.05484605418703,2.12888527428507,2.14992914807645,3,5,5
"544",0.152040054986008,0.504140072308482,0.149830438767588,0.504134472862632,0.0180360984879292,0.00140817983075625,2.05490445084237,2.12896584997114,2.15002326399056,3,5,5
"545",0.152022176732909,0.504138056182694,0.149835589637095,0.504134758652129,0.0179718146646177,0.00140305229166915,2.05491766897107,2.12896683171681,2.15001799580664,3,5,5
"546",0.15198891269814,0.504140589503407,0.149823288955765,0.504134446163402,0.0179078597283835,0.00139795292114919,2.05501770627644,2.12905089462853,2.15012452396895,3,5,5
"547",0.151972263456845,0.504142290091296,0.14984418352019,0.504134508918354,0.0178442388749353,0.00139288931040737,2.05500984179155,2.129056304286,2.15010268839938,3,5,5
"548",0.151949201676414,0.504135138138314,0.149807636717441,0.50413449954233,0.0177809425290212,0.00138783215825,2.05506664832538,2.12910969715981,2.15017849900887,3,5,5
"549",0.151934648644716,0.504139448988442,0.149876545955392,0.504134683230396,0.0177179840132262,0.00138281128802953,2.05510383461618,2.12912958050924,2.15018485832634,3,5,5
"550",0.151906528171914,0.504138933248694,0.149826450181928,0.504134452524024,0.0176553375952795,0.00137782925156615,2.05512749992875,2.12918470375555,2.1502562915629,3,5,5
"551",0.151896498242595,0.504136371355371,0.149901012881399,0.504134636098405,0.0175930252305403,0.00137287796303565,2.05514404176264,2.12916998886698,2.15024479170201,3,5,5
"552",0.151869443510092,0.504139176808439,0.149828059136458,0.504134195587068,0.0175310268222062,0.00136794423624975,2.05521197954437,2.12926533444127,2.15033886820262,3,5,5
"553",0.151853012554876,0.504142053903845,0.149873877911917,0.50413409668628,0.0174693553199149,0.0013630470176782,2.0552053866279,2.12924649837782,2.1502997610253,3,5,5
"554",0.151833391596845,0.504133281506672,0.149891524311788,0.504134383732451,0.0174079915817096,0.00135815495985836,2.05525924705235,2.12931256819016,2.15040421634885,3,5,5
"555",0.151823276286812,0.504139057066019,0.149944843147,0.504134390369918,0.0173469522171079,0.00135331619363643,2.05528118409587,2.12932900005954,2.1504048478497,3,5,5
"556",0.151797660524692,0.504140517870919,0.149912871887351,0.504134314204634,0.0172862188284585,0.00134849632607148,2.05530666737641,2.12934601541666,2.150430043529,3,5,5
"557",0.151785484545419,0.504132814127024,0.149918556015689,0.504134407577701,0.0172258011037167,0.00134368629073989,2.05532702565878,2.12936407775482,2.15045619930072,3,5,5
"558",0.15176166943045,0.504138516875922,0.149853781051052,0.504134461124077,0.0171656847718525,0.00133889697631007,2.05539306661268,2.12945933075979,2.15055030143118,3,5,5
"559",0.151746526364589,0.504142634654594,0.149898357603026,0.504134220820791,0.0171058821902116,0.00133414329464887,2.05539662736532,2.12944348329608,2.1505346980984,3,5,5
"560",0.151729387898282,0.504135378355178,0.149859579195266,0.504134337537939,0.0170463763154284,0.00132940325200115,2.0554278039087,2.12947739404949,2.15058562947635,3,5,5
"561",0.151717335626556,0.504138044370048,0.149951678160753,0.504134467607202,0.0169871810111799,0.00132469515656397,2.05545635763281,2.12950579176207,2.15060214386384,3,5,5
"562",0.151691540205489,0.504139854617092,0.149880318075031,0.504134760905686,0.0169282744253543,0.00132000232369867,2.05549472130744,2.12956744885902,2.15067985244917,3,5,5
"563",0.151683849555896,0.504136038623223,0.149968888890219,0.504134453422763,0.0168696744731821,0.00131532662116962,2.05549838501576,2.12954463039098,2.15065539721697,3,5,5
"564",0.151664921304186,0.504136106775862,0.149909627166317,0.504134414935836,0.0168113645906685,0.00131066839343397,2.05553702065404,2.12961319810301,2.15072725702808,3,5,5
"565",0.151654125847312,0.504142832805519,0.149924415806115,0.504134237651565,0.0167533586331421,0.00130604550277458,2.0555540365624,2.12960006500981,2.15069342121911,3,5,5
"566",0.151638474384899,0.504134173986529,0.149839850823355,0.504134591030812,0.016695635867507,0.00130141587480725,2.05557072815132,2.12964838502539,2.1507533437476,3,5,5
"567",0.151625871416803,0.504139403930155,0.149927538936465,0.504134494556619,0.0166382123314701,0.00129682373174955,2.05559857112874,2.12966086769841,2.15075291824716,3,5,5
"568",0.151611410648804,0.504138529451368,0.149877708444552,0.504134280068426,0.0165810733928115,0.0012922432642376,2.05560598489717,2.12968696422244,2.15077497785015,3,5,5
"569",0.151603903630001,0.504138190212944,0.149852889703434,0.504134369737892,0.0165242293717434,0.00128769490723346,2.0556350440282,2.12969568476759,2.15077076885246,3,5,5
"570",0.151586326296866,0.504137699656439,0.149885714374804,0.504134184164852,0.0164676636172824,0.00128315520120792,2.05566172799591,2.12976981461714,2.15083122896118,3,5,5
"571",0.151573693136734,0.50414125003867,0.14982444698506,0.504134311211406,0.0164113893719833,0.00127865154712781,2.05567131044333,2.12974809245793,2.1508019994319,3,5,5
"572",0.151560663420381,0.504135039430439,0.149858905105481,0.504134623892948,0.0163553907668637,0.00127415160667621,2.05571596022594,2.12984011811681,2.15087915968989,3,5,5
"573",0.151554383399289,0.504140784282235,0.149811452999675,0.50413499690767,0.0162996816047839,0.00126970484459266,2.05572320839873,2.12982265006311,2.15084402884352,3,5,5
"574",0.151527053872874,0.50413639116343,0.149862240436818,0.50413465905232,0.0162442433109708,0.00126526958787243,2.05578514357493,2.12991419630384,2.15093268921738,3,5,5
"575",0.15152148026602,0.504137409113505,0.149806139179841,0.504134562102889,0.0161890873871327,0.00126087554115339,2.05579232268971,2.12990880461651,2.15092419300507,3,5,5
"576",0.151505253637978,0.504134810722219,0.14980475025315,0.504134387530643,0.0161342028444094,0.00125649825799556,2.0558416617169,2.1299931963178,2.15098129396884,3,5,5
"577",0.15148986673727,0.504139131062507,0.149739202318616,0.504134873055762,0.0160795993949547,0.00125215404110546,2.05587282374556,2.12998602776032,2.15098146516482,3,5,5
"578",0.151482463120565,0.504135891270753,0.14986693811268,0.504134393931049,0.0160252614064734,0.00124782941728729,2.05589482364825,2.13006902259975,2.15105325858539,3,5,5
"579",0.151462766391348,0.504136718268532,0.149837710263147,0.504134053614261,0.0159711979384621,0.00124354704634044,2.05594064209095,2.13009541649287,2.15106930897019,3,5,5
"580",0.1514463581032,0.504136743797252,0.149845970367176,0.50413407131919,0.0159173987629999,0.00123928146713048,2.05598924848142,2.13016395135142,2.15113696043447,3,5,5
"581",0.151444392142706,0.504138928964369,0.149832526711512,0.504134282332159,0.0158638733574369,0.00123505587560213,2.05598637711328,2.13014393717892,2.15111164126102,3,5,5
"582",0.151424967226112,0.504134434215966,0.149886698681859,0.504134445067987,0.0158106073913496,0.00123084703590892,2.05606219267999,2.1302657503911,2.15122070757454,3,5,5
"583",0.151407182059882,0.504140393818663,0.14983256350952,0.504134549766279,0.015757608794781,0.00122667836928547,2.05607455957236,2.13024754690712,2.15121647407326,3,5,5
"584",0.151401903912472,0.504134981479077,0.149923575050947,0.504134748793565,0.0157048681133934,0.00122251383252481,2.05611176817014,2.13032535148062,2.151283523634,3,5,5
"585",0.151393526859135,0.504140657730496,0.149885856121939,0.504134667071658,0.0156523952541043,0.00121837950685422,2.05612916160621,2.13033616524231,2.1512824690243,3,5,5
"586",0.15137708726968,0.504138401754193,0.149950285893965,0.504134498036526,0.0156001751883689,0.00121424912120038,2.05618599193857,2.13040611560949,2.15136410815586,3,5,5
"587",0.15137172421072,0.504137301964742,0.149862803034928,0.504134318574765,0.0155482178744963,0.0012101364522995,2.05617547288745,2.13039698267248,2.15135276312158,3,5,5
"588",0.151361106332151,0.504136015905487,0.149926283468692,0.504134506430862,0.0154965121480299,0.00120603895149107,2.05622565093579,2.13049064523508,2.15142475437535,3,5,5
"589",0.151359223538552,0.504139398923203,0.149856057780229,0.504134334104668,0.0154450677939015,0.00120197578367887,2.0562219554162,2.13047006305329,2.1514178689832,3,5,5
"590",0.151341809699451,0.504137578156897,0.149894894412322,0.504134854512928,0.015393868083555,0.00119792238736227,2.05624882180147,2.1305297935394,2.1514636530673,3,5,5
"591",0.151340189774831,0.504134099378504,0.14982367992568,0.504134349016357,0.0153429280605261,0.00119389165106587,2.05626233550106,2.13054112901653,2.15147859354408,3,5,5
"592",0.151322676936132,0.504137108791506,0.149843799525765,0.504134211668366,0.0152922292272542,0.00118987650777092,2.05630096442909,2.13061508752881,2.15154429208462,3,5,5
"593",0.151325279003256,0.504138094978558,0.149869565144292,0.504134471588151,0.0152417854001017,0.00118588217073345,2.05629223288879,2.13059932814873,2.15152868803058,3,5,5
"594",0.151309330736734,0.504137153264456,0.149818924441714,0.504134848035476,0.0151915802788809,0.00118191747186813,2.05631653542634,2.13066172166801,2.1515737222608,3,5,5
"595",0.151300728271946,0.504137517616624,0.149863339746699,0.504134405484633,0.015141625616596,0.00117797944978915,2.05633056174324,2.13065562825082,2.15157953574053,3,5,5
"596",0.151294760935092,0.504135439655065,0.149850340333845,0.504134299336067,0.015091905974778,0.00117404286290101,2.05633240635829,2.13071050887862,2.1516192615033,3,5,5
"597",0.151293365969084,0.504138054806396,0.149862976739461,0.504134467002767,0.015042435961604,0.00117013100964602,2.05634151512016,2.13071061553967,2.15161496299287,3,5,5
"598",0.151274855739555,0.50413890950192,0.149852189716864,0.504134385341825,0.0149931991013044,0.00116624105059693,2.05636970930558,2.13076728873297,2.15166203957712,3,5,5
"599",0.151277022035331,0.504137618057531,0.149826716953249,0.504134187767186,0.0149442028623055,0.00116237422591736,2.05635245949949,2.13074918517636,2.15166176703742,3,5,5
"600",0.151266756571303,0.504135031487364,0.149867773376747,0.504134198107043,0.0148954402230164,0.00115852209552381,2.05636938868973,2.13080245591403,2.15167178845166,3,5,5
"601",0.151265534742461,0.504138905976477,0.14981731459921,0.504134683090289,0.0148469190179575,0.00115470970297193,2.05637491772384,2.13079692768782,2.15168706692139,3,5,5
"602",0.15125080079077,0.504138112196758,0.149883239695872,0.504134452157915,0.0147986239943631,0.0011509118348626,2.05639117647214,2.13084711369238,2.15173176234842,3,5,5
"603",0.151246346837256,0.504133992342141,0.149819816981548,0.504134196071557,0.0147505645352718,0.00114712659302729,2.05640749144067,2.13085329250035,2.15173229350629,3,5,5
"604",0.151244879560917,0.504137913663803,0.149842412349615,0.504134435512231,0.0147027356469013,0.00114335754670869,2.05640092674266,2.13089141329783,2.15175208127975,3,5,5
"605",0.151239328300303,0.504137681505314,0.149831238247995,0.504134756166115,0.0146551339355126,0.00113960786873502,2.0564077745183,2.13087181079152,2.15175467431658,3,5,5
"606",0.151222308587058,0.504136370023464,0.149877134074354,0.504134342424762,0.01460775851385,0.00113586355028861,2.05644332423818,2.13093400870757,2.15179895782183,3,5,5
"607",0.151219040073303,0.504136250562515,0.149809008728749,0.504134259235518,0.0145606107688914,0.0011321455133978,2.05643933796143,2.13090547036188,2.15177933569799,3,5,5
"608",0.151219598553212,0.504138633129775,0.149839298944764,0.504134210581386,0.0145136839777215,0.00112843765455528,2.05642837549441,2.13095156054154,2.15181288397007,3,5,5
"609",0.151212426858503,0.504137030005468,0.149787940198605,0.504134457582663,0.0144669845988062,0.00112474470987178,2.05644439111628,2.13092757122274,2.15179940374092,3,5,5
"610",0.151194420606663,0.504136325067894,0.149882502041849,0.504134484966325,0.0144205019241733,0.00112106174565696,2.056478641446,2.13099202729214,2.15184944080037,3,5,5
"611",0.151196992276805,0.504139359510612,0.149811014013051,0.504134676914388,0.0143742406806014,0.00111740338630117,2.05645684391422,2.13093212545792,2.1518222758261,3,5,5
"612",0.151191021606066,0.504135478923803,0.149874113582045,0.504134642778077,0.0143281984657196,0.0011137514085453,2.05646956232177,2.13100111438344,2.15185115101312,3,5,5
"613",0.151182467738689,0.504137999452758,0.149786075991131,0.504134704701751,0.0142823754322658,0.00111012039730263,2.05649730196376,2.13098665957951,2.15186532333857,3,5,5
"614",0.151169225024629,0.504137399610132,0.149898760162189,0.504134781832953,0.0142367612190558,0.00110649903661186,2.0565044229216,2.13102811975175,2.15189501718466,3,5,5
"615",0.151167675380868,0.504137642703924,0.149855905234924,0.504134365960246,0.014191368220644,0.00110290711496375,2.05650207955093,2.13098405834761,2.1518618075843,3,5,5
"616",0.151157034353802,0.504134689511725,0.149909819433003,0.504134385492649,0.0141461855726619,0.00109932344173069,2.05654453871272,2.13108234095805,2.15193631654235,3,5,5
"617",0.151150587333575,0.504139980999477,0.149836505909747,0.504134280556609,0.0141012127702848,0.0010957674186296,2.05654715924235,2.13104796225163,2.15192069367773,3,5,5
"618",0.15113747239031,0.504134153232722,0.149903519110747,0.504134256739484,0.0140564500874311,0.00109221899355372,2.05657000950891,2.13109318052813,2.15195811270487,3,5,5
"619",0.151127128811349,0.504136988446829,0.149906434152029,0.504134757396991,0.0140118990492729,0.00108870753441503,2.05658440078701,2.13106014577516,2.15193107849805,3,5,5
"620",0.151124222833807,0.504138806074896,0.149855932566799,0.504134275703431,0.0139675502239054,0.00108520764475761,2.05660507148799,2.1311567086218,2.15200034335135,3,5,5
"621",0.151111259516155,0.504137648562667,0.149870822188491,0.504134353099281,0.0139234119203643,0.00108172458846656,2.05662613353203,2.13112375214952,2.15197617346922,3,5,5
"622",0.15109330976845,0.504131967757582,0.14981518864659,0.504134432219932,0.0138794746958079,0.00107824286955371,2.05665909221135,2.13117286072824,2.15202846891148,3,5,5
"623",0.151092266199601,0.504142112828177,0.149898811015822,0.504134383631439,0.0138357421889882,0.0010747928856486,2.05666544427018,2.131138628097,2.15200722544431,3,5,5
"624",0.151078454048828,0.504133628039179,0.149861451958599,0.504134508661576,0.0137922110181995,0.00107134039542922,2.05668612686834,2.13122023325842,2.15205802176522,3,5,5
"625",0.151065871160761,0.504137733330792,0.149901706873734,0.504134538259152,0.0137488815397357,0.0010679085400298,2.05671435904865,2.13118624450429,2.15204561850473,3,5,5
"626",0.151053635842171,0.504137167056301,0.149887964645866,0.504134114223163,0.0137057490403505,0.00106448157166983,2.05673596098099,2.13124168436079,2.15209218092949,3,5,5
"627",0.151043477702441,0.504138164127693,0.149919283048826,0.504134545840287,0.0136628169929071,0.00106107674221645,2.05674782108714,2.13119688354124,2.15206765841158,3,5,5
"628",0.151030235183871,0.504134322961173,0.149861485455611,0.504134394327063,0.0136200819601491,0.00105767610070406,2.0567738444646,2.13127299102207,2.15211863831654,3,5,5
"629",0.151017855306087,0.504139249996767,0.14987930992671,0.504134911523456,0.0135775431293471,0.00105429926198297,2.05680038717843,2.13126146418072,2.15211132261594,3,5,5
"630",0.151003459967954,0.50413313745739,0.149818782644449,0.504134522827704,0.0135351968006983,0.00105092379692573,2.05682767896085,2.13129071507772,2.15215081049923,3,5,5
"631",0.15098625040334,0.504141316235793,0.14988351287835,0.50413450823235,0.0134930454079518,0.00104758119236814,2.05686033734891,2.13127475835113,2.15214699252187,3,5,5
"632",0.150980908036965,0.504137258881197,0.149863635589846,0.504134421838999,0.0134510869231923,0.00104423892853212,2.05687120451542,2.13133032439784,2.15217885481979,3,5,5
"633",0.150969558146019,0.504136153392335,0.149891406521793,0.504134441443322,0.0134093201555224,0.0010409107160414,2.05687257072275,2.13128251604462,2.15214779186889,3,5,5
"634",0.15094591440303,0.504136351098312,0.149872263090453,0.504134669720359,0.0133677398365937,0.00103759057869623,2.05693597961135,2.13136571913422,2.15223176266717,3,5,5
"635",0.150938354649053,0.504142326924487,0.149914100744118,0.504134725962402,0.0133263507611726,0.00103429841515357,2.05693234844767,2.13130308095561,2.15219820009286,3,5,5
"636",0.150930456940472,0.504131915470363,0.149830740590649,0.504134639081064,0.0132851491359422,0.00103100673825052,2.05694184844262,2.13136901008807,2.15222415881096,3,5,5
"637",0.15091335768664,0.50413642215861,0.149893960200646,0.50413449372333,0.0132441339024295,0.00102774033041031,2.05697155126733,2.13135335895798,2.15222964458608,3,5,5
"638",0.150907696805332,0.50413617539744,0.149796995959267,0.504134855465707,0.0132033052750617,0.00102448564163404,2.05701031499397,2.13140421298122,2.15228938347463,3,5,5
"639",0.150901019427668,0.504138781435724,0.149795046129397,0.504134177620005,0.0131626628579368,0.00102125908572792,2.05700523228588,2.13136205449647,2.15225774604695,3,5,5
"640",0.150883899086039,0.504136371101072,0.149798583347997,0.504134221479414,0.0131222021236351,0.00101804496480506,2.057037548364,2.13143980248711,2.15231484422517,3,5,5
"641",0.150881102782008,0.5041374264431,0.1498453716516,0.504134389898996,0.0130819287778526,0.00101484917350636,2.05704782409251,2.1314109843213,2.15229054260076,3,5,5
"642",0.150872602126979,0.504135136933021,0.14981901374891,0.504134398110751,0.0130418336762058,0.00101165657832358,2.05706815039585,2.13145066721957,2.15233824475455,3,5,5
"643",0.150860917396134,0.504140259797266,0.149850567350925,0.504134464097507,0.0130019204647429,0.0010084925965218,2.0570876762395,2.13143338082673,2.15233552162459,3,5,5
"644",0.150852570602669,0.504136845521585,0.149778258010404,0.504135196960544,0.0129621897663478,0.00100533582950924,2.05710701788595,2.13149322063011,2.15235213986951,3,5,5
"645",0.15084896828802,0.504135208993721,0.149840740965821,0.504134321738799,0.0129226386267395,0.00100219590081418,2.05711010365271,2.13146456404589,2.15234392474394,3,5,5
"646",0.150834188706937,0.504138978875507,0.149735347344581,0.504134451859052,0.0128832631609496,0.000999065083202022,2.05714101366012,2.13150536542001,2.15238486855797,3,5,5
"647",0.150835508927553,0.504140294592386,0.149845811030284,0.504134424895382,0.0128440683969558,0.000995955852335917,2.05713456877604,2.13147441532804,2.15234879802788,3,5,5
"648",0.150820430011871,0.50413199120919,0.149828189303881,0.504134439411016,0.01280504677537,0.000992842954293027,2.05716908984837,2.1315472033686,2.15240608786835,3,5,5
"649",0.150810528891033,0.504137846778373,0.149862209433603,0.504134551283984,0.0127662021686353,0.000989752546617928,2.05718393709194,2.13151950075702,2.15239080568233,3,5,5
"650",0.150809825433334,0.504138616515441,0.149828857654863,0.504134493845901,0.0127275317029668,0.000986671821392116,2.0571832321258,2.13154050469476,2.1524032960289,3,5,5
"651",0.150801702476053,0.504136819175496,0.149887872547096,0.504134670161684,0.0126890323875901,0.00098360450326973,2.05719274132415,2.13151949937702,2.15239490190964,3,5,5
"652",0.150788900279178,0.504134727503798,0.149908042156177,0.504134465905922,0.012650705978281,0.000980546795985804,2.05722118868646,2.13158715085564,2.15244947619144,3,5,5
"653",0.150782664238962,0.504140866325859,0.149796413516823,0.504134168913552,0.0126125534189739,0.00097751504881971,2.05723503458451,2.13156044279543,2.15241401440668,3,5,5
"654",0.15077730956133,0.504135146844077,0.149874685818151,0.50413429401541,0.0125745676510015,0.000974483055341424,2.05724195279849,2.13158719244927,2.15245004026955,3,5,5
"655",0.15077463791123,0.504137208798514,0.149863528941116,0.504134399123016,0.0125367514206749,0.000971469382062939,2.05724007131239,2.13154750250406,2.1524412115746,3,5,5
"656",0.150764842404766,0.504137035348161,0.149851288950806,0.504134251347,0.0124991055747573,0.000968473142366144,2.05727300788692,2.13162679934503,2.1524787633398,3,5,5
"657",0.150753933517981,0.504137380364579,0.14983554972761,0.50413456042227,0.0124616263119641,0.000965497280903227,2.05729389075127,2.13160596731998,2.15246676075521,3,5,5
"658",0.150757899969941,0.50413988231461,0.149837886412232,0.504134358154274,0.0124243133117774,0.000962531185876858,2.05728148912976,2.13161324578489,2.15248724147428,3,5,5
"659",0.150750901570636,0.5041374121677,0.149871843978194,0.504134593663693,0.0123871658610721,0.000959573107950029,2.05728588206357,2.13158908701743,2.15247629094772,3,5,5
"660",0.150741759062198,0.504134158416024,0.14991249781897,0.504134418349161,0.0123501833661042,0.000956617012554117,2.05731895544944,2.13166030211554,2.15251412351561,3,5,5
"661",0.150735001404993,0.504137040407328,0.149852561851504,0.5041346106553,0.0123133651124888,0.000953680367426268,2.0573260319873,2.13162990002628,2.15250507769456,3,5,5
"662",0.150732653870798,0.504139459484831,0.149949425533832,0.504134312327185,0.012276708978092,0.000950752843579261,2.05732393184366,2.13164496584229,2.15251673085609,3,5,5
"663",0.150734124388605,0.504134871922182,0.149841061650232,0.504134673685466,0.0122402134004368,0.000947829471596662,2.05732515981599,2.13162046325222,2.15251917956681,3,5,5
"664",0.15072394345244,0.504133996350758,0.149988952066862,0.504134590027098,0.012203880518644,0.000944919009251866,2.05734123785723,2.13167835692596,2.15254521990577,3,5,5
"665",0.150719897853339,0.504139836058021,0.149871265726609,0.504134442678163,0.0121677107955956,0.000942031535903998,2.05734249335915,2.13163968380784,2.15250881334315,3,5,5
"666",0.150723328903345,0.504139119585034,0.149909450129245,0.504134307162833,0.0121316978333338,0.000939148347156027,2.05732773042179,2.13165289641901,2.15251786647633,3,5,5
"667",0.150725311876695,0.504136532076525,0.149887994073874,0.504134317658547,0.0120958452857347,0.000936290860423683,2.05730942259269,2.13161050247157,2.15249337078914,3,5,5
"668",0.150714478981593,0.504135090527531,0.149936059418394,0.504134586252971,0.01206015204051,0.000933465440031589,2.05733005760172,2.13165935012593,2.15250846438879,3,5,5
"669",0.150718185450061,0.504139194194254,0.149929681787982,0.504134803968474,0.0120246166323915,0.000930656956315445,2.05730750751697,2.13160411230491,2.15245894683974,3,5,5
"670",0.150713621488687,0.504137600104189,0.1498767953023,0.504134587625047,0.0119892378119236,0.000927865025898256,2.05731284877334,2.13162725093814,2.15247393235205,3,5,5
"671",0.15071992852502,0.504132663342838,0.149928872118196,0.504134345886344,0.0119540147671519,0.000925083461270293,2.05728658571651,2.13157585174993,2.15243703547217,3,5,5
"672",0.150714496143336,0.50413772753786,0.149927861630277,0.50413433179114,0.0119189460322049,0.00092232273534365,2.05729849417128,2.13163010437348,2.15247079149883,3,5,5
"673",0.150713718696191,0.504139501212918,0.149849913402704,0.504134302209418,0.011884033303711,0.000919580730876834,2.05728079986683,2.13157534394803,2.15241382759816,3,5,5
"674",0.15070819109988,0.504133579817822,0.149909032249855,0.504134320706261,0.0118492724490712,0.00091684070596687,2.0572980038018,2.13160949736787,2.15244492100831,3,5,5
"675",0.150719967798871,0.504138043812793,0.149845455157392,0.504134204260675,0.0118146629231633,0.000914117608150855,2.05724887941574,2.13154690693009,2.15239969170475,3,5,5
"676",0.150715108442814,0.504138016142043,0.149865410869528,0.50413442319445,0.0117802060320159,0.000911411428548337,2.05726322117488,2.13158704284863,2.15241992023523,3,5,5
"677",0.150709453172841,0.504134796031019,0.149859053009967,0.504134589724077,0.0117459006449584,0.000908713570141995,2.05725682724528,2.13154219729215,2.15237188619351,3,5,5
"678",0.150714215698729,0.504139286746184,0.149871294810349,0.504134752918263,0.0117117431464366,0.000906032789796618,2.05725477519889,2.13156205086224,2.15240189131523,3,5,5
"679",0.150718128040912,0.504138882979079,0.149865570653675,0.504134640341799,0.0116777353981555,0.000903363162459425,2.05722685352949,2.13151876055879,2.15236018208451,3,5,5
"680",0.150704085176636,0.504134732736634,0.149831506476146,0.50413441378229,0.0116438749506404,0.000900698852381199,2.05725762110837,2.13158414864063,2.15239192215932,3,5,5
"681",0.150708611281729,0.504138776184325,0.14984556616207,0.504134083235039,0.0116101630709015,0.000898053745401972,2.05723412794649,2.13151285393253,2.15234039374594,3,5,5
"682",0.150706380042292,0.504139472865679,0.149846778966507,0.504134317761968,0.0115765954836779,0.000895413110570176,2.05725278219425,2.13157346352509,2.15239398100745,3,5,5
"683",0.150700337042846,0.504135629674176,0.149868428636135,0.504134360175114,0.0115431715539851,0.00089277940105148,2.05724389808085,2.13153220170842,2.15235720349265,3,5,5
"684",0.150695858490555,0.504135284116674,0.149830636518426,0.504134531919082,0.0115098912966159,0.00089016123477581,2.05727088076526,2.13159630348982,2.15240374635297,3,5,5
"685",0.150694658729346,0.504137397298112,0.14986086879565,0.504134607317989,0.0114767553806453,0.000887562066815728,2.05726665969164,2.13154762084962,2.15236924884344,3,5,5
"686",0.150684687370389,0.504137969932791,0.149808093206272,0.504134856561563,0.0114437605171091,0.00088497698368506,2.05728341764352,2.13161260007067,2.15239961447546,3,5,5
"687",0.150685151855559,0.504136201475049,0.149879458969717,0.504134320889486,0.0114109076106613,0.000882397292446435,2.05728433349061,2.13157464896899,2.15238370575367,3,5,5
"688",0.150677674138622,0.504139292140493,0.149812765449027,0.504134425034528,0.0113781943640178,0.000879827982507631,2.05730858124689,2.13164311433433,2.1524306913572,3,5,5
"689",0.150673267030281,0.504133508115163,0.14989165267822,0.504134389123473,0.0113456230383577,0.000877263089375968,2.05729189994961,2.13159463732533,2.15237501226826,3,5,5
"690",0.150667551520755,0.504140325875469,0.149862145842525,0.50413400620551,0.0113131901305355,0.000874714961915268,2.05733683485363,2.1316619309291,2.15243899132012,3,5,5
"691",0.150658707845176,0.504137918419321,0.149876938522717,0.50413463122392,0.0112808914526215,0.000872169084677354,2.05734236618476,2.13164073692548,2.15242204383804,3,5,5
"692",0.150646591160014,0.504138192892177,0.149951032252233,0.504134702797058,0.0112487309898532,0.000869632718703439,2.05737844246005,2.13171561693481,2.1524664605595,3,5,5
"693",0.150650031892781,0.50413646926678,0.149859756068817,0.504134675828065,0.0112167085061336,0.000867102889902216,2.05735997048495,2.13166152367173,2.15242015570463,3,5,5
"694",0.150629257122513,0.504135929229054,0.149952314407136,0.504134465684931,0.0111848191170993,0.00086457541286955,2.05742982055653,2.1317619052597,2.15250737141058,3,5,5
"695",0.150629792381344,0.504135532529804,0.14983086276423,0.504134474059228,0.011153063472661,0.000862056103270614,2.0574146344902,2.13172512948362,2.15247087688448,3,5,5
"696",0.150625454493711,0.504140184225401,0.149924198870973,0.504135058953456,0.0111214448257701,0.000859560047665187,2.05742734390865,2.13177135105991,2.15248951641525,3,5,5
"697",0.150618483941083,0.504137848639521,0.149814066553394,0.504134556205279,0.011089958333667,0.000857077187076283,2.05744150415466,2.13174758100483,2.15247954906866,3,5,5
"698",0.150603597808931,0.504133213762815,0.149858556806499,0.504134493623122,0.0110586020186452,0.000854601801788757,2.05747713995674,2.1318242654165,2.15254381978932,3,5,5
"699",0.150616042217774,0.504139740287441,0.149820389585794,0.504134387007684,0.0110273814475103,0.000852146436834511,2.05744437560496,2.13175931017595,2.15248068477223,3,5,5
"700",0.150596980329405,0.504136404309464,0.149897637554642,0.504134176863254,0.0109962895625433,0.000849693558497733,2.0574930147437,2.1318441320231,2.15255248303412,3,5,5
"701",0.150595986066405,0.504137315262394,0.149878733945027,0.504134358151038,0.0109653268466531,0.000847257741989793,2.05746313552497,2.13179029366219,2.15248457792973,3,5,5
"702",0.150586848339999,0.504138930210069,0.149910708928987,0.504134461491913,0.0109344962817117,0.000844832260751716,2.05751433739584,2.1318583493425,2.15256663525988,3,5,5
"703",0.150588996334719,0.504134920346778,0.149866620636415,0.504134490696771,0.0109037940873001,0.000842408490767887,2.05749027349673,2.13180744319235,2.15251295273939,3,5,5
"704",0.150577206025543,0.504135118989675,0.149885689313126,0.504134286755455,0.0108732187820736,0.000839989462584456,2.05751372399821,2.13188066083614,2.15255958423084,3,5,5
"705",0.150579680486936,0.504140504203892,0.149795146901288,0.50413478746373,0.0108427725310237,0.000837587668430451,2.0575118589808,2.13183816886759,2.15253523812837,3,5,5
"706",0.150554636385104,0.504133905877797,0.14984534588625,0.50413452016592,0.0108124493365296,0.000835180918041689,2.05757487564038,2.13191327203933,2.1526167817915,3,5,5
"707",0.150570003889153,0.504135292098326,0.149753864961402,0.504134630176157,0.0107822545642729,0.000832787513888156,2.05751198605261,2.1318453770072,2.1525277263258,3,5,5
"708",0.150554742550171,0.504140298611734,0.149862127631835,0.50413432195039,0.0107521846397113,0.00083040510503829,2.05757199751943,2.13192515901512,2.15262527507444,3,5,5
"709",0.150549621383486,0.504135475631445,0.149764922817827,0.504134188838358,0.0107222371936212,0.000828024713640962,2.0575607142016,2.13188473290444,2.15258261835123,3,5,5
"710",0.150537655109988,0.504131988077209,0.149843789319839,0.504134305239404,0.0106924120858244,0.00082565313662275,2.05758375310724,2.13193415524225,2.15262785984052,3,5,5
"711",0.150543355199301,0.50414161765095,0.14982952164289,0.504134422435941,0.0106627128947023,0.000823312055259873,2.05757153730965,2.1318948757845,2.15260206198971,3,5,5
"712",0.150524771037999,0.504137094202754,0.149847652992032,0.504134196658834,0.0106331334900935,0.000820980592377007,2.05762059960839,2.13197177496141,2.15267276670046,3,5,5
"713",0.150532242648404,0.504135184339886,0.14979587514374,0.504134354735529,0.0106036759399513,0.000818655924399558,2.05758101837543,2.13191158056058,2.1526027787621,3,5,5
"714",0.150513102504707,0.504137722433789,0.14985555261746,0.504134737439423,0.0105743388530693,0.000816339470422145,2.05764083312309,2.13197769659823,2.15269378266039,3,5,5
"715",0.150517723986567,0.50413894686821,0.149782354695261,0.504135006174727,0.0105451230167551,0.000814034455335011,2.05760891430229,2.13193166971045,2.15263901463856,3,5,5
"716",0.150510116232727,0.504136278366728,0.149849401522711,0.50413450378295,0.0105160260954226,0.000811726586492645,2.05763641009983,2.13199967540325,2.15268746434208,3,5,5
"717",0.150505675449422,0.504138647115442,0.149775939574602,0.504134447821275,0.0104870490448727,0.000809441040522829,2.05763259261905,2.13197224317048,2.1526807306136,3,5,5
"718",0.150486590895361,0.504135905630796,0.149866124359204,0.504134359334878,0.0104581880107127,0.00080715678943144,2.05768044819139,2.13204659619932,2.15273767193698,3,5,5
"719",0.150504612206622,0.504135569237216,0.149824495534943,0.50413447886134,0.0104294486286298,0.000804880903102267,2.0576312440904,2.13196196625922,2.15265392102128,3,5,5
"720",0.150486500808329,0.504136681962907,0.14989622052631,0.50413451246853,0.0104008250022346,0.000802611566604994,2.05766822200696,2.13204646479028,2.15272976062105,3,5,5
"721",0.150476473675668,0.504135679189559,0.149841378678243,0.504134097796426,0.0103723164341528,0.000800345720685103,2.05769046062679,2.13202159741471,2.15272724070619,3,5,5
"722",0.150477937744091,0.5041367552672,0.149830395795038,0.504134068519424,0.0103439248733627,0.000798093343387207,2.05768759861812,2.13206360819222,2.15273972176384,3,5,5
"723",0.150479846673528,0.504139140127428,0.149839805412127,0.504134220224144,0.0103156509703592,0.000795854275756902,2.05767659182128,2.13203609956573,2.15270965932623,3,5,5
"724",0.150465527946125,0.504134826197788,0.149853083060196,0.504134518625498,0.0102874911356982,0.000793615364488187,2.05770512935078,2.13208141121164,2.15275642531261,3,5,5
"725",0.150469479103511,0.504136495113096,0.149882347651999,0.504134534612595,0.0102594459426123,0.000791391806707176,2.0576998858995,2.13205588107474,2.15272645202989,3,5,5
"726",0.150455785542689,0.504138315557325,0.149784787332177,0.504134658161192,0.0102315131210612,0.00078918100544112,2.05772784327515,2.13213117043691,2.15277157410507,3,5,5
"727",0.150466176254729,0.504136671298363,0.149867321929192,0.504134733496437,0.0102036977166937,0.000786983580546741,2.05771599754856,2.13208158088297,2.15274338349048,3,5,5
"728",0.150462653011484,0.50413610942319,0.149781229815553,0.50413466587857,0.0101759939919896,0.000784800778376726,2.05771048736519,2.13210121197896,2.152747526078,3,5,5
"729",0.150460891880729,0.504136776253468,0.149811669814041,0.504134470356014,0.0101484028411057,0.000782630721489874,2.05770613317661,2.13209553174081,2.15273444703952,3,5,5
"730",0.150449054403384,0.504132932132795,0.149775124486566,0.504134446226035,0.0101209226966713,0.000780458004604023,2.05774893010679,2.13214554713485,2.15277714771322,3,5,5
"731",0.150467868004167,0.504140628013815,0.149835869585823,0.504134439966366,0.0100935573907179,0.000778306215378111,2.05770748767945,2.13208780387492,2.15272315366296,3,5,5
"732",0.150457363799092,0.504136893948032,0.149786857597731,0.504134685015344,0.0100663001466624,0.000776151985365181,2.05770845299993,2.1321213223001,2.15274507331447,3,5,5
"733",0.150453000540264,0.504135901767228,0.149858904162508,0.504134548031761,0.0100391537196133,0.00077400678907924,2.05773140879356,2.13211794628409,2.15274179456284,3,5,5
"734",0.150447735963002,0.504137115134188,0.149763363609304,0.50413462300151,0.0100121159002081,0.000771868114179841,2.05773969708621,2.13216427717339,2.15275953565049,3,5,5
"735",0.150458362118961,0.504137447242328,0.149824354556842,0.504134278255582,0.00998518829992839,0.000769744629664504,2.05772924180205,2.13213491795544,2.15274880516866,3,5,5
"736",0.150442428147634,0.504135229528974,0.149814839743818,0.504134404769891,0.00995836684167045,0.000767626577860003,2.05774252429011,2.13217949946322,2.15277322150875,3,5,5
"737",0.150452620957334,0.50413923164299,0.149883821682065,0.50413432558697,0.00993165322051384,0.000765527063261606,2.05770596611087,2.13212953528991,2.15272181039195,3,5,5
"738",0.150437949286517,0.504132505332678,0.149825449424887,0.504134645109335,0.00990504301266281,0.000763420615396693,2.05775529589181,2.13221368949738,2.15279530854116,3,5,5
"739",0.15044600382127,0.504139308109806,0.149904921937703,0.504134575053486,0.00987854202709054,0.000761336136866686,2.05773717999493,2.13219288545605,2.152767543454,3,5,5
"740",0.150447648234476,0.504137445793401,0.14981373137151,0.504134238810315,0.00985214572444085,0.000759253944441207,2.05771158486629,2.13220381474797,2.15276374486091,3,5,5
"741",0.150445845947535,0.504135756920624,0.149871520011388,0.504134220854308,0.00982585351590857,0.000757175035873248,2.05772935078431,2.13219433192778,2.15275947849207,3,5,5
"742",0.150429254673667,0.504133856886858,0.149832953217604,0.504134075357348,0.00979966367762062,0.000755104495143266,2.05777454671041,2.13228788866213,2.15282658891227,3,5,5
"743",0.150449838426589,0.504139295300986,0.149812547876569,0.504134390502527,0.00977357991021578,0.000753053393484748,2.05770518092126,2.13221870469572,2.15275271881766,3,5,5
"744",0.150435888762828,0.504135703929911,0.149812674073448,0.504134736124455,0.0097475967270415,0.000751009741334574,2.05776072227091,2.13228297453043,2.15281388021687,3,5,5
"745",0.15043247992633,0.504135175502557,0.149841596540847,0.504134215916084,0.00972171545069524,0.00074897147387798,2.0577545532854,2.13226914173911,2.15278657148511,3,5,5
"746",0.150427968157885,0.50413799760564,0.149796868117405,0.504135137302577,0.00969593561684357,0.000746941482302144,2.05777092575383,2.13232276024113,2.15282406892595,3,5,5
"747",0.150434037591548,0.504139051520764,0.149864551666334,0.504134443564191,0.00967025654024496,0.000744921794927356,2.05775348529642,2.13229139393112,2.15279994559759,3,5,5
"748",0.150418031970347,0.50413571474816,0.149793643010358,0.504134804705428,0.00964467690168527,0.00074290782582731,2.05780401968327,2.13237898725048,2.15285798551494,3,5,5
"749",0.150426032784765,0.50413775426388,0.149893709541555,0.504134866349464,0.0096191977277732,0.000740905338752929,2.05776416912994,2.13231582142222,2.15280922062917,3,5,5
"750",0.15041101175422,0.504137168753451,0.149854093538571,0.504134257564389,0.00959381615439571,0.000738904099970017,2.05782446669283,2.13241037937981,2.15288480693273,3,5,5
"751",0.150417911142165,0.50413555965297,0.149886852929079,0.504134438599717,0.0095685351403568,0.000736908873905096,2.05779562824092,2.13238167104419,2.15283761333887,3,5,5
"752",0.150412204990761,0.504136208561628,0.149883328957648,0.504134376982118,0.0095433520103148,0.000734926039576256,2.05781865164838,2.13243640047407,2.15289555629348,3,5,5
"753",0.15041152254407,0.504139374401851,0.14995118683277,0.504134256704959,0.00951826647209623,0.000732957555129476,2.05781610777156,2.1324006906837,2.15285354397224,3,5,5
"754",0.150398105129945,0.504135287379135,0.149859684975854,0.504134501348637,0.00949327759317078,0.00073099067678184,2.05786095674273,2.13249510688516,2.15292590030793,3,5,5
"755",0.150414563641779,0.50413600109756,0.149889071338804,0.504134756714859,0.00946838849659983,0.000729035266578193,2.05780055517441,2.13242731197463,2.15286305916218,3,5,5
"756",0.150399283094931,0.504136847168641,0.149831918392135,0.504134555241439,0.00944359313087235,0.00072708339363714,2.05786437378183,2.1325103763496,2.15294620923646,3,5,5
"757",0.150399433337319,0.504135989172579,0.149901551884854,0.504134369218929,0.00941889406720968,0.00072514943967561,2.0578538205157,2.13247682665868,2.15290569209655,3,5,5
"758",0.150398509204584,0.504135436242701,0.14984472049454,0.50413431133077,0.00939429201031729,0.00072323026702148,2.05786006366478,2.13253531117911,2.15295187343167,3,5,5
"759",0.150406488972748,0.504138271775251,0.149897017310481,0.504134539166874,0.00936978584803004,0.000721329010521687,2.05782965359625,2.13247028135611,2.15290805012542,3,5,5
"760",0.150392850689826,0.50413590256378,0.149798562139147,0.504134853412996,0.00934537173605079,0.000719431965088613,2.05788585647762,2.13256737269557,2.15298056196986,3,5,5
"761",0.150404327524987,0.504138823492769,0.1498696028589,0.504134645841584,0.00932105515271365,0.000717548496142917,2.05782824408466,2.13248164583226,2.15291980931473,3,5,5
"762",0.150390511883262,0.504136300362082,0.149780627885374,0.504134512564647,0.00929683021985586,0.000715663867734473,2.05788411991611,2.13255517147532,2.1529940714018,3,5,5
"763",0.150397104236651,0.504137088925711,0.149912468404614,0.504134314455656,0.00927269906479824,0.000713792072418618,2.0578570947507,2.13252580176997,2.15295974502858,3,5,5
"764",0.150396031205895,0.504137886757302,0.149822695105066,0.504134099597503,0.00924866238662045,0.000711933661958875,2.05786003693959,2.13255368282266,2.15298923680024,3,5,5
"765",0.15039315083868,0.504139135870952,0.149826324405904,0.504134139405037,0.0092247181895951,0.000710086589803871,2.05786734705177,2.13251623538696,2.15296764149974,3,5,5
"766",0.15038170699983,0.504136822026118,0.149870096687515,0.504134418391197,0.00920086407238526,0.000708238702812336,2.05790717939778,2.1326075561186,2.15304293073397,3,5,5
"767",0.150395339973156,0.504134718577627,0.149856003635114,0.504134484666554,0.00917710548650596,0.00070639676308637,2.05785192996183,2.13252532030734,2.15298297039304,3,5,5
"768",0.150386252516042,0.504139203634657,0.149811469308255,0.504134682059994,0.00915343596268842,0.000704561804956927,2.0578935857764,2.13258488596061,2.15302743729814,3,5,5
"769",0.150382888004698,0.504136322097017,0.149804777692745,0.504134609760101,0.0091298561790849,0.000702733769343933,2.05789043677135,2.13256445946827,2.15301390770341,3,5,5
"770",0.1503829515018,0.504135998069597,0.149796440934873,0.504134285297629,0.00910636885902804,0.00070091355691182,2.05789245680286,2.13259787921028,2.15305224155732,3,5,5
"771",0.150387710204063,0.504137280748785,0.149806314834029,0.50413442375254,0.00908297191774909,0.000699103032630988,2.0578750931535,2.13254485970008,2.15300707331646,3,5,5
"772",0.150373688297504,0.504137691440445,0.149832019930217,0.504134729477622,0.00905966208850353,0.000697290949168927,2.05791639468926,2.13262567901547,2.15306728926902,3,5,5
"773",0.150384868864409,0.504139073013355,0.149847097109819,0.504134587427021,0.00903644461515161,0.000695494851106204,2.05786656440125,2.13254439284137,2.15301514622659,3,5,5
"774",0.150373024522799,0.504136692482749,0.149847814630084,0.5041343240188,0.00901331428306909,0.00069369843518452,2.05791498393019,2.13260978562823,2.15306998599219,3,5,5
"775",0.150381299622261,0.504137212857689,0.149798664166142,0.504134565131379,0.00899027271707424,0.000691908372676742,2.05788336707657,2.13256799472443,2.15304045985036,3,5,5
"776",0.150373061376724,0.504139073935804,0.149830286033178,0.504134306606872,0.00896731929615169,0.000690122741607513,2.05791258670813,2.13262774314999,2.15307939602308,3,5,5
"777",0.150377011614116,0.504138197816964,0.149807278067,0.504134276527248,0.00894445402480458,0.000688344146771436,2.05789258300891,2.13256042787932,2.15304325244707,3,5,5
"778",0.150369685901197,0.504133815766012,0.14985291734252,0.504134253958532,0.00892167395006486,0.000686565451092469,2.0579147581369,2.13262988455997,2.15310138116731,3,5,5
"779",0.150380769242253,0.504139160309196,0.149821084059202,0.50413427921533,0.0088989836239519,0.000684813395863682,2.05787483270531,2.13256841525616,2.15304211593423,3,5,5
"780",0.150368048095102,0.50413856550087,0.149838093800085,0.50413455480908,0.00887637629392146,0.000683068194762826,2.05793861884752,2.13265031904115,2.15311621840033,3,5,5
"781",0.150372563309547,0.504136504800855,0.149780207407596,0.504134809190379,0.00885385517297953,0.000681329970740108,2.05790815496025,2.13259308848263,2.15309504248689,3,5,5
"782",0.150365744772203,0.504137602535333,0.149890409090808,0.504134471731261,0.00883141932797913,0.000679596494251977,2.05793035880143,2.13265029902654,2.15312962917404,3,5,5
"783",0.150370543403489,0.504137539289608,0.149814035966905,0.504134317016479,0.00880906862017559,0.000677870107117173,2.05792248805813,2.13261385742445,2.15310628537283,3,5,5
"784",0.150359077096622,0.50413286654877,0.149931398528882,0.50413423132555,0.00878679952593393,0.00067613739928174,2.05796654574675,2.13268087528616,2.15316881216019,3,5,5
"785",0.150361747873679,0.504138541132514,0.149871456477914,0.504134246959506,0.00876461596413477,0.000674425699146552,2.05795186221965,2.13263823330621,2.15314544824439,3,5,5
"786",0.150354158959409,0.50413857002232,0.149851241017629,0.504134638977809,0.00874251446880417,0.000672719035129887,2.05799228580887,2.13270828309143,2.15319828569159,3,5,5
"787",0.150356652852424,0.504133996365819,0.149806255888292,0.504134847679335,0.00872049566228202,0.000671017296637433,2.05797332623449,2.13266979217521,2.15317467765964,3,5,5
"788",0.15034507881686,0.504135482538805,0.149862508666423,0.504134581658765,0.00869855816525025,0.000669322222902946,2.0580205263662,2.13273861863096,2.15324048592496,3,5,5
"789",0.150344488265683,0.504135264952589,0.149831913046702,0.504134148496362,0.00867670101936169,0.000667635277703194,2.05802646610513,2.13270936085189,2.15323432140548,3,5,5
"790",0.150332244368564,0.504133029006526,0.149852112150003,0.504134147060991,0.00865492281395401,0.000665947589774563,2.05806324739219,2.13278316832553,2.1532975394669,3,5,5
"791",0.150336482796853,0.504139578008287,0.149888022239117,0.504134552912808,0.00863322684973949,0.000664277503585997,2.0580383318935,2.13273219726333,2.15326516440271,3,5,5
"792",0.150323600536749,0.504138122260563,0.149921422712175,0.504134368563911,0.0086116091287576,0.000662615371848196,2.05810112748219,2.13280156088064,2.15332730337896,3,5,5
"793",0.150328175055228,0.504136665133896,0.149833391700382,0.50413438300495,0.00859007143385635,0.000660958265314426,2.05808008490106,2.13277460515418,2.15333269301495,3,5,5
"794",0.150320270451334,0.504137739351788,0.149847738731734,0.504134260714935,0.0085686134335482,0.000659306785073088,2.05809753677534,2.13280720178552,2.15333152351552,3,5,5
"795",0.150315480997846,0.504138564035626,0.149852601480384,0.50413452143621,0.00854723373516432,0.000657660134213756,2.05810697741448,2.13278542240819,2.1533350165082,3,5,5
"796",0.150306695346392,0.504132469161564,0.149862742826847,0.504134356879579,0.00852593108248877,0.000656010405829077,2.05812571841103,2.13283003479065,2.15337873151413,3,5,5
"797",0.150307964689937,0.504141239242901,0.149912550928858,0.504134318259186,0.00850470788423537,0.000654384756634374,2.05809760587644,2.13276706737938,2.15332208319299,3,5,5
"798",0.150297676776869,0.504135158455297,0.149829163753032,0.504134330846641,0.00848356017697739,0.000652753995378563,2.05814831415546,2.13285612137995,2.15340201217803,3,5,5
"799",0.150299613822054,0.504132289659686,0.149840422729008,0.504134465736561,0.00846249119276694,0.000651130612260298,2.05810441127779,2.1327647495717,2.1533209897563,3,5,5
"800",0.150294049179667,0.504138576734111,0.149892555978557,0.504134437617042,0.00844149869675889,0.00064953079885044,2.05811644347215,2.13280667133203,2.15336237499607,3,5,5
"801",0.150287125961704,0.504137152282282,0.149890822207714,0.504134651099592,0.00842058162960626,0.000647930490161319,2.05814281311952,2.13280659557728,2.15337699501857,3,5,5
"802",0.15028307441211,0.504132593781379,0.149772598620738,0.504134864613807,0.00839974027800192,0.000646339379402949,2.05813528234163,2.13283085370511,2.15339442355803,3,5,5
"803",0.150285891747491,0.504136826406145,0.149855786946511,0.50413435073762,0.0083789758378115,0.000644771318588866,2.05810837685419,2.13276685121723,2.15334848874517,3,5,5
"804",0.150278546419752,0.50413936422035,0.149853547727579,0.504134504041323,0.00835828567697082,0.000643212113759284,2.0581338048177,2.13282615399117,2.1533761167472,3,5,5
"805",0.150275183584872,0.504132177526652,0.149880720284087,0.504134534398834,0.00833767043607332,0.000641647989180871,2.05812980016499,2.13279892148171,2.15337628796684,3,5,5
"806",0.150273414261822,0.50414222029212,0.149761489478732,0.504134596991945,0.0083171319122553,0.000640101396963799,2.05814441503631,2.13283064023453,2.15337241345094,3,5,5
"807",0.150274280398338,0.504136374630496,0.149843128340407,0.504134576813828,0.0082966664171954,0.0006385560322969,2.05812669746629,2.13280228100752,2.15335414157444,3,5,5
"808",0.150269313250714,0.504133339069534,0.149797668291569,0.50413468244165,0.00827627587417644,0.000637012707952134,2.05812241295078,2.13280340813225,2.15334228749328,3,5,5
"809",0.15026794815503,0.504137799078186,0.149845873311617,0.504134392958401,0.00825595974045145,0.00063548311533268,2.05812730564272,2.13281400560482,2.15334734925194,3,5,5
"810",0.150259476981405,0.504138737519602,0.149778803699598,0.50413434112654,0.00823571675137132,0.000633956569535576,2.05815123737819,2.13284806912867,2.15334776331127,3,5,5
"811",0.15026943924568,0.504133256069669,0.14982639858551,0.504134337513163,0.00821554873138584,0.000632429870131568,2.05810497928615,2.13278681122767,2.1533103374796,3,5,5
"812",0.150260896766504,0.504141440623408,0.149731720372511,0.504134638821536,0.00819545437537053,0.00063091615055566,2.05812722703398,2.13282784475941,2.15331104867699,3,5,5
"813",0.150255377570964,0.504134057898917,0.149814289969467,0.504134735964208,0.00817543069456408,0.000629394788621562,2.05814049764552,2.13281851599416,2.15331088018702,3,5,5
"814",0.150249229799851,0.504134860887047,0.149700553098456,0.504134679493611,0.00815547939099389,0.000627877820270739,2.0581345612927,2.13284462179803,2.15330562722129,3,5,5
"815",0.150257625217543,0.504138112841769,0.149768659402657,0.504134532851201,0.00813560176526975,0.000626376314094124,2.05809951871582,2.13278899617695,2.1532629536152,3,5,5
"816",0.15024564829281,0.504139747429016,0.149763655439978,0.504134278444382,0.00811579476865415,0.000624887476510461,2.05813876080058,2.1328349645572,2.15327023191166,3,5,5
"817",0.150251162476856,0.504131088867143,0.149830066575506,0.504134217815524,0.00809606036164351,0.000623398856156143,2.0581044893101,2.1328144348001,2.15325619989424,3,5,5
"818",0.150240270703211,0.504143559855036,0.149789081212378,0.504134443535059,0.00807639758895051,0.000621931348250171,2.05814417882774,2.13285913711755,2.15327600672869,3,5,5
"819",0.150241597607028,0.504133313618337,0.149802924645757,0.504134613865803,0.0080568036785053,0.000620454739206688,2.05811778882116,2.13281512642525,2.15323648934957,3,5,5
"820",0.150234108628948,0.504135452092726,0.149766445597601,0.504135307285789,0.00803728120047589,0.000618983650749638,2.05813726368699,2.13287129230695,2.15327038347375,3,5,5
"821",0.150235613359676,0.504139708146226,0.149842967643876,0.504134503310013,0.00801782962598243,0.000617524304439732,2.05813544947876,2.13285552679004,2.15325781073784,3,5,5
"822",0.150222933648182,0.504137124429838,0.149826723810621,0.504134329819254,0.00799844586742112,0.000616065430131041,2.05817294935102,2.13290429889105,2.15328615807238,3,5,5
"823",0.150224589169463,0.504132906701138,0.149845756447276,0.504134654384656,0.00797913134391102,0.000614610178518493,2.05813648708496,2.1328743649162,2.15325713360375,3,5,5
"824",0.150220135609954,0.504142566746932,0.149747570485351,0.504134537083351,0.00795988675492161,0.00061317217606216,2.05815927323373,2.13290017152844,2.15326959489124,3,5,5
"825",0.150209836153035,0.504132461384315,0.149856391878493,0.50413435028951,0.00794070907137408,0.000611725816357045,2.05818880915086,2.13291271696104,2.15329182465712,3,5,5
"826",0.150204665976914,0.504136494998962,0.149847489080614,0.504134289477322,0.00792160018045595,0.000610287911074647,2.05818773413018,2.13294524751712,2.15329427932191,3,5,5
"827",0.150204007125782,0.504137163511667,0.149865985629247,0.504134404202132,0.00790255869905201,0.000608856840814576,2.05817244836563,2.13291130238783,2.15326963616813,3,5,5
"828",0.15019407823909,0.504138748418914,0.149842939598895,0.504134504659953,0.00788358471816949,0.000607428880391003,2.0582238140347,2.13296443108269,2.1533214671521,3,5,5
"829",0.150190710006174,0.504132150757787,0.149856552853583,0.504134409938689,0.00786467749107585,0.000605995443377472,2.0582097468884,2.13296318682797,2.15333288295012,3,5,5
"830",0.150184035099504,0.504140155612713,0.149828941028767,0.504134356201397,0.0078458374281503,0.000604578137893941,2.05823745009131,2.13299569253445,2.15332868987442,3,5,5
"831",0.150179022934987,0.504135218210706,0.149893909317402,0.504134937043452,0.00782706265725742,0.000603158911275825,2.05822318448279,2.13296582254778,2.15332406599998,3,5,5
"832",0.150166566828753,0.50413822040435,0.149837598366243,0.504134670154012,0.00780835386690277,0.00060174630403198,2.05828123589361,2.13303406107623,2.15338243148248,3,5,5
"833",0.150169899869875,0.504135532327869,0.149865824638699,0.504134580535182,0.00778971196278385,0.000600341977393226,2.05825100727487,2.13300614912046,2.15335109698547,3,5,5
"834",0.150156379826961,0.504136401951689,0.149812290513318,0.504134342247061,0.00777113479765513,0.000598945769865966,2.05829868053408,2.13305442024119,2.15339065890243,3,5,5
"835",0.150151331025295,0.504134154397408,0.149859139271294,0.504134474747919,0.00775262121620464,0.000597552117579947,2.05829692980805,2.13304903667715,2.15341081642188,3,5,5
"836",0.150144172647558,0.504142775465738,0.149826969193494,0.504134754183788,0.00773417353182279,0.000596172654974358,2.05832705143905,2.13309678666116,2.15343765097161,3,5,5
"837",0.15014507751933,0.50413247282359,0.149876254680004,0.504134264044384,0.0077157903447315,0.000594784210833144,2.05830990794492,2.13305992612263,2.15341610809855,3,5,5
"838",0.150122130263771,0.504136964017497,0.149796953295299,0.504134508612668,0.00769746979241843,0.000593412626283985,2.05838403786293,2.13313983057971,2.15349584038918,3,5,5
"839",0.150124160619686,0.504137478343867,0.14993823501048,0.504134537209001,0.00767921264235205,0.000592049190730082,2.05835433997478,2.1331051876572,2.15347250229235,3,5,5
"840",0.150119482982551,0.50413942566078,0.149827412288983,0.504134655708551,0.00766101974273807,0.000590690531544147,2.05838065887083,2.1331359946817,2.15349236817948,3,5,5
"841",0.150114842083346,0.504133618812854,0.149890050521321,0.504134207515593,0.00764289026819052,0.000589328036757819,2.05838141592557,2.13313033668778,2.15351374666049,3,5,5
"842",0.150099524954718,0.50413916146068,0.149832600972426,0.504134123571416,0.00762482273660334,0.000587975716380695,2.05842255912818,2.1331748351406,2.15354198247153,3,5,5
"843",0.150101379037665,0.504135571238133,0.149918783272858,0.504134468730067,0.0076068175304776,0.000586622236105394,2.05840490794831,2.1331370219166,2.15353337687172,3,5,5
"844",0.150091362231254,0.504139359931141,0.149830189404472,0.504134365300593,0.00758887540145788,0.00058527573420164,2.05844895804941,2.13319671466254,2.15358396399672,3,5,5
"845",0.150096116389628,0.504136074266219,0.149937610188821,0.504134812973619,0.00757099600479401,0.000583929538409689,2.05842095626433,2.13316976790461,2.15356230802924,3,5,5
"846",0.150085552542084,0.504138391247768,0.149847522817095,0.50413500859546,0.00755317801304205,0.000582588363152947,2.05845025439569,2.13319644425289,2.15358477443419,3,5,5
"847",0.150083002108696,0.504134271093771,0.149944021972472,0.504134435061786,0.00753542130400235,0.000581246076712172,2.0584542034657,2.13319381434549,2.15361620859913,3,5,5
"848",0.150081993340238,0.504140717239713,0.149865858412,0.504134192345957,0.00751772735968913,0.000579914223620359,2.05846225199797,2.13322129508108,2.15360468056054,3,5,5
"849",0.150083021882053,0.504131925030712,0.149878953993708,0.504134359968739,0.00750009440069356,0.000578576583368795,2.05844067749115,2.1331868007977,2.15358237901676,3,5,5
"850",0.1500703037065,0.504133875617009,0.149898899441697,0.504134429479385,0.00748252235258429,0.00057724894241129,2.05848754101331,2.13325527497698,2.15365695966808,3,5,5
"851",0.150073649754103,0.504136023223876,0.149869941579977,0.504134739660721,0.00746501101126601,0.000575927455650493,2.05847864810564,2.13323803214716,2.15363489941713,3,5,5
"852",0.15007036590969,0.504141233265541,0.149829378975026,0.504134134693987,0.00744756199346759,0.00057461685445126,2.05847657908864,2.13325614783142,2.15362002736728,3,5,5
"853",0.150073750057378,0.504138816103898,0.149877946032845,0.504134353772746,0.00743017432566511,0.000573308220792157,2.05846363508756,2.1332479730504,2.15362699686073,3,5,5
"854",0.150059356591384,0.504141330333384,0.149876105475087,0.504134176174426,0.00741284541227173,0.00057200759527265,2.05850938783234,2.13330001540353,2.15366749096506,3,5,5
"855",0.150069991612792,0.504131643107048,0.149800033745656,0.504134582371146,0.00739557801318566,0.000570705504217117,2.05846194513918,2.13323544857513,2.15361473813914,3,5,5
"856",0.150052778628592,0.504140708965453,0.14984575374615,0.504134706884252,0.00737837051533066,0.000569418824704182,2.05850837539783,2.13330518864185,2.15366832550537,3,5,5
"857",0.150062312291644,0.504137010220878,0.1497966381915,0.504134708782549,0.00736122318501757,0.000568132492354101,2.05848360347952,2.13329264210114,2.1536477672616,3,5,5
"858",0.150050858520126,0.504136767599168,0.149867043762919,0.504134651220452,0.00734413440975369,0.000566847443709384,2.05850651911301,2.13330442678562,2.15366803548613,3,5,5
"859",0.150059626944651,0.504132390046528,0.149811281900886,0.504134749036098,0.00732710655859175,0.000565561846944007,2.05848058694643,2.1332716950946,2.15364461414455,3,5,5
"860",0.150044582908029,0.504141413732037,0.14986553463303,0.504134479011839,0.00731013766949893,0.00056428777647699,2.05851568723445,2.13332674337068,2.15367919598313,3,5,5
"861",0.150055821147137,0.504134470400126,0.149831758138207,0.504134275830664,0.0072932272755811,0.00056301002002257,2.05847640475456,2.13328171826156,2.15363451016917,3,5,5
"862",0.150046840116226,0.504138021002396,0.14984883816758,0.504134296546831,0.00727637717242574,0.000561739899524238,2.05850359804238,2.13330571672286,2.15367499633026,3,5,5
"863",0.150049868991431,0.504133837449146,0.149769189543209,0.504134773902299,0.00725958484228732,0.000560467407087484,2.05848694905781,2.13330501920859,2.15364433753071,3,5,5
"864",0.150043065546738,0.504139151081304,0.149833829517386,0.504134743811346,0.00724285077885449,0.000559202755408772,2.0585046050352,2.13331137228572,2.15365832473494,3,5,5
"865",0.150053695356215,0.504136397531689,0.149746238784258,0.504134277023341,0.00722617646793723,0.000557940143807611,2.05846826406704,2.1332825879697,2.15362557700006,3,5,5
"866",0.150035333065008,0.504139091697998,0.149812160639823,0.504134357141309,0.00720955839585187,0.000556687345870555,2.05852145322106,2.13334079327407,2.15368856360196,3,5,5
"867",0.15004709235763,0.504133032852129,0.14977309222823,0.504134183395759,0.00719299746766357,0.000555431260531147,2.05849609556164,2.13329892506767,2.15365429546008,3,5,5
"868",0.15003924973858,0.504139347317883,0.149847404570233,0.504134444425324,0.00717649567026263,0.000554190803879528,2.05850071238469,2.13331080395806,2.15366387746164,3,5,5
"869",0.150040507171699,0.5041387112048,0.149817143620104,0.504134370266884,0.00716004857108579,0.000552954505382508,2.05849655735054,2.13331620492971,2.15366883193747,3,5,5
"870",0.150034591087043,0.504137927336152,0.149808628473187,0.504134598961582,0.00714365825770129,0.000551719541352358,2.05851992447459,2.13333945434485,2.15368855039652,3,5,5
"871",0.150039776002781,0.504134442585899,0.149826646725508,0.504134582235812,0.00712732576328312,0.000550485722401461,2.05849835377314,2.13330219358208,2.15366377320139,3,5,5
"872",0.150024971020987,0.504138908793834,0.14982765086978,0.504134526246615,0.00711104711062318,0.000549259260635093,2.05853136075117,2.1333592170269,2.15370314672417,3,5,5
"873",0.15004179821588,0.504135845892654,0.149842688837192,0.504134591495054,0.00709482436814829,0.000548031441853447,2.05850222377715,2.13331290047245,2.15367029893702,3,5,5
"874",0.150031811821615,0.504138485484903,0.14980713954053,0.504134426716903,0.00707865910751362,0.000546809677943072,2.05851826956899,2.13333827785375,2.15368116288473,3,5,5
"875",0.150029419575982,0.504133497165393,0.149809253961064,0.5041343713877,0.00706254663402371,0.000545585129376192,2.05852868416256,2.13334701817845,2.15369120955132,3,5,5
"876",0.150026760640307,0.504138951053494,0.149776271705489,0.504134204890239,0.0070464887775378,0.000544369155785596,2.05853298097137,2.13334355587894,2.15368133036275,3,5,5
"877",0.150038972749923,0.504136637706364,0.14977821917129,0.504134300578322,0.00703048804428333,0.000543154862335804,2.05850033050244,2.13331147552167,2.15366309229986,3,5,5
"878",0.150021836292918,0.504138996142566,0.149875586442942,0.504134271216241,0.00701453990054214,0.000541943834366787,2.05855650809929,2.13337828786043,2.15370840711228,3,5,5
"879",0.150031242279465,0.50413304591258,0.149836594782119,0.504134110657109,0.00699864522766622,0.000540728986363037,2.05852769892,2.133331447802,2.15366986655075,3,5,5
"880",0.150024421435136,0.50413877442934,0.14984463095305,0.504134332927061,0.00698280588100708,0.000539524873550135,2.05853018693895,2.13333800758215,2.15366687346319,3,5,5
"881",0.15003114239871,0.50413731532072,0.149816964208135,0.504134583530869,0.00696701954319003,0.000538324967165549,2.05853417362839,2.13334828961742,2.15368839617234,3,5,5
"882",0.150020976719948,0.504137634638741,0.149824183694731,0.504134282751197,0.00695128551356503,0.000537125025792506,2.05856204663361,2.13336593860051,2.15369955252748,3,5,5
"883",0.150033558713029,0.504135987791319,0.149754433892788,0.504134556212667,0.00693560645104136,0.000535930214225266,2.05852257756479,2.13331566427913,2.15366172329546,3,5,5
"884",0.150020642417368,0.504141013821153,0.149827850676585,0.50413465113314,0.00691997905058106,0.000534744389612429,2.05856349079007,2.13336779137066,2.15370707408896,3,5,5
"885",0.150032922130331,0.504134551221985,0.149746981960986,0.504134444804445,0.00690440387286613,0.000533553683041976,2.05854139027743,2.13333162047958,2.15369362597502,3,5,5
"886",0.150019014758381,0.504138159262168,0.14986306493737,0.504134453015162,0.0068888805291485,0.000532370301627783,2.05858670521658,2.13337450222989,2.15374558838344,3,5,5
"887",0.150029448862304,0.504133939596565,0.149820466320212,0.504134776077193,0.00687341000647547,0.000531186341166445,2.05855819501448,2.13335394512462,2.15370752937398,3,5,5
"888",0.150021998218644,0.504140296356729,0.149916500292581,0.504134762315446,0.00685798961449785,0.000530009625040573,2.05858988136903,2.13336919187041,2.15375022522343,3,5,5
"889",0.150028176902279,0.504133267619318,0.149822383577898,0.504134503515142,0.00684262202551842,0.000528835362628377,2.0585758588542,2.13334785342785,2.1537482616367,3,5,5
"890",0.150017677693203,0.504138500872007,0.149889470586351,0.504134159104239,0.00682730424025308,0.000527672224782338,2.05861361281379,2.13339675498811,2.15379151563432,3,5,5
"891",0.150026302635584,0.504132307327641,0.149834983232554,0.504134446602016,0.006812037723851,0.000526504093893321,2.05859532635083,2.13335695747259,2.15375837499801,3,5,5
"892",0.150023461937718,0.504139633247295,0.149908538770012,0.504134334415801,0.0067968222863058,0.000525349794494701,2.05861875125844,2.13338378776897,2.15381196573821,3,5,5
"893",0.150036176755012,0.504133298904564,0.149869981365584,0.504134080054861,0.00678165831040716,0.000524192641857879,2.05857307993876,2.13335428870917,2.15375921457586,3,5,5
"894",0.150024016565882,0.504140868277452,0.149822648288576,0.504134043707171,0.00676654312595338,0.000523044726882804,2.05863027878578,2.13340076687387,2.15383148476649,3,5,5
"895",0.150039046081869,0.504134043172692,0.149875291860983,0.504134533380176,0.00675148006588589,0.000521898408257448,2.05858122977776,2.13333396919339,2.15376464223932,3,5,5
"896",0.150032037790788,0.504139678245145,0.149888731525938,0.504134598697121,0.00673646583982145,0.000520759795431425,2.05860449211606,2.13339296863586,2.15382167676553,3,5,5
"897",0.150043905930339,0.504134343385697,0.149916531041938,0.504134494114054,0.00672150227832161,0.000519620696221579,2.05858400708781,2.133337342394,2.15378611008309,3,5,5
"898",0.150040876262939,0.504137716220404,0.149802130224536,0.504134673742308,0.00670658923336456,0.000518487315466998,2.05858198554129,2.13335026324022,2.15379052386395,3,5,5
"899",0.150043213720408,0.504134374222419,0.149880253281602,0.504134543144596,0.00669172461240025,0.000517352727772757,2.05858132881999,2.13334214937396,2.15377632809431,3,5,5
"900",0.150040324588183,0.504137993568128,0.149864343828962,0.504134679496983,0.00667690774168262,0.000516223085213041,2.05857305027595,2.13332929941974,2.15377217674994,3,5,5
"901",0.150049429762625,0.504135784124721,0.149902800547391,0.504134433680648,0.00666214255842234,0.000515100834399429,2.05854883649595,2.13327605889206,2.15373518305138,3,5,5
"902",0.150039265731708,0.50414097498152,0.149830995112469,0.504134867996045,0.00664742406312375,0.000513984416126267,2.05857297279898,2.13332146015758,2.15376262768669,3,5,5
"903",0.150044151988741,0.504134645848624,0.149922003344282,0.50413473319184,0.00663275465050627,0.000512865651328798,2.05855590637648,2.13326601414812,2.15372115444518,3,5,5
"904",0.150042468009326,0.504138651884831,0.149861161568886,0.504134532488709,0.00661813427974773,0.00051175986619667,2.05854140885758,2.1332557197257,2.1537159740455,3,5,5
"905",0.150043402591918,0.50413555428426,0.150002907664468,0.504134545696512,0.00660356134159377,0.000510653237479786,2.05855598394365,2.1332501351105,2.15371394997318,3,5,5
"906",0.150033382298516,0.504137491480688,0.149922041531251,0.504134338782671,0.00658903504151575,0.000509548741097321,2.05855567337273,2.13323607691192,2.15370424340337,3,5,5
"907",0.150042927817936,0.504137061577024,0.149954353347558,0.504134125521974,0.00657455823613249,0.000508451152027689,2.05852918214854,2.13319473904786,2.15366283501206,3,5,5
"908",0.150032847229496,0.504139992164846,0.149848109985942,0.504134582358374,0.00656012771390127,0.000507361427544373,2.0585467733144,2.13320924158582,2.15368017743295,3,5,5
"909",0.150036477006038,0.504133123735456,0.149898698917753,0.504134699698163,0.00654574462024893,0.00050626895685979,2.05854175060352,2.13317515317582,2.15365038246068,3,5,5
"910",0.15003010132674,0.50413689823718,0.14980671440453,0.504134722403419,0.00653140808420293,0.00050518320816606,2.0585299503695,2.1331657188123,2.15364516759319,3,5,5
"911",0.150029813344935,0.50413805631289,0.149874849144762,0.50413455757384,0.00651711775819906,0.000504102999366984,2.05854270981695,2.1331619206152,2.15364199210134,3,5,5
"912",0.150016280047164,0.50413799170364,0.149797650492869,0.504134525546624,0.00650287324056766,0.000503027980293003,2.05855504801893,2.13316505742225,2.15365434186168,3,5,5
"913",0.150026975081675,0.504133989242959,0.149903073587375,0.504134630110293,0.00648867653437122,0.000501962648793763,2.05852611547825,2.13312319404004,2.15361347139371,3,5,5
"914",0.150007810347028,0.504137491600468,0.149819147580012,0.504134364334838,0.00647452319969315,0.000500902332753017,2.0585716843484,2.13317242056742,2.15366744435967,3,5,5
"915",0.150012447928286,0.504134988001503,0.149878328245018,0.504134447381424,0.00646041661274938,0.000499842439234066,2.05854493128727,2.13311831579109,2.15360384584221,3,5,5
"916",0.150002596285028,0.504140359351735,0.14980321504954,0.504134720460968,0.00644635554029073,0.000498791445475044,2.05856428003761,2.13314038881522,2.15365165170517,3,5,5
"917",0.150005778296697,0.504137818140731,0.149875931817964,0.504134304124776,0.00643233958737793,0.000497742217125396,2.05856620366433,2.13312410362239,2.15363598901327,3,5,5
"918",0.149989692661126,0.504137273580171,0.149829586678628,0.504134448651617,0.00641836768682565,0.00049669821161813,2.0585845717381,2.13313928089606,2.15366352650901,3,5,5
"919",0.15000147828333,0.504137626848881,0.149952520722349,0.504134404327085,0.0064044427933456,0.000495668213333023,2.05855343706907,2.1330929802838,2.15361706383782,3,5,5
"920",0.149981831804831,0.504139832226588,0.149832442089845,0.504134345447182,0.00639056093574344,0.000494639618560888,2.05861022381803,2.13313452094098,2.15369325770476,3,5,5
"921",0.149984470813915,0.504136155584959,0.14993616823001,0.504134705964254,0.00637672395527732,0.000493611172778907,2.05859117056103,2.13310844166388,2.1536593737929,3,5,5
"922",0.149989204679323,0.504140636919243,0.149873251763462,0.50413447908772,0.00636293264166457,0.000492589545176947,2.05858776903476,2.13311967738324,2.1536678917599,3,5,5
"923",0.149978718064486,0.504134786731557,0.149868810543851,0.504134399008431,0.00634918488123139,0.000491565534125327,2.05861471334613,2.13310889429388,2.15369270493702,3,5,5
"924",0.149977952166863,0.50414467353662,0.149875792617942,0.504134185362001,0.0063354822997785,0.000490557407228254,2.05861800020787,2.13313430799173,2.15370777611745,3,5,5
"925",0.149984826688179,0.504133958806987,0.149873174575332,0.504134511871543,0.00632182402913395,0.00048954055954864,2.05858873485548,2.13308383381338,2.15367231035246,3,5,5
"926",0.149962363681148,0.504137184505267,0.149844356980777,0.50413433239953,0.0063082073337395,0.000488530418375599,2.05865542615881,2.13315139020175,2.15375458023008,3,5,5
"927",0.149971012675279,0.504134956162894,0.149909491487905,0.50413452341157,0.00629463682011007,0.000487522935179618,2.05863532824884,2.13312459319665,2.15375279607003,3,5,5
"928",0.149970432088313,0.504142314860873,0.14985656601696,0.504134229293016,0.0062811103351382,0.000486527134822334,2.05863330471901,2.1331330873713,2.15373731103515,3,5,5
"929",0.149965164518425,0.504134207900614,0.149884792938524,0.504134485793628,0.00626762656076575,0.000485525788499586,2.05863797564678,2.13312223970521,2.15374614462378,3,5,5
"930",0.149953604970684,0.504139174848595,0.149861437728124,0.504134335341872,0.00625418572232405,0.000484532128465109,2.05867421123947,2.13316723451589,2.15380968319253,3,5,5
"931",0.149967832342737,0.504132558318494,0.149861152107369,0.504134498182756,0.00624079063331245,0.000483541490695405,2.05863422553297,2.1331228964825,2.15376924628965,3,5,5
"932",0.149946279370934,0.504139269606987,0.149857212989435,0.504134627322919,0.00622743579217405,0.000482557245712445,2.05868929787468,2.13319330105193,2.15381371564643,3,5,5
"933",0.149959376301126,0.504133788809742,0.149846487374992,0.504134728901473,0.00621412551377338,0.000481572632752503,2.05864376093002,2.13313576372736,2.15378455214555,3,5,5
"934",0.149949812097226,0.504139270304616,0.149874517499943,0.504134252165591,0.00620085744862432,0.000480598214587347,2.05866759440318,2.13317858604785,2.15382143331164,3,5,5
"935",0.149950492322326,0.504132397443534,0.14989835715334,0.504134362550544,0.00618763208748165,0.000479620477211284,2.05866327092813,2.13316858141347,2.15381359742217,3,5,5
"936",0.149944555239186,0.504140792059381,0.149868130156746,0.504134191320769,0.00617444859290586,0.000478655213094981,2.05867260984183,2.13320650104808,2.15382169489074,3,5,5
"937",0.149954591191949,0.504132710850147,0.149895635259751,0.504134246158105,0.00616130887701147,0.000477687466349908,2.05864886257852,2.13316580168287,2.15380679348138,3,5,5
"938",0.149939781385549,0.504141509637875,0.149841606467756,0.504134371722379,0.0061482090127538,0.000476731420007037,2.05867923112755,2.13323112957153,2.15383853288269,3,5,5
"939",0.149946643456462,0.504133427715821,0.149832030482654,0.504134269323411,0.00613515234145811,0.000475771100161615,2.05865959659639,2.133196145012,2.15382367325608,3,5,5
"940",0.149944526483298,0.504143708465195,0.149832044722255,0.504134216213146,0.00612213856429239,0.000474822254127205,2.05865855392593,2.13322038583284,2.15381039112988,3,5,5
"941",0.149949104886745,0.504135055829762,0.149817365869209,0.504134426640956,0.00610916555666853,0.000473866008835588,2.05866759200936,2.13321272845276,2.15382446528416,3,5,5
"942",0.149938900026572,0.504138705226607,0.149876827655567,0.504134559602882,0.00609623419672518,0.00047291605723887,2.05867393008982,2.13322738362438,2.15382963625959,3,5,5
"943",0.149951973588662,0.504134115704792,0.149901319812037,0.504134403301122,0.00608334613310718,0.000471964953795312,2.05865471937977,2.13320642164137,2.15381657700808,3,5,5
"944",0.149940927356082,0.504140021354068,0.14985405938886,0.504134342740688,0.0060704969986705,0.00047102157813006,2.05868331827707,2.13325550959824,2.15382432637464,3,5,5
"945",0.149949283812666,0.504133402434746,0.1498633945651,0.504134611881499,0.00605768988957716,0.00047007678729849,2.05867257906466,2.13321793946025,2.15383547077215,3,5,5
"946",0.149948175078502,0.504140671232256,0.149827943260532,0.504134695781086,0.00604492484634858,0.000469141081812063,2.05866664977103,2.13323590501832,2.15381653851151,3,5,5
"947",0.149949983612673,0.504134721101348,0.149851520362663,0.504134565119753,0.00603219971373166,0.000468202256474259,2.05867945685616,2.13324849613944,2.15383200326298,3,5,5
"948",0.149941988273926,0.504138414859794,0.149824690816831,0.504134595064261,0.00601951430213559,0.000467267259624982,2.05869257899251,2.13326131106205,2.1538368636356,3,5,5
"949",0.149961538036837,0.504135526749974,0.149882489164247,0.504134119443084,0.00600687151450491,0.000466333180767498,2.05865305455924,2.13321093071881,2.15380440463393,3,5,5
"950",0.14994232224104,0.504143483424989,0.149864867842976,0.504134162412823,0.00599426684061356,0.00046540771118897,2.05871428553574,2.13328974213566,2.15386302303624,3,5,5
"951",0.149954327621645,0.504130837591592,0.149905896359906,0.504134552157999,0.00598170296079897,0.000464473827867296,2.05866412295464,2.1332113189811,2.15381297995947,3,5,5
"952",0.14995278217346,0.504139136450299,0.149882567483476,0.504134490341592,0.0059691791852502,0.000463547086564708,2.05869716802504,2.13326819951022,2.15384536944422,3,5,5
"953",0.149955255089266,0.504137019457646,0.149924559511983,0.504134428364192,0.0059566942953221,0.000462623041264987,2.05868378229255,2.13323803349646,2.15383205935085,3,5,5
"954",0.14994857565654,0.504137523090172,0.149844080585887,0.504134701408807,0.00594424888199977,0.00046170209935481,2.05870130934631,2.13326142084191,2.15385174264307,3,5,5
"955",0.149958726101374,0.504131805527209,0.149884649429207,0.504134410688351,0.00593184314517191,0.000460778365779846,2.05866913643081,2.13321428649819,2.15381704954294,3,5,5
"956",0.149950609537934,0.504144130606667,0.149848530011276,0.504134811263881,0.00591947569395141,0.000459866548658483,2.0587071292853,2.13327700331666,2.15383675032673,3,5,5
"957",0.149961472270001,0.504132643643156,0.149912106027293,0.504134216988478,0.00590714785487455,0.000458948427598749,2.05865834145643,2.13319849271202,2.15379391969468,3,5,5
"958",0.149954282166203,0.504139251775673,0.149867327681173,0.504134211106208,0.00589485899497941,0.000458038697525587,2.0586860876329,2.13325054437919,2.15382680638013,3,5,5
"959",0.149960113172042,0.504136483163579,0.149869636749265,0.504134454131845,0.00588260794131293,0.000457129164220249,2.0586664750988,2.13320960753868,2.15378955276695,3,5,5
"960",0.14995734692358,0.50413907134875,0.149789338882175,0.504134315023051,0.00587039624007069,0.0004562269433942,2.05867298723561,2.13323425879358,2.15379532539471,3,5,5
"961",0.14996796666793,0.504132950237994,0.149844863187587,0.504134475952515,0.00585822265554251,0.000455321337596515,2.05863443151129,2.13317823633595,2.15374846542929,3,5,5
"962",0.149957166373243,0.504141387334442,0.149805398965275,0.5041344854342,0.00584608647623629,0.000454426147196152,2.05866416030819,2.13323756519703,2.15378112113107,3,5,5
"963",0.149962572254601,0.504134427572152,0.149849123116761,0.504134711183953,0.00583398823478902,0.000453526378253022,2.05863776292436,2.13316888040516,2.15374427024199,3,5,5
"964",0.149961380780046,0.504136582942335,0.149828463948627,0.504134544031216,0.00582192793576606,0.00045262883988284,2.05864917341609,2.13321934523299,2.15376314353423,3,5,5
"965",0.149965698041673,0.504137355670462,0.149814699102062,0.504134473373273,0.00580990437521657,0.000451734932381931,2.05862932607204,2.13319032748148,2.15373981972721,3,5,5
"966",0.149954118976163,0.504139855263379,0.149832772039098,0.504134269506479,0.0057979177821298,0.000450852767681531,2.05866438852605,2.13322065811473,2.15377809927755,3,5,5
"967",0.149976832740127,0.50413231222239,0.149777277718671,0.504134625297139,0.00578596920524012,0.000449965687621012,2.05858083617677,2.13314981703192,2.15371038460724,3,5,5
"968",0.149947442026216,0.504139758342198,0.149796521897036,0.504134690526481,0.00577405586700011,0.000449086411282162,2.05867658898949,2.1332509420212,2.15379439822088,3,5,5
"969",0.149965079850802,0.50413680901473,0.149800410740626,0.504134498661695,0.0057621796549742,0.000448206594941269,2.05862002920296,2.13318087272153,2.15374624837289,3,5,5
"970",0.149960059558297,0.504137416622531,0.149814224768919,0.504134063255971,0.00575034032754647,0.000447330281426295,2.05862992625191,2.13321359805956,2.15376269869833,3,5,5
"971",0.149954407418339,0.504135021620439,0.149799046905335,0.504134335407268,0.00573853570763491,0.000446452189955537,2.05862259495277,2.13319102870541,2.15375323035299,3,5,5
"972",0.149942628012455,0.504138135979203,0.149855037214069,0.504134253010495,0.00572676729765827,0.000445582171054726,2.05867276194162,2.13324169333104,2.15379310004534,3,5,5
"973",0.149966943803943,0.504134849721479,0.149832395841245,0.504134240215571,0.00571503629031571,0.000444710897941625,2.05859937361933,2.13318609022042,2.15373469169948,3,5,5
"974",0.149940777567308,0.504139814854078,0.149866267141665,0.50413463191024,0.005703339142829,0.000443846282067395,2.05866131840344,2.13326196368359,2.15380252355394,3,5,5
"975",0.149946324318703,0.504131998616971,0.149863498317863,0.504134542816748,0.0056916777699101,0.000442975919792254,2.05862541538708,2.13319416136943,2.15374477025579,3,5,5
"976",0.149940082422708,0.504136802095585,0.149936314009018,0.504134431717288,0.00568005182451093,0.000442113964551849,2.05863661468435,2.13323448148783,2.15376609174405,3,5,5
"977",0.149948374935644,0.504138145756221,0.149844597116626,0.50413457246356,0.0056684608304141,0.000441254484606302,2.05861581323105,2.13321502834685,2.15375995326725,3,5,5
"978",0.149934981715894,0.504139003292471,0.149899569034776,0.504134686739665,0.00565690489430559,0.000440400670063901,2.05864231308239,2.13323148216369,2.1537611185958,3,5,5
"979",0.149953928893858,0.504132676138847,0.14986308400295,0.504134089066007,0.00564538466720631,0.000439543010270271,2.05857535995155,2.13318453279098,2.15371861937199,3,5,5
"980",0.149929629074363,0.504141861825444,0.149843724368993,0.504134171484059,0.00563389760816788,0.000438695431276281,2.0586463911043,2.1332649668222,2.15380265308024,3,5,5
"981",0.149951804511041,0.50413571462077,0.149874057970221,0.504134356113816,0.00562244642410882,0.000437843610309963,2.05857193003494,2.13318844363428,2.15371174725056,3,5,5
"982",0.149935688768797,0.504135537176279,0.149873638153811,0.50413448434076,0.00561102966556279,0.00043699562910271,2.05862316483115,2.13323966923339,2.15377007264062,3,5,5
"983",0.149946172942036,0.50413770587585,0.14986950216525,0.504134501925087,0.00559964726822021,0.000436149087935767,2.05858082924036,2.13321039564219,2.15373812073857,3,5,5
"984",0.149932175855854,0.504139425755086,0.149812977356241,0.504134262985084,0.00558829883503021,0.000435307471041479,2.05861128924594,2.13324421612139,2.15375723628743,3,5,5
"985",0.149948397975455,0.504129236775633,0.149869906906757,0.504134572644818,0.00557698566368621,0.000434459982511792,2.05858118455407,2.13321532522974,2.15372156215624,3,5,5
"986",0.149930155405566,0.504140989449802,0.149851473028239,0.504134601028215,0.00556570522656229,0.000433627494634714,2.0586241393055,2.13327054583126,2.15376300719286,3,5,5
"987",0.149947377245617,0.504135081666015,0.149833016097444,0.504134574020936,0.00555445988395866,0.000432790655247595,2.05855579520334,2.13319655552738,2.1536822072405,3,5,5
"988",0.149932873316289,0.504136746375585,0.149787336471425,0.50413428754256,0.0055432481895559,0.000431959106546254,2.05860995634865,2.13327231006966,2.15375309195231,3,5,5
"989",0.149947049390193,0.504138972385531,0.149827667767509,0.504134842996888,0.00553207035273101,0.000431129117711815,2.05857568817474,2.13323924130484,2.15370015520366,3,5,5
"990",0.149936286315763,0.504137640826714,0.149840514542487,0.504134583132982,0.00552092592346995,0.000430301034728631,2.05858279971268,2.13325344692493,2.15369499710905,3,5,5
"991",0.149953696850192,0.504132818265842,0.149819130912533,0.504134495269612,0.00550981655821413,0.000429470244002306,2.05854322996686,2.13321836782125,2.15366277969985,3,5,5
"992",0.1499377193618,0.50414180343173,0.149762685943093,0.504134342810971,0.00549873924695117,0.000428655269659628,2.05858374054992,2.13328106784888,2.153703041859,3,5,5
"993",0.149950197660542,0.504133964238533,0.149798390913955,0.504134062534909,0.0054876954037558,0.000427838668421998,2.05854601365227,2.1332169777433,2.1536457084913,3,5,5
"994",0.149936329294094,0.504136640404059,0.149794294729275,0.504134074640919,0.00547668486722309,0.000427029872618556,2.05859624946986,2.13329693608314,2.15370718382837,3,5,5
"995",0.149948776206442,0.504138616224275,0.149811258730083,0.504134363860163,0.00546570743090686,0.000426224274732823,2.05854465223442,2.13323741539216,2.15364111759298,3,5,5
"996",0.149933581665026,0.504136927698696,0.149831914248917,0.504134179318015,0.00545476207768815,0.000425419248024195,2.05858881738872,2.13328206377721,2.15369240117098,3,5,5
"997",0.149951249452767,0.504131575304542,0.149821508843708,0.504134331166344,0.00544385089663531,0.000424610697475791,2.05855479554396,2.13323486605889,2.15364755264412,3,5,5
"998",0.14993158292016,0.504141959045301,0.149789998165635,0.504134900880201,0.00543297138825239,0.000423813557143826,2.05860037573686,2.13330238466935,2.15369466585695,3,5,5
"999",0.149946494192359,0.504134721338375,0.149832311400478,0.504134540358578,0.00542212467446964,0.000423010520945177,2.05853581022172,2.13320775626898,2.15361976867957,3,5,5
"1000",0.149935935772337,0.504137316369173,0.149824606040053,0.50413465339738,0.00541131051329325,0.000422213482581424,2.0585878235255,2.13328033327453,2.15369869341461,3,5,5
"1001",0.149943927000992,0.504137494944479,0.14985710821311,0.504134374777176,0.00540052880308978,0.000421416699455945,2.05855201462307,2.13323183866242,2.15363591839898,3,5,5
"1002",0.149928179318136,0.504138592014999,0.149842667438063,0.504134465725828,0.00538977827085286,0.00042062174369395,2.05859622837491,2.13326884750751,2.15367931312357,3,5,5
"1003",0.14994372549416,0.504133981888545,0.149851037193259,0.504134580060198,0.00537906158492066,0.000419825533697127,2.05854649244781,2.1332156267437,2.15362765840366,3,5,5
"1004",0.14992719361107,0.50414182522822,0.149883384475465,0.504134313583558,0.00536837501279178,0.000419037166799918,2.05860408437085,2.13329348179286,2.15370072912282,3,5,5
"1005",0.149933577237885,0.504133659160326,0.149842519772887,0.504134222555219,0.00535772018903323,0.000418243086943049,2.05856278883001,2.13321220080885,2.15364220751491,3,5,5
"1006",0.149929844573014,0.504139780647997,0.149892908837676,0.504134699918611,0.00534709953151485,0.00041745802140214,2.05859211780926,2.13325364768247,2.15366122629023,3,5,5
"1007",0.149937725431538,0.504139790805059,0.149848565959501,0.504134663711941,0.00533650919642293,0.000416672346483793,2.05855172875865,2.13322509686891,2.15362070538224,3,5,5
"1008",0.149924109750984,0.504136113705448,0.149861863730275,0.504134430181076,0.00532595016881756,0.000415885371290448,2.05858968436333,2.13324631242568,2.15367326047498,3,5,5
"1009",0.149938211189186,0.504131450744555,0.149823330338163,0.504134578228141,0.00531542407448922,0.000415096446965246,2.05856076669847,2.13320091077003,2.15362071042182,3,5,5
"1010",0.149922378618557,0.504142544782988,0.149819136722667,0.504134505272416,0.00530492935365133,0.000414317944000264,2.05860250250606,2.1332504054988,2.1536487694076,3,5,5
"1011",0.149932291463812,0.504135084602198,0.14977458525177,0.504134424525381,0.00529446546977476,0.00041353378389164,2.05856756829048,2.13320806221594,2.15361768002998,3,5,5
"1012",0.149924136672309,0.504133763817058,0.149867000525302,0.504134381204712,0.00528403315385762,0.00041275185184686,2.05860661339007,2.13323761632901,2.15365455478431,3,5,5
"1013",0.149931053688727,0.504135730533843,0.149863901295288,0.504134631747204,0.00527363191006861,0.000411972077745903,2.05857344993749,2.13320376900638,2.15360549975983,3,5,5
"1014",0.149921940692155,0.504138052113859,0.149859724842758,0.504134142347284,0.00526326226741592,0.000411196350619036,2.05860369066943,2.13320649778076,2.15362718524897,3,5,5
"1015",0.149935936724449,0.50413952278618,0.149864897482747,0.504134108058393,0.00525292407136814,0.00041042509428324,2.05857931555137,2.13319509593433,2.1536165336044,3,5,5
"1016",0.149925647977559,0.504135686684597,0.149882682195358,0.504134448720708,0.00524261651627077,0.000409649197097739,2.05860042491355,2.13322389534804,2.15362451216138,3,5,5
"1017",0.149940540911113,0.504134608743924,0.149844189630276,0.50413465882216,0.00523233976346223,0.000408874810257975,2.05857725139057,2.13316516361936,2.15358955776788,3,5,5
"1018",0.149932802261576,0.504138673750859,0.149954952059185,0.50413479484723,0.00522209475737942,0.000408107530820101,2.05861044436138,2.13320617870152,2.15361090520926,3,5,5
"1019",0.149939238710573,0.504138701306588,0.149883255772339,0.504134705035146,0.00521187869621991,0.000407339205896529,2.05856806645051,2.13318135901396,2.15357689650063,3,5,5
"1020",0.149932006069691,0.504136337836857,0.149918175528264,0.504134566468104,0.00520169316301423,0.000406570080355606,2.05862725193236,2.13322783380737,2.15364125717158,3,5,5
"1021",0.149946182655318,0.50413634790995,0.149829535069628,0.504134598303107,0.00519153882161296,0.000405805848474161,2.05859977296662,2.13318631662859,2.15359394041698,3,5,5
"1022",0.149936605463363,0.504137814258024,0.149920729036467,0.504134762465898,0.00518141415055235,0.000405046735344139,2.05860386498599,2.13320543862042,2.15357278789967,3,5,5
"1023",0.149946182906621,0.504137938834972,0.149867857790469,0.504134619022754,0.00517131886781269,0.000404289346301989,2.05859748381367,2.1331913220784,2.1535974740687,3,5,5
"1024",0.149936315082083,0.504136594748792,0.14994671230869,0.504134886197052,0.00516125358564016,0.00040353696610973,2.05864670703729,2.13324743311339,2.15364585873877,3,5,5
"1025",0.149948345069222,0.504136299873172,0.149862547982996,0.504134265605599,0.00515121764582909,0.000402785792052884,2.05859120679917,2.13318964354501,2.15356173788975,3,5,5
"1026",0.149940088340889,0.504136513354047,0.149935088440924,0.504134299342653,0.00514121147893759,0.000402036332207922,2.05863033025566,2.13321381888428,2.1536008857816,3,5,5
"1027",0.149955922544549,0.504137926806863,0.149857499715467,0.504134491089084,0.00513123511867859,0.000401291222712263,2.05860710305976,2.13319843237714,2.15359285790278,3,5,5
"1028",0.149945737008221,0.504137397639425,0.149848851378663,0.504134660588805,0.0051212875585354,0.000400545176922118,2.05861603334653,2.13322145907769,2.1535925146745,3,5,5
"1029",0.149949573633095,0.504134685861002,0.149816459330155,0.504134387756519,0.00511136865481498,0.000399798647046756,2.05862908227542,2.1332093398906,2.15360985321347,3,5,5
"1030",0.14995404867376,0.50413629257847,0.149843676730515,0.504134362477843,0.00510148009943515,0.000399060896731362,2.05862035298146,2.13321390584374,2.15358472157606,3,5,5
"1031",0.149956742031207,0.504140135777294,0.149829609787399,0.504134321428286,0.00509161982423495,0.000398330558880167,2.05859390137033,2.13318116683711,2.15356388821945,3,5,5
"1032",0.149956080614229,0.504136742011909,0.149866584017955,0.504134654136613,0.00508178830922806,0.000397599052021191,2.05862851156354,2.13321747652623,2.15361008593347,3,5,5
"1033",0.149968265949967,0.504136818496529,0.149795244009094,0.50413438844079,0.00507198655514531,0.000396873844552004,2.05860019532746,2.13319752925024,2.15357241249377,3,5,5
"1034",0.149957552886965,0.504138664174709,0.149824001213551,0.504134575255197,0.00506221269350701,0.000396151928005462,2.0586051721977,2.13320691329921,2.15356225464582,3,5,5
"1035",0.149965708618805,0.504137544690285,0.149814457680708,0.504134511605674,0.0050524668985858,0.000395430992985224,2.05861009779061,2.13319166846513,2.15358899941747,3,5,5
"1036",0.149972069572663,0.504135755923019,0.149849334274266,0.504134523757663,0.00504275116510536,0.000394711644553625,2.05860124490475,2.13321036077936,2.15358032309041,3,5,5
"1037",0.149972391375775,0.504135695262367,0.149816769986969,0.504134283456062,0.00503306322482081,0.000393992307475499,2.05858483267927,2.13318831801902,2.1535404476939,3,5,5
"1038",0.149969163694014,0.504136928854281,0.149850122433427,0.504134387456598,0.00502340309809879,0.000393276532360654,2.05861533274137,2.1332120394887,2.15358865963235,3,5,5
"1039",0.149977613023951,0.50413515538367,0.149792390380458,0.504134725366903,0.00501377181420765,0.000392562315055245,2.05860011878827,2.13319853803106,2.15357550548831,3,5,5
"1040",0.149976115652036,0.504138729822091,0.149917460228309,0.504134594649818,0.00500416848900957,0.000391853839981748,2.05857991927234,2.13320373848025,2.15355566497168,3,5,5
"1041",0.149980996664035,0.504133817788756,0.149808854906041,0.504134606304945,0.00499459262171714,0.000391144916878194,2.05858863154125,2.1331921939451,2.15355396477259,3,5,5
"1042",0.149980474324189,0.504136738762425,0.149884085499831,0.504134476551395,0.00498504497046324,0.000390442600781138,2.05860097376302,2.13320699242711,2.15355521615058,3,5,5
"1043",0.14998214932858,0.504139019941949,0.149862844844097,0.504134498379313,0.00497552476235791,0.00038974264789704,2.05857755324121,2.13318458268113,2.15354102518434,3,5,5
"1044",0.14997974901203,0.504137552112997,0.149911113650212,0.504134173725072,0.00496603135534249,0.000389042124154027,2.05858957061207,2.13321109787875,2.15356164630858,3,5,5
"1045",0.149989599548339,0.504133756536674,0.1499082794742,0.504134338841633,0.00495656596604935,0.00038834085019146,2.0585811119951,2.1332012190572,2.15353629582843,3,5,5
"1046",0.149979619150231,0.504138198605508,0.149858584373699,0.504134096933913,0.00494712761211943,0.000387644630823525,2.058589583085,2.13320674317633,2.15354061914172,3,5,5
"1047",0.149987992747734,0.50413695321986,0.149898504108766,0.504134284628121,0.00493771576649805,0.000386948029296952,2.05858789863312,2.13319200467782,2.1535497341437,3,5,5
"1048",0.14998731880593,0.504138413425161,0.149859181849937,0.504134506509089,0.00492833157933705,0.000386257386227107,2.05858806820526,2.13322445845771,2.15356163487926,3,5,5
"1049",0.149986500450843,0.504134465588415,0.149854282436848,0.504134498608234,0.00491897340385751,0.000385562528769978,2.05857351624546,2.13319953552981,2.15350681909883,3,5,5
"1050",0.149986439484458,0.504136312649365,0.149766555920621,0.504134605539846,0.00490964207637889,0.000384872932622571,2.05859743946392,2.13322094549435,2.15355914344665,3,5,5
"1051",0.149986706998173,0.504137761213182,0.149872572930069,0.50413433367473,0.00490033754283127,0.000384187937250924,2.05862187902554,2.13321935205928,2.15356115499132,3,5,5
"1052",0.149988120592372,0.504139366056863,0.149866993773061,0.504134693914085,0.00489105979446199,0.000383504258493983,2.05857617405285,2.13323408246474,2.15351747547896,3,5,5
"1053",0.149987985656969,0.504131798369406,0.149854690193809,0.504134314966262,0.00488180685863683,0.000382814837947998,2.05859035514062,2.13321040923654,2.15352791157553,3,5,5
"1054",0.149984476991116,0.504138907008752,0.149825812641509,0.504134058763884,0.00487258136131917,0.000382134973760606,2.05861802909625,2.13325297369664,2.15354869003799,3,5,5
"1055",0.14998552205409,0.504139753862732,0.149832466757621,0.504134208074743,0.00486338148234216,0.000381456057630958,2.05860493164713,2.13323167999482,2.15352559278219,3,5,5
"1056",0.149991803393838,0.504135040101631,0.149818334601971,0.504134493015608,0.00485420756157847,0.000380774429058706,2.0585658127564,2.13322610235509,2.15349370393137,3,5,5
"1057",0.149991284831173,0.504133826493569,0.149853619747636,0.504134140237663,0.00484505938217305,0.000380095090094623,2.05859358792825,2.13322899664842,2.15350764341462,3,5,5
"1058",0.149982385236514,0.504138784814064,0.149827905197299,0.504134712967249,0.00483593747993325,0.000379421215945475,2.05860281662943,2.13325240179618,2.15349570296785,3,5,5
"1059",0.149995235403296,0.50413904712794,0.149861705526459,0.50413436707981,0.00482684121781412,0.000378748991662459,2.0585771619709,2.1332076555203,2.153483282849,3,5,5
"1060",0.149998596311657,0.504135974231433,0.149881697242169,0.504134507602252,0.00481777106575416,0.000378078979994756,2.05856205750572,2.13323875685188,2.1534677405834,3,5,5
"1061",0.14998965302955,0.504136434888741,0.149815841897221,0.504134479653143,0.00480872550472749,0.000377410949530255,2.05857015697625,2.13321933447109,2.15344043154561,3,5,5
"1062",0.149991216362676,0.504138034985168,0.14981593407472,0.504134443193065,0.0047997064657936,0.000376747848113146,2.05858365290419,2.13323232226622,2.15345969363665,3,5,5
"1063",0.149999697876087,0.504139111905483,0.149839927864943,0.504134409861969,0.00479071226629929,0.000376085782719304,2.05858050678675,2.13323668433012,2.15345711537906,3,5,5
"1064",0.149987899558134,0.504135390988333,0.149830267485279,0.504134401817353,0.00478174239050974,0.00037542112395661,2.05857571587504,2.13325859271229,2.15343692827505,3,5,5
"1065",0.149988440904717,0.504136065087801,0.149851567020354,0.504134478276684,0.00477279767851905,0.000374758762469174,2.0585811956258,2.13323156340322,2.15344157729059,3,5,5
"1066",0.149992450282782,0.504138947669565,0.149754053904962,0.504134728524235,0.00476387900614251,0.000374101745870159,2.05859862425021,2.1332896270672,2.15345544356549,3,5,5
"1067",0.149986489241206,0.504136776583697,0.149810907787613,0.504134235541334,0.00475498313713613,0.000373442159204873,2.05858145696682,2.13325002106189,2.15343336639225,3,5,5
"1068",0.149978118719739,0.504138607899495,0.149766775323021,0.504134524948435,0.00474611198678931,0.000372785451769442,2.05861190240255,2.13330367814683,2.15347977409444,3,5,5
"1069",0.149995008768919,0.504136972218009,0.149864171157142,0.504134645903323,0.00473726746840886,0.000372129928692733,2.05857122516161,2.13327413554775,2.15341108262011,3,5,5
"1070",0.149972778309535,0.50413545812519,0.149797311151525,0.504134747628797,0.0047284448353683,0.000371473072721784,2.05860813001189,2.13331155795369,2.15346870413125,3,5,5
"1071",0.149978229210786,0.504139674902956,0.149887766523864,0.504134452924315,0.00471964655056742,0.0003708215353454,2.0586168341542,2.13330303037818,2.15348673752925,3,5,5
"1072",0.149980768184214,0.504135456062002,0.149786900847137,0.504134531178465,0.00471087379383084,0.000370168232985524,2.0585938876841,2.13333435779751,2.15345674803577,3,5,5
"1073",0.149974964745886,0.50413432815779,0.149866722342664,0.50413442391708,0.00470212393772909,0.000369513652964448,2.05859358738649,2.13329977379296,2.15344623956774,3,5,5
"1074",0.149964656308541,0.504140512565373,0.149801445153416,0.504134642000859,0.00469339763666285,0.000368867274888052,2.05863008190913,2.13335800566472,2.15350261743616,3,5,5
"1075",0.149975290023651,0.504137109961914,0.149884487011264,0.504134426723237,0.00468469636154396,0.000368220971706523,2.05861505007743,2.13332609340012,2.15348640881242,3,5,5
"1076",0.149963950568278,0.504133814778051,0.149862002203133,0.504134605549968,0.00467601762783366,0.000367570490305336,2.0585991232353,2.13334273673137,2.15346504032038,3,5,5
"1077",0.149963775575769,0.504136384672752,0.149927904277161,0.504134659197484,0.00466736271335146,0.000366927229611735,2.05861719073401,2.13334723954213,2.15348478713893,3,5,5
"1078",0.149957371948176,0.504136482155793,0.149860202901151,0.504134643455108,0.00465873224865541,0.000366288108112456,2.05863383772159,2.13336906608891,2.15350334253917,3,5,5
"1079",0.149961381940721,0.504138966678548,0.149887031567731,0.50413459724055,0.00465012442840217,0.000365651137244072,2.05859844458378,2.1333259169403,2.1534692873988,3,5,5
"1080",0.149943190616112,0.50413680417834,0.149812144123991,0.504135046707686,0.00464153883773844,0.000365015412963632,2.05864058591883,2.1333922734471,2.15350792825873,3,5,5
"1081",0.149958758624456,0.504134889821679,0.149888710867043,0.50413426030968,0.00463297908341121,0.000364380979882117,2.0586082223422,2.13335045788855,2.15348099139455,3,5,5
"1082",0.149936543969646,0.504137816414481,0.149839229525249,0.504134196490623,0.00462444056382494,0.00036374766982028,2.05864353859261,2.1333855836588,2.15349895811336,3,5,5
"1083",0.149943547644784,0.504137720017299,0.149949805943545,0.504134309773014,0.00461592552690276,0.000363118399400508,2.0586247788767,2.13335785922219,2.15350291657997,3,5,5
"1084",0.149933843029398,0.504136488982989,0.149867245412382,0.504134511361932,0.00460743394249941,0.000362491576003432,2.05865024370886,2.13341476455619,2.15352175076942,3,5,5
"1085",0.149935525716416,0.504135784561837,0.149954201095069,0.504134604309817,0.00459896519082135,0.000361863752862401,2.05862150654643,2.13335922166774,2.15347464312591,3,5,5
"1086",0.149915955220516,0.50413660510645,0.149846978807487,0.504134984987905,0.00459051843757516,0.000361238065885394,2.0586802571257,2.13342566477935,2.15354482020225,3,5,5
"1087",0.149932739386952,0.50413755641733,0.149932288875714,0.504134227342251,0.00458209623637026,0.00036061620498451,2.05864239779064,2.13338834444415,2.15352112708538,3,5,5
"1088",0.149910202652558,0.504135355164552,0.149890258766652,0.504134172533376,0.00457369472298346,0.000359993243708057,2.05866099409051,2.13341932385975,2.15351308859503,3,5,5
"1089",0.14991619116232,0.504137219074742,0.149940788024855,0.504134511630238,0.00456531690335809,0.000359374600895412,2.0586535324754,2.1333932127273,2.15350671474435,3,5,5
"1090",0.149901238460455,0.504135221852314,0.14992533127469,0.504134199031748,0.0045569621523351,0.000358756691946516,2.05870199044337,2.13345534418222,2.15356756183305,3,5,5
"1091",0.149914798918745,0.504137502992243,0.14988927902345,0.504134246498703,0.00454862960153415,0.000358142324503485,2.05862430653718,2.13337248375349,2.15347515352026,3,5,5
"1092",0.149894753228885,0.504135839105548,0.149899412668068,0.504134539600385,0.00454031870295097,0.000357527414089787,2.05867232526792,2.13342471829354,2.15350615641751,3,5,5
"1093",0.149904124368741,0.504135189478926,0.149880973497979,0.50413430291471,0.00453203255538242,0.000356917255061373,2.05865992711015,2.13340438115306,2.15350654679351,3,5,5
"1094",0.149887254898177,0.504137650163642,0.149872749781382,0.504134451588437,0.00452376696907462,0.000356307082721385,2.05866270554495,2.13341590564598,2.15348770549476,3,5,5
"1095",0.149897691918082,0.504141275486162,0.149844616335684,0.504134574043408,0.00451552457427042,0.000355704150485914,2.05864169131149,2.13337672015892,2.15347474452129,3,5,5
"1096",0.14988317559004,0.504134981433961,0.149856523107298,0.504134468785238,0.00450730523485895,0.000355099454428576,2.05867599476475,2.13343588710522,2.1535026490108,3,5,5
"1097",0.149886397105638,0.504136069093486,0.149884517612545,0.504134666135972,0.00449910705767906,0.000354495016466783,2.05863262393351,2.13338263615308,2.1534514684052,3,5,5
"1098",0.149870182211529,0.504134884973881,0.14989579189469,0.504134240954664,0.00449093058337061,0.000353890994321926,2.05867686670683,2.1334138511971,2.15349412298576,3,5,5
"1099",0.149880175476618,0.504140785689322,0.149874836606211,0.504134282551281,0.00448277793434973,0.000353297308142597,2.05866661321241,2.13340546179558,2.1534968772521,3,5,5
"1100",0.149866888372701,0.504134224621414,0.149886518649688,0.504134257497454,0.00447464557746198,0.00035269567710916,2.05863678625329,2.13338550479734,2.15344031948079,3,5,5
"1101",0.149870936373293,0.504137359585863,0.149861225040365,0.504134326247625,0.00446653533110122,0.000352098259252864,2.05864510035992,2.13337521177474,2.1534584329982,3,5,5
"1102",0.149857016982625,0.504136103430906,0.149922356686214,0.504134465866435,0.00445844736708963,0.000351501231216522,2.05869413292248,2.13343509414442,2.15351321256769,3,5,5
"1103",0.149864160027252,0.504137712142279,0.149807128697285,0.504135013438008,0.00445038022601537,0.000350906998668576,2.05863644415351,2.13336423634212,2.15345201653562,3,5,5
"1104",0.149853189172335,0.504136088592777,0.14990894220575,0.50413444635917,0.0044423344209394,0.000350311191358532,2.05865978911258,2.13339761076302,2.15347177677707,3,5,5
"1105",0.149858106710148,0.504137508668455,0.149806376142084,0.504134356679052,0.00443431140986448,0.000349722951147102,2.0586653905866,2.13339669926062,2.15348718222342,3,5,5
"1106",0.149844374226238,0.504133287582216,0.149860772454024,0.504134693838578,0.00442630838712452,0.000349133147354186,2.05866436580138,2.13340570244409,2.15348489223977,3,5,5
"1107",0.149859092702534,0.504139524316785,0.149750417645879,0.50413487913914,0.00441832787924269,0.00034855711649473,2.05864144985742,2.1333598224759,2.15347327914764,3,5,5
"1108",0.149847229883744,0.504139699548216,0.149869249610396,0.504134371813988,0.0044103690951498,0.000347983714715561,2.0586736845172,2.1334149213506,2.15350543995795,3,5,5
"1109",0.149849129924467,0.504134922056019,0.149822770765746,0.504134395160582,0.00440243042679868,0.00034740534609512,2.05864482467713,2.13336491503759,2.15347256649901,3,5,5
"1110",0.149839631151056,0.504133791969983,0.149833061596215,0.504134285745737,0.0043945130018708,0.00034682626847593,2.05868440664694,2.13340600757381,2.15352607940256,3,5,5
"1111",0.149848748472017,0.504138554554988,0.149827894367067,0.504134267813644,0.00438661775516226,0.000346255005768348,2.05868601292424,2.13342097933327,2.15355784102554,3,5,5
"1112",0.149832859446214,0.504135468861655,0.14987506747838,0.504134169541168,0.00437874185619444,0.000345680208853283,2.05868619731654,2.13341532844138,2.1535363077571,3,5,5
"1113",0.149845417905024,0.504136154272681,0.149830883211276,0.504134908897895,0.00437088788012981,0.000345107090507946,2.05866281455346,2.13338356273309,2.15352828072095,3,5,5
"1114",0.149833243160439,0.504135303804776,0.149913258547074,0.504134838131013,0.00436305506439783,0.000344534696609666,2.05872523569635,2.13345026413986,2.15360838543059,3,5,5
"1115",0.149839311108554,0.504139640809519,0.149867389334276,0.504134774391851,0.00435524211861616,0.000343967016972591,2.05867638855357,2.13340025113937,2.15356850349476,3,5,5
"1116",0.149833387610161,0.504134058152255,0.149950619798656,0.504134421442678,0.00434745010743666,0.000343396974666788,2.0586994154077,2.1334117004879,2.15358699811642,3,5,5
"1117",0.149832150293957,0.504137183430033,0.149932728372314,0.504134346073838,0.0043396793896948,0.000342833774051754,2.05873205546561,2.13343762404489,2.15363163599586,3,5,5
"1118",0.149824484916878,0.504134854265663,0.149945019276821,0.504134021502173,0.00433192794399461,0.000342270471423434,2.05871406086594,2.13342215551957,2.1536112918009,3,5,5
"1119",0.149830047840482,0.504138623185198,0.149912375397391,0.504134332504078,0.00432419734591644,0.000341711952191681,2.05872371868963,2.13341362296687,2.15364008641945,3,5,5
"1120",0.149821515963257,0.504135922750016,0.149904590839554,0.504134269695397,0.00431648788411675,0.000341152456287519,2.05875802698297,2.13344987301601,2.15366811087774,3,5,5
"1121",0.14982423759976,0.504136347698785,0.149855823629061,0.504134968328628,0.00430879820103776,0.000340594858735388,2.0587160672606,2.13340210300632,2.15362742206219,3,5,5
"1122",0.149813192376991,0.504134412055187,0.149932783627526,0.50413436782601,0.00430112818651887,0.00034003700341767,2.05877030762545,2.13345415140145,2.15368621401937,3,5,5
"1123",0.149823226922844,0.504138447511187,0.149827573126703,0.504134476800678,0.00429347958861149,0.000339486079245499,2.05876132788768,2.13343276739622,2.15369599324484,3,5,5
"1124",0.149811373358712,0.504140200456327,0.149945639248334,0.504134676732484,0.00428584967125061,0.00033893549902364,2.0587551043719,2.13343983375831,2.15367738877337,3,5,5
"1125",0.149817976265182,0.50413484081678,0.149844895690737,0.504134760558112,0.00427824073700253,0.000338381396925214,2.05875287960324,2.13342135797623,2.15367680241988,3,5,5
"1126",0.149806286686387,0.504133145473515,0.14988432646998,0.504134241713885,0.00427065147441895,0.00033783123032971,2.05881002818946,2.13347802459965,2.15374236760615,3,5,5
"1127",0.149817494257042,0.50414027070013,0.149857409833974,0.504134380754522,0.00426308179327675,0.000337290230042142,2.0587470062075,2.13342111961283,2.15370108528297,3,5,5
"1128",0.149805142568328,0.504136318500252,0.149885424029734,0.504134174903551,0.00425553175244161,0.000336746076010974,2.05879227336924,2.13346140742654,2.15371750396378,3,5,5
"1129",0.149817660008052,0.504137228558026,0.149842486964906,0.504134336073751,0.00424800234896306,0.000336204480367086,2.0587791089121,2.13344868701879,2.15374266351075,3,5,5
"1130",0.149799425241952,0.504136881908626,0.149890032377705,0.504134470493711,0.00424049087167883,0.000335661853726466,2.05880284401443,2.13346406825592,2.15373895500788,3,5,5
"1131",0.149822284589989,0.504137428860883,0.149815889567392,0.504134492889331,0.0042330006515706,0.000335122651537012,2.05874341450646,2.13341068746313,2.15370146104432,3,5,5
"1132",0.149800143901489,0.504135837245212,0.149819772532869,0.504134491987661,0.00422552916614156,0.000334581993263861,2.05882393915616,2.13348618189014,2.15377260333047,3,5,5
"1133",0.14981361462939,0.504139608875702,0.149785595075702,0.504134311527595,0.00421807700246422,0.000334045010109918,2.05875087384079,2.13341409404529,2.15370105098331,3,5,5
"1134",0.149804363181303,0.50413389861572,0.149823359269237,0.504134787238174,0.00421064459906438,0.000333504934168394,2.0587809647302,2.13344290539708,2.15371944971559,3,5,5
"1135",0.149819698614733,0.504139554721821,0.149772901867363,0.50413445359372,0.00420323256869578,0.000332972584518143,2.05875335712022,2.13342014091747,2.15372042090309,3,5,5
"1136",0.149801742532437,0.504136576315787,0.149873716689141,0.504134373785195,0.00419583802137014,0.000332436570783745,2.05876216798434,2.13342354883154,2.15369382602387,3,5,5
"1137",0.149817020562497,0.504134832819693,0.149842989302928,0.504134169990964,0.00418846380312792,0.000331901957875469,2.05873863849005,2.13340187892509,2.15368856016603,3,5,5
"1138",0.149805945003394,0.504134775349095,0.149887231783166,0.504134687788018,0.00418110875980452,0.000331368936434484,2.05877040265134,2.13343153970635,2.15371648858918,3,5,5
"1139",0.149811060118636,0.504140810980666,0.149812251981095,0.504135096242676,0.00417377222126075,0.000330845525371326,2.05873335594109,2.13339395078123,2.15368577517643,3,5,5
"1140",0.149807356525612,0.504135118628621,0.149902552870238,0.504134619638799,0.00416645453007301,0.000330318726688872,2.05873811851816,2.13341224037291,2.1536763646075,3,5,5
"1141",0.149813569485954,0.504137860600096,0.149848869403774,0.504134638213977,0.00415915639290509,0.000329796809378835,2.05873252015542,2.13337884735237,2.15368052057733,3,5,5
"1142",0.149798372884683,0.504138726617693,0.149908682355743,0.504134467276947,0.00415187612405263,0.000329278148195278,2.05874580340352,2.13340792218946,2.15368650457749,3,5,5
"1143",0.149816431690205,0.504135623635608,0.149804162630832,0.504134538676668,0.00414461549047601,0.000328757657794276,2.05870661501199,2.13337910509321,2.15366600365463,3,5,5
"1144",0.14980072632279,0.504135506486024,0.149890646004854,0.504134388805619,0.00413737300100548,0.000328239103715711,2.05874611985361,2.13338977765499,2.15367927320176,3,5,5
"1145",0.149806298330146,0.5041393365285,0.149864729480999,0.504134557335889,0.00413014951139946,0.000327725646844912,2.05872576425447,2.13338191498934,2.15369384007457,3,5,5
"1146",0.149803559050519,0.504133316453269,0.149943745956731,0.504134425040945,0.00412294473099971,0.000327206939206848,2.05872603711175,2.13339939402608,2.15366503011379,3,5,5
"1147",0.149812443699981,0.504139519665801,0.149854056635946,0.504134546273846,0.00411575902456002,0.000326695600098126,2.05871421593678,2.13336387339875,2.15367567445877,3,5,5
"1148",0.149797656965451,0.504138513319116,0.149890916193903,0.504134454314179,0.00410859073051831,0.000326183395102153,2.05872544305052,2.1333893160121,2.1536781148999,3,5,5
"1149",0.149810096088288,0.504136707731904,0.149879940859245,0.504134184998827,0.00410144204583398,0.00032567072475298,2.05872993488951,2.13340183668218,2.15370373690022,3,5,5
"1150",0.149799684599819,0.504134529231114,0.149907464317456,0.504134515714364,0.00409431139606207,0.000325159075398762,2.05873489144753,2.13339050453008,2.1536880032485,3,5,5
"1151",0.149806975315223,0.504140154528177,0.14987334700253,0.504134428581688,0.00408719903149485,0.000324653331641112,2.05871166609459,2.13337644733513,2.15369802195848,3,5,5
"1152",0.149799602597406,0.50413461959613,0.14994378094917,0.504134561764167,0.004080104663709,0.000324142478534739,2.05873774636306,2.13341669350669,2.15370264312719,3,5,5
"1153",0.149806245690803,0.504137995960873,0.149906982966367,0.504134318953961,0.00407302934496047,0.000323638120467984,2.05873882138115,2.13339324359432,2.15372667173385,3,5,5
"1154",0.14979423865921,0.504136011993263,0.149919893988953,0.504134373636723,0.00406597128402161,0.000323132551950933,2.05873244739172,2.1334033537159,2.15371028576184,3,5,5
"1155",0.149807479884688,0.504136475322818,0.149868667293747,0.504134641958499,0.00405893190398771,0.000322627707572409,2.05872651636283,2.13339482285616,2.15371723078729,3,5,5
"1156",0.149800026074319,0.504135744766089,0.149943455705227,0.504134227677315,0.00405191060639928,0.00032212331710979,2.05873859833943,2.13340322146079,2.1537244897816,3,5,5
"1157",0.149801340635148,0.504143163468681,0.149923695010256,0.504134178973337,0.00404490709802915,0.00032162658417112,2.05874361402496,2.13340879575642,2.15373864809099,3,5,5
"1158",0.149795934965718,0.50413145301867,0.149936678783681,0.504134438972448,0.00403792131733109,0.00032112029343323,2.05874259006567,2.13341583533838,2.15372952922635,3,5,5
"1159",0.149809268333745,0.50413842037396,0.149893179331297,0.504134429325291,0.00403095421411283,0.000320625216805648,2.0587376614979,2.13340787831838,2.15374160874773,3,5,5
"1160",0.149796326071492,0.504139661811892,0.149864273083544,0.504134213341898,0.00402400403300909,0.00032013091837324,2.05873831628177,2.133412883363,2.15373667389596,3,5,5
"1161",0.149799322293721,0.50413532403483,0.149890480835422,0.504134440450992,0.00401707190086124,0.000319633852793322,2.05876958392032,2.13344505962957,2.15377863619307,3,5,5
"1162",0.149798608570189,0.504136740841303,0.149861487143639,0.504134603895065,0.00401015762039163,0.000319140066527446,2.05875467985361,2.13344286901976,2.15377049152244,3,5,5
"1163",0.149800998674181,0.504137760776729,0.149864342168603,0.504134440569434,0.00400326062498753,0.000318646786503729,2.05875840530524,2.1334300091864,2.15377109620887,3,5,5
"1164",0.14979616599217,0.50413363453029,0.149816529717538,0.504134729889782,0.00399638104875561,0.000318151312129089,2.05876732420941,2.13345385722561,2.15378180033386,3,5,5
"1165",0.149794448717165,0.504136117351356,0.149902462588428,0.50413455070028,0.00398951939904153,0.00031766146000356,2.0588024524772,2.1334802798578,2.1538252253776,3,5,5
"1166",0.149789463140981,0.504137290080664,0.149768376328931,0.504134618547459,0.00398267407714617,0.000317171846138553,2.0587861803337,2.13346654302603,2.1537997587664,3,5,5
"1167",0.149794050815774,0.504139234170347,0.149865552116758,0.5041344298816,0.0039758462342534,0.000316684464231165,2.05880592221749,2.13347977366622,2.15383657446568,3,5,5
"1168",0.1497914299337,0.504134999220545,0.149820959872916,0.504134518954477,0.0039690361065273,0.000316195694494592,2.05880781887932,2.13348972391661,2.15383234805713,3,5,5
"1169",0.149783665387627,0.50413851516273,0.149892717941841,0.504134674395574,0.00396224257362385,0.000315710630115151,2.05883790554745,2.13350648841696,2.15386937980346,3,5,5
"1170",0.149784229831774,0.504134366772305,0.149856890067253,0.50413465896622,0.0039554659145296,0.000315221368947238,2.05883228144986,2.13351103792628,2.15385211974113,3,5,5
"1171",0.149790475440468,0.504140112635655,0.149916433566065,0.504134616423618,0.0039487071537192,0.0003147394439309,2.05884076168054,2.13351109440213,2.15387912421127,3,5,5
"1172",0.1497815349638,0.504138386851104,0.14983017694762,0.504134220903533,0.00394196454213261,0.000314256203737484,2.05883977497784,2.13351459441738,2.15386577186264,3,5,5
"1173",0.149781788239579,0.504135576643499,0.149851158327467,0.50413433179787,0.00393523928244968,0.00031377144074074,2.0588728764157,2.1335355349925,2.15390203020898,3,5,5
"1174",0.149779027499457,0.504134195356428,0.149785457215603,0.504134572521744,0.00392853055727186,0.000313285893806081,2.05887159752002,2.13354213177727,2.15388549311259,3,5,5
"1175",0.149787574085587,0.504141503051042,0.149891125861479,0.504134607061755,0.00392183921087062,0.000312808385369512,2.0588580252929,2.13352238139994,2.15387670767086,3,5,5
"1176",0.149780408955664,0.504133961878577,0.149819437404899,0.504134643604358,0.00391516415965193,0.000312324226826033,2.05888332483661,2.13354828526133,2.1538946710384,3,5,5
"1177",0.149784641905391,0.504134668005522,0.149869022204469,0.504134459214061,0.0039085067231337,0.000311843078089402,2.05889403298489,2.13355744755036,2.15390147483104,3,5,5
"1178",0.149775770724944,0.504139086186653,0.149847825524854,0.504134477433917,0.00390186527303873,0.000311365380794904,2.0589026579438,2.13356157710409,2.15389625792879,3,5,5
"1179",0.149789385097312,0.504139354427028,0.149908751168122,0.504134309182671,0.00389524121722729,0.000310890426296173,2.05888547609397,2.13352652928565,2.15388684614384,3,5,5
"1180",0.149786424672813,0.504133995223601,0.149862964029833,0.504134517244283,0.0038886337816135,0.000310412751486577,2.05888642907147,2.13353854149707,2.15388147012128,3,5,5
"1181",0.149787937520657,0.504138561178242,0.149868972947017,0.504134627662512,0.0038820434266317,0.00030994109396798,2.05889298032276,2.13353033950922,2.15387678172668,3,5,5
"1182",0.149783914095356,0.504138007459234,0.149908629313962,0.504134613229822,0.00387546910686744,0.000309469303415244,2.05889680291221,2.13351882891751,2.15387701962656,3,5,5
"1183",0.149794500600707,0.504137672600352,0.149846392160887,0.504134470824028,0.00386891203865925,0.000308999417986788,2.05888658188338,2.13350296016407,2.1538771050571,3,5,5
"1184",0.14978524978795,0.504135482042826,0.14984501180531,0.504134474945287,0.00386237100195455,0.000308528470115088,2.05889315798144,2.13351372953604,2.15385993544477,3,5,5
"1185",0.149794142971099,0.504138149543577,0.14990842086727,0.504134548465716,0.00385584708013385,0.000308062129738107,2.05888338963128,2.1334789813376,2.15385029154671,3,5,5
"1186",0.149789074955235,0.504135223530638,0.149892655886091,0.504134639403276,0.00384933908091284,0.000307593521792215,2.05889780473206,2.13349566260684,2.1538677837625,3,5,5
"1187",0.149794002682595,0.504140528461093,0.149877919461282,0.50413448361686,0.00384284793231426,0.000307130655107346,2.05888791416722,2.13346401055437,2.15384858326807,3,5,5
"1188",0.149788774889126,0.504134172999559,0.149874857674105,0.504134388884763,0.00383637265387753,0.000306663017127895,2.05888560535167,2.13346767942502,2.15384106128706,3,5,5
"1189",0.149796600055878,0.504134466931023,0.149950804943631,0.504134650162767,0.0038299138112911,0.000306197933790719,2.05888095966692,2.13343371659456,2.15383916688232,3,5,5
"1190",0.149783119835947,0.504136931222478,0.149885583353878,0.504134294883751,0.00382347078731705,0.000305736020989378,2.0589121152298,2.13347308548394,2.15386144681099,3,5,5
"1191",0.149794191935401,0.504139011716552,0.149943901082745,0.504134784940147,0.00381704397806096,0.000305277024431727,2.05888242633546,2.13341043690056,2.15383525321681,3,5,5
"1192",0.149790025292833,0.504132143663666,0.149853444217836,0.504134718483288,0.00381063289985108,0.000304813241160495,2.05889293719037,2.1334429452513,2.15384435989599,3,5,5
"1193",0.149790332044523,0.504139357893289,0.149935617889083,0.504134693752026,0.00380423850513829,0.000304357208324224,2.0589034215899,2.13342560276374,2.1538503081074,3,5,5
"1194",0.149788760888949,0.50413721471147,0.149886341128614,0.504134459919065,0.00379785935916726,0.000303899836281984,2.05888851870469,2.13341030896126,2.15383011908257,3,5,5
"1195",0.149803648816474,0.504141491358384,0.149913615696372,0.504134195800503,0.00379149684977949,0.000303447140101221,2.0588687342892,2.13337694444362,2.15384209773301,3,5,5
"1196",0.149785464438585,0.504136931910765,0.14991612690789,0.504134261272203,0.00378514963442925,0.000302989928325004,2.05889956301897,2.13341717512974,2.15384735017917,3,5,5
"1197",0.149804679646297,0.504137156213229,0.149945775001606,0.504134363649758,0.00377881909085988,0.000302535525555037,2.05884595061739,2.13334808881624,2.15380359297727,3,5,5
"1198",0.149798422976635,0.504134877413245,0.149900589871751,0.504134389726366,0.00377250419709072,0.000302079887231854,2.05886185056243,2.13337978574953,2.15382812539368,3,5,5
"1199",0.149798166663618,0.504140404120432,0.149841619995299,0.504134616943857,0.00376620452349415,0.000301629008599202,2.05885655858027,2.13335799486033,2.15383253478822,3,5,5
"1200",0.14980323916545,0.504133814207792,0.149824874153219,0.504134436641624,0.00375992089834728,0.000301174210332822,2.05883589440343,2.13334503725866,2.15378314394556,3,5,5
"1201",0.14980984155652,0.50413457760963,0.149817976902632,0.504134208427618,0.00375365290225505,0.000300721484340016,2.05882534081301,2.13332765338108,2.15379813911403,3,5,5
"1202",0.149792701393209,0.504137850290203,0.149821416078546,0.504134048431417,0.00374740036466474,0.000300271533311358,2.0588765347791,2.13338684714787,2.15383596624869,3,5,5
"1203",0.149818665615867,0.504139901213561,0.149871593632693,0.504134218720589,0.00374116370463151,0.000299824841774154,2.05878758704612,2.13327725875209,2.15375493564879,3,5,5
"1204",0.149807234111343,0.504138448489026,0.149878113095818,0.504134466808289,0.00373494225567782,0.000299376932774043,2.0588453858128,2.13335105317432,2.15381374710764,3,5,5
"1205",0.149808305174788,0.504136611183043,0.149862268045821,0.504134532732189,0.00372873638632404,0.000298928284314881,2.05883373336497,2.13332278976875,2.15380469600265,3,5,5
"1206",0.149809634331737,0.50413604059059,0.149847200022695,0.504134215294751,0.00372254592265084,0.000298481295722186,2.05883214931881,2.13333254618037,2.15379489514162,3,5,5
"1207",0.149824698686328,0.504141182017002,0.149775252112003,0.504134781456262,0.00371637145156284,0.000298039341408152,2.05879983174154,2.13328767924756,2.15378691033998,3,5,5
"1208",0.149808424530669,0.504134711884009,0.149892857413787,0.504134508149401,0.00371021191411081,0.000297592050675921,2.0588453850982,2.13335520707821,2.15381657433352,3,5,5
"1209",0.149825671698568,0.50413890513246,0.149904208128805,0.504134449420188,0.00370406853427814,0.000297150170671667,2.05879593517889,2.13327227447594,2.15378055398842,3,5,5
"1210",0.149819852970266,0.504134747047722,0.14985133098298,0.504134116176754,0.00369794005648205,0.000296705465233194,2.05882036517895,2.13333002422177,2.15381126971404,3,5,5
"1211",0.149825713689301,0.504139784801205,0.149878897717455,0.504134321653097,0.00369182696620569,0.000296264613942721,2.0587971406244,2.13329456102617,2.15379193430989,3,5,5
"1212",0.149820615903877,0.50413646256021,0.149848027434108,0.50413455544808,0.00368572915921019,0.000295822739741602,2.0588126595017,2.13331038916988,2.15381036218952,3,5,5
"1213",0.149835542369761,0.504134536029444,0.149895053846914,0.504134607344795,0.00367964693988928,0.000295379742616064,2.05878350385268,2.13328140040937,2.15379608438758,3,5,5
"1214",0.14982022606657,0.504133596479982,0.149812921386248,0.504134276806401,0.0036735798105256,0.000294936774758225,2.0588336793384,2.13335166225649,2.15383468247029,3,5,5
"1215",0.149837349756716,0.504141155983237,0.149830243275787,0.504134694394325,0.00366752850293046,0.000294501388960144,2.05877578397376,2.13325641165041,2.15378444425428,3,5,5
"1216",0.149835641630763,0.504135029063746,0.149805574026233,0.504134401259676,0.00366149264952869,0.000294062067464629,2.05880059140094,2.13332147517964,2.15381506100841,3,5,5
"1217",0.149835967635857,0.504135876451835,0.149846704651824,0.504134381318116,0.00365547126893396,0.000293622979930741,2.05879797127304,2.13331640775817,2.15381537015033,3,5,5
"1218",0.149834521818585,0.504138200092116,0.149834460691125,0.504134384713918,0.00364946567464986,0.000293187761770564,2.05880353898698,2.13330474749255,2.15381443416728,3,5,5
"1219",0.149851383379706,0.504137135934047,0.149712802785037,0.504134283301274,0.0036434753440005,0.000292751682197334,2.05875689591065,2.13326028610468,2.15377797597474,3,5,5
"1220",0.149836071524999,0.5041358330508,0.149820016321942,0.504134456014194,0.00363749972019625,0.000292314661786253,2.05881580744543,2.1333566654551,2.1538343335755,3,5,5
"1221",0.149846293078111,0.504137298947079,0.149814308379628,0.504134799817577,0.00363153926715773,0.000291883259666004,2.05876909523158,2.13326523729098,2.15379284492977,3,5,5
"1222",0.149844224838798,0.504135596363258,0.149848366174686,0.504134334978579,0.00362559405123822,0.000291451009665766,2.05880650884425,2.13333241068376,2.15383856378826,3,5,5
"1223",0.149845609427878,0.504136217432327,0.149812870791659,0.504134050713182,0.00361966337952814,0.000291020016426002,2.05879142056112,2.13331112717431,2.15382173622819,3,5,5
"1224",0.149850780401942,0.504140173544587,0.149809667342289,0.504134056793588,0.00361374862901486,0.000290593834547437,2.05878244480121,2.13330913154882,2.15380953988102,3,5,5
"1225",0.149856276567016,0.504134940259912,0.149826678565801,0.50413429619171,0.00360784798991128,0.000290163320780801,2.05877020937926,2.13328541145932,2.15380969703807,3,5,5
"1226",0.149844483610656,0.504134628754672,0.149829275214541,0.504134576606776,0.00360196217330031,0.000289733774465728,2.05883149326059,2.13337878340879,2.15387857739617,3,5,5
"1227",0.149856418094938,0.504136771724742,0.149814625345857,0.504134511557323,0.00359609134186322,0.000289306053693594,2.05876720318771,2.13326705874537,2.1537898927076,3,5,5
"1228",0.149860224776258,0.504139795459826,0.149843932996825,0.504134391137099,0.0035902355752302,0.000288882034629512,2.05878659340041,2.13333398841341,2.15383616772039,3,5,5
"1229",0.149854448656601,0.504132194402916,0.149795463756649,0.504134723478834,0.00358439369935583,0.000288452431099206,2.05879893404797,2.13333626378174,2.15384089903376,3,5,5
"1230",0.149855790738666,0.504139615773809,0.149874862457798,0.504134930558138,0.00357856699026386,0.000288030891587021,2.05879690200061,2.13333409629891,2.1538383426505,3,5,5
"1231",0.149865815350965,0.504135562469184,0.149803508372717,0.504134330872141,0.00357275434679623,0.000287605165809945,2.05876471283028,2.13328966267269,2.15381496693901,3,5,5
"1232",0.149856757558593,0.504139309598285,0.149833920026989,0.50413440406968,0.00356695665709204,0.000287183707058936,2.0588195419788,2.1333861109942,2.15387236914084,3,5,5
"1233",0.149863550990409,0.504135695304016,0.149752219531552,0.50413450241059,0.00356117338644518,0.000286760895282678,2.05877830054597,2.13330099154888,2.15381910615825,3,5,5
"1234",0.149865744559221,0.504136766407003,0.149816709706026,0.504134359075218,0.00355540451793987,0.000286340792969964,2.05879577306352,2.13335227794111,2.15385360794047,3,5,5
"1235",0.149858968594482,0.50413289678673,0.149796550774028,0.50413468993758,0.0035496495379729,0.000285917669837654,2.05881867142903,2.13335898118447,2.15386316774674,3,5,5
"1236",0.149861720823755,0.504140464760406,0.149850543929962,0.504134266685858,0.00354390960098708,0.000285501890235129,2.05881203361056,2.13336146866591,2.15384749609579,3,5,5
"1237",0.149868962133958,0.504134831191344,0.14973676300315,0.504134525323225,0.00353818337108173,0.000285082182143515,2.05879346137432,2.13333080937495,2.15383858954235,3,5,5
"1238",0.149857511335607,0.504138279601249,0.149843424173992,0.504134664667155,0.0035324714500332,0.000284666649639997,2.05885312459771,2.1334212003031,2.15390335184933,3,5,5
"1239",0.149863979661312,0.504136244371363,0.149769216053657,0.50413461653276,0.00352677365843611,0.000284249942355652,2.05881371259099,2.13333462856613,2.15383872330669,3,5,5
"1240",0.149863832130737,0.504137188366411,0.149813133275753,0.504134476092206,0.00352109003576116,0.000283834061388655,2.05883243741063,2.13340102901976,2.15386469344077,3,5,5
"1241",0.149860566750121,0.504137190147723,0.149791956352381,0.504134488917622,0.00351542036396811,0.000283420030585235,2.05884268342895,2.1333953976078,2.15386926133397,3,5,5
"1242",0.149859207519851,0.504137483243244,0.149856132281056,0.504134339991616,0.00350976490630941,0.000283008015956154,2.05885074576034,2.13340616452359,2.15387654835382,3,5,5
"1243",0.149862883192429,0.504131296214149,0.149895760252621,0.504134313102275,0.00350412254494234,0.000282589892334983,2.05880629484958,2.13335029607154,2.15381151683769,3,5,5
"1244",0.149857937121487,0.504140954846922,0.149900539959403,0.504134233743373,0.00349849504866441,0.000282180437798818,2.05886706870299,2.13345494633217,2.1538822857038,3,5,5
"1245",0.149864136299644,0.504137018621335,0.149878217173708,0.504134379911827,0.00349288209458067,0.000281770202333997,2.05883394470823,2.13337751054514,2.1538131011032,3,5,5
"1246",0.149861226041915,0.504135539366219,0.149941898573008,0.504134523676193,0.00348728171231114,0.000281357902370494,2.05883336179697,2.13340707300111,2.15382451134619,3,5,5
"1247",0.149856760380349,0.504135007314637,0.149865319600513,0.504134717317073,0.00348169578056777,0.000280945398043797,2.05885972630521,2.13343176207478,2.15381637289417,3,5,5
"1248",0.149857605971883,0.504137114984661,0.149962876714051,0.504134725595427,0.00347612371022562,0.000280536119216079,2.05885567451443,2.13344541283258,2.15382375166449,3,5,5
"1249",0.149865423499466,0.504135718306375,0.149839404978161,0.504134579483298,0.00347056517040214,0.000280126730126673,2.05882513905532,2.13340606298969,2.15376616259516,3,5,5
"1250",0.149848623536425,0.504139730446017,0.14992918453005,0.50413436583888,0.0034650196737673,0.000279720767692115,2.05889015845881,2.1334996245711,2.15383005482723,3,5,5
"1251",0.149856088287451,0.504134790875005,0.149863373547793,0.50413431101175,0.00345948820124468,0.000279311536159788,2.05884223551478,2.13344466546966,2.15377618926767,3,5,5
"1252",0.149851057000388,0.504138508365831,0.149972248309794,0.504134442054768,0.00345396933272923,0.000278905476736702,2.05885950484692,2.13346453981775,2.15377891284949,3,5,5
"1253",0.149848656828851,0.504137522034532,0.149924622300061,0.504134362568093,0.00344846387314726,0.000278501131798836,2.05886308241083,2.13349302643239,2.15377606548807,3,5,5
"1254",0.149853763013276,0.504135885348101,0.149898439230224,0.504134358840119,0.00344297220240844,0.000278097833814051,2.058868745969,2.13350478850255,2.15377026799171,3,5,5
"1255",0.149847886176854,0.504135688467016,0.149903532228493,0.504134254932931,0.00343749283861178,0.000277694526715999,2.05885263217578,2.13347109122024,2.15375265118685,3,5,5
"1256",0.149840449796332,0.504138206778685,0.149890026355997,0.504134494721511,0.00343202642831842,0.000277293580503213,2.05889725229472,2.13355766659188,2.15377842786234,3,5,5
"1257",0.149850736785267,0.504137587494955,0.149932631725392,0.504134155776851,0.00342657380953955,0.000276895209842976,2.05885649055552,2.13349504521202,2.15374491223472,3,5,5
"1258",0.1498460106992,0.504136235371664,0.149898760022294,0.504134464161388,0.00342113310539044,0.00027649359791837,2.05886763428072,2.13352125595376,2.15375474354002,3,5,5
"1259",0.149838688321909,0.504137212505391,0.149922326667251,0.504134401960653,0.00341570572381791,0.000276093517364018,2.05888902582428,2.13354732264815,2.15375895448323,3,5,5
"1260",0.149841590129058,0.504136098227071,0.14987102875512,0.504134160956964,0.00341029137387049,0.000275695549661892,2.05889322229826,2.13356802147926,2.15375844505071,3,5,5
"1261",0.149842396339418,0.504140099769696,0.14989775043143,0.504134477747107,0.00340488897402182,0.000275301078874635,2.0588611355986,2.1335064056577,2.15375215715644,3,5,5
"1262",0.149835374996468,0.504136056906242,0.149838046150259,0.504135127531616,0.00339949953716782,0.000274902239678521,2.05889106292887,2.13357964002235,2.15373603019182,3,5,5
"1263",0.149836466043733,0.504134782611207,0.149866476399699,0.50413457754051,0.00339412297891187,0.000274505035248174,2.05888472148059,2.13354118812774,2.15372849517312,3,5,5
"1264",0.149833073442569,0.504137247820615,0.14987692438976,0.504134139046535,0.00338875814584869,0.000274110177875597,2.05887978118284,2.13355494072693,2.15374432322497,3,5,5
"1265",0.149836587790485,0.504137697002755,0.149871425105923,0.504134078490781,0.00338340627170677,0.000273715322713919,2.05887962822694,2.13354517479196,2.15373403001084,3,5,5
"1266",0.14983187830872,0.50413314644939,0.149879764902399,0.504134199390343,0.00337806673294802,0.000273318995648864,2.05888537101661,2.13358323373246,2.15372732529994,3,5,5
"1267",0.14983167329833,0.504137826602431,0.149890653218557,0.504134489273868,0.00337273935304008,0.000272926567265963,2.05887267870283,2.13353262377792,2.15372973302142,3,5,5
"1268",0.149829891677974,0.504138056381548,0.149874902085491,0.504134526314476,0.00336742425630991,0.000272533259197849,2.05889010454882,2.13359294077337,2.15373302239249,3,5,5
"1269",0.149833154439221,0.504135621994023,0.149895343902351,0.504134538058401,0.00336212181385108,0.000272141031046558,2.05887297672816,2.13354895165985,2.15372560635328,3,5,5
"1270",0.149827619546372,0.504135346078552,0.149916150123298,0.504134875704961,0.00335683084595958,0.000271748394152671,2.05887667052704,2.13358302193588,2.15373252069937,3,5,5
"1271",0.149822826690797,0.504137550922572,0.149925568355138,0.504134508332851,0.00335155244271444,0.000271356530789801,2.0588783769961,2.13356500057785,2.1537175740729,3,5,5
"1272",0.149823210626978,0.504137415370469,0.149914796051366,0.504134612535987,0.00334628627160483,0.000270967084509022,2.05887611986254,2.13359049015453,2.15372346249715,3,5,5
"1273",0.14982319528292,0.504136430640171,0.149918461077086,0.504134291148171,0.00334103165004236,0.00027057737137548,2.05886066216734,2.13354267316924,2.15372944281892,3,5,5
"1274",0.149813588667462,0.504135423460878,0.14984900575702,0.504134314877355,0.00333578921226971,0.000270185230413222,2.05888356108326,2.13359867824634,2.15371374104794,3,5,5
"1275",0.14981279922975,0.504135059209845,0.149864752602846,0.504134314577669,0.00333055901282715,0.000269795538362927,2.058881103246,2.13357282652631,2.15371616312716,3,5,5
"1276",0.149803566871794,0.50413490921154,0.149920955705355,0.504134644275394,0.00332533944543167,0.000269405684162782,2.05888433290756,2.13359076749445,2.15373309782962,3,5,5
"1277",0.149805808969445,0.504139156333621,0.149826646771301,0.504134316874443,0.00332013263863341,0.000269018918264474,2.0588848589053,2.13356900493907,2.15371932640937,3,5,5
"1278",0.149797189471467,0.504134992421662,0.149867639600526,0.504134357291322,0.00331493714147479,0.000268630905443379,2.0588907293264,2.13360116469985,2.1537150512939,3,5,5
"1279",0.149790458261261,0.504136460561208,0.149798521658423,0.504134388125634,0.00330975273840218,0.000268245292614155,2.05890004823487,2.13357149101982,2.15374895790048,3,5,5
"1280",0.149785466035799,0.50413792603114,0.149856786250665,0.504134706409316,0.003304580280826,0.000267861391920921,2.05890928835977,2.13361412860188,2.15373273646397,3,5,5
"1281",0.149787554224976,0.504138449604561,0.149823603901337,0.504134133566975,0.00329941988248111,0.000267480593847513,2.05890108828777,2.13357344648216,2.15373410541783,3,5,5
"1282",0.149774919378428,0.504134824712432,0.149873782563255,0.50413438034764,0.00329426976165143,0.000267096613435935,2.05890931730863,2.13360035417833,2.15374811288293,3,5,5
"1283",0.149773319018662,0.504139557713424,0.149903421605915,0.504134571889561,0.00328913218280596,0.000266715671603412,2.05892418514191,2.13359146266361,2.15374914492522,3,5,5
"1284",0.149770281118129,0.504135447551717,0.149941973494569,0.504134170256838,0.00328400565213387,0.000266333060654489,2.05891837331899,2.13359662046943,2.15372388826847,3,5,5
"1285",0.149775169708778,0.504137222783814,0.149916813608632,0.504134406469389,0.00327889061764127,0.000265952993366958,2.05888272989967,2.13354134075189,2.15372907916108,3,5,5
"1286",0.149766862513563,0.50413979150845,0.149945378056543,0.504134363815267,0.00327378783205643,0.000265574213846764,2.05888963977032,2.13355853297035,2.15368891688907,3,5,5
"1287",0.149771895234479,0.50413576711248,0.149853756398235,0.504134586883767,0.00326869637872923,0.000265193960594767,2.05886536078591,2.13352525193113,2.15367898887209,3,5,5
"1288",0.14976938439113,0.504135398720906,0.149831894306491,0.504134265206651,0.00326361597287021,0.000264814386308987,2.05884021290543,2.13349830863012,2.15367151172062,3,5,5
"1289",0.149779164778861,0.504137418514829,0.149858301177197,0.504134448840397,0.00325854831344057,0.000264435892372905,2.05882557840564,2.13346644312635,2.15363602019512,3,5,5
"1290",0.149771919617233,0.504133006065411,0.149902578531261,0.504134458335792,0.00325349158237735,0.000264056081657027,2.05882056895322,2.13347585536741,2.15362858338264,3,5,5
"1291",0.149777246996198,0.504136676487811,0.149867232789962,0.504134603221537,0.00324844589149359,0.000263680183581805,2.05879239909001,2.13342708421382,2.1536263814361,3,5,5
"1292",0.149778386448118,0.504138624526346,0.149952981890079,0.504134623724803,0.00324341238255064,0.000263306419757359,2.05880514672067,2.13344657540395,2.15360854129127,3,5,5
"1293",0.149781864733372,0.504137226912582,0.149814287490884,0.504134855593402,0.00323839009969662,0.000262932869324217,2.05878148834552,2.13340852614814,2.15359530756303,3,5,5
"1294",0.149777966425522,0.504136653390674,0.149888233004788,0.504134387002835,0.00323337870978316,0.000262559797091444,2.05877399033299,2.13340383525606,2.15361055663565,3,5,5
"1295",0.149784950191107,0.50413740789829,0.149878598190944,0.504134202219954,0.00322837933695923,0.000262188328143953,2.05876619864091,2.1333954430905,2.15358214191396,3,5,5
"1296",0.149779857062137,0.504134495486549,0.149873891739444,0.504134217755043,0.00322339097492692,0.00026181670050418,2.05876271950413,2.13339035670318,2.15356540284085,3,5,5
"1297",0.149782057389253,0.504138561067405,0.149890028000342,0.504134132162258,0.0032184135942397,0.000261448324141877,2.0587578819051,2.13334829782857,2.15360174265209,3,5,5
"1298",0.149784880472891,0.504138699012037,0.149876595144228,0.504134609226694,0.0032134478956552,0.000261079680461296,2.05875952194374,2.13337558825446,2.15358648769558,3,5,5
"1299",0.149781542796288,0.504137577227652,0.149837446943055,0.504134427395795,0.00320849312542719,0.000260711682507186,2.05876838498513,2.13335254352579,2.15358492172103,3,5,5
"1300",0.149776589428034,0.504133808075543,0.149752915292431,0.504134881932397,0.00320354923676771,0.000260342365727473,2.05876019285764,2.13333944547853,2.15360810185532,3,5,5
"1301",0.149779743183284,0.504140334821354,0.149825492779197,0.504134668416844,0.00319861639283923,0.000259976609080392,2.05877875457682,2.1333492346873,2.15362355982315,3,5,5
"1302",0.149780044338212,0.504135278619489,0.149843498592181,0.504134571904126,0.00319369479967283,0.000259608756505547,2.05875209945322,2.13333046498709,2.15358301294304,3,5,5
"1303",0.149779225256078,0.504135228738322,0.149900574974279,0.504134715262629,0.00318878401417549,0.000259241225636586,2.05876518458853,2.13330377475319,2.15363011469398,3,5,5
"1304",0.149774243535305,0.504135959239858,0.149823117333278,0.504134364801299,0.00318388456209832,0.000258873665603843,2.05879731046688,2.13335360554097,2.15364414159265,3,5,5
"1305",0.149780014249345,0.504134634608563,0.149839591239287,0.504134034204003,0.00317899625514444,0.000258507077288028,2.0587677068817,2.1332978916011,2.15360258471919,3,5,5
"1306",0.149770994888309,0.504137281603477,0.149839645857245,0.504134413570909,0.00317411839501933,0.000258143414073375,2.05879603492212,2.13332076817991,2.15367333910672,3,5,5
"1307",0.149772598690814,0.504138240783053,0.149865827855377,0.50413464465342,0.00316925152472897,0.00025777909520186,2.05881999011266,2.13333585725397,2.153675291676,3,5,5
"1308",0.149771413497307,0.504133600907612,0.149895859294254,0.504134795829842,0.00316439600492703,0.00025741391276568,2.05880627228842,2.13331148652025,2.15363971290126,3,5,5
"1309",0.14976327892678,0.50413872820938,0.14988436289341,0.504134387795913,0.00315955033420671,0.000257051684323772,2.05884756278423,2.13333359167144,2.15373433249871,3,5,5
"1310",0.149766220517798,0.504139257819568,0.149848161045362,0.504134189143084,0.00315471616902496,0.000256690643357649,2.05885086280924,2.13334621586618,2.15371053315224,3,5,5
"1311",0.149759863447021,0.504130127407497,0.149833319109315,0.504134342918339,0.00314989250279443,0.000256323646804502,2.0588643157549,2.13334218163264,2.15370630152447,3,5,5
"1312",0.149757339424258,0.504137849837954,0.149911796262539,0.504134578242813,0.00314507964329103,0.000255963600274467,2.05887959255178,2.13334568671194,2.15375315466121,3,5,5
"1313",0.149761055118359,0.504139509661821,0.149859323783689,0.504134263727348,0.0031402779420281,0.00025560381552725,2.05890093125373,2.13337226436828,2.15376042596124,3,5,5
"1314",0.149756410086476,0.504131770085576,0.149847249102125,0.504134304656983,0.00313548709850547,0.000255240843591742,2.05888683973058,2.1333556324302,2.15372274300037,3,5,5
"1315",0.149753099070197,0.504137415976782,0.149831150353703,0.504134117977627,0.00313070636511701,0.000254881689991993,2.05891504905867,2.13335589434466,2.1537823382077,3,5,5
"1316",0.149757365856988,0.504138845985121,0.149838718801573,0.504134475749613,0.00312593751115989,0.000254523842253551,2.05892354063822,2.133386993589,2.1537651688219,3,5,5
"1317",0.149758255708243,0.504137177162797,0.149811094858991,0.504134256063993,0.00312117929799465,0.000254165896287128,2.05890958859995,2.13333537170522,2.15374043267875,3,5,5
"1318",0.149751823273004,0.504132992017612,0.149822214327547,0.504134407057495,0.00311643166522819,0.000253805598480095,2.05893002871059,2.13336268686393,2.15377619922843,3,5,5
"1319",0.149762788153222,0.504141003142858,0.14986374064212,0.504134636205253,0.00311169523037926,0.000253450944672995,2.05892115499571,2.13335321147869,2.15375450462094,3,5,5
"1320",0.149755028143483,0.50413619428452,0.149834969922863,0.504134629343113,0.0031069697140629,0.000253094237877116,2.05893499252596,2.13336621414159,2.15376351086714,3,5,5
"1321",0.149753736224236,0.504137484569135,0.149874531831456,0.504134337182057,0.00310225412571216,0.00025273773550083,2.05894484155898,2.13334100270972,2.15378620662351,3,5,5
"1322",0.14975680264937,0.504137326231102,0.149822461016821,0.504134222391431,0.00309754996731531,0.000252382253023598,2.05894362793053,2.13338592027179,2.15377599053197,3,5,5
"1323",0.149759499725964,0.504134087587737,0.149849905116568,0.504134095331299,0.00309285632458185,0.000252025475132367,2.05892789438481,2.13333636592518,2.15375171080635,3,5,5
"1324",0.149744436356466,0.504134898205934,0.149794421009691,0.504134408895807,0.00308817271535288,0.000251669216263517,2.05897752833827,2.13338360789386,2.15381264015742,3,5,5
"1325",0.149756838077042,0.504138448630355,0.14984526788616,0.504134512801074,0.00308350000637786,0.000251317580614141,2.05895975855171,2.13338758441921,2.15380297588967,3,5,5
"1326",0.1497497759369,0.504135751922156,0.149799225378996,0.504134605293026,0.00307883837278949,0.000250965833461292,2.05896335443262,2.13338231839594,2.15378478806272,3,5,5
"1327",0.149745666907898,0.504133380810516,0.149845894761001,0.504134713104973,0.00307418600144056,0.000250611718512483,2.05896917373509,2.13338919340338,2.15380717577698,3,5,5
"1328",0.14974890819197,0.504141595311044,0.149804699936041,0.504134688871497,0.00306954490247823,0.000250264154493807,2.05897174685622,2.13341840373894,2.15380065735813,3,5,5
"1329",0.149744493966392,0.504138444541245,0.149854060333581,0.504134276338377,0.00306491401460115,0.000249915242017784,2.05898270862927,2.13340000283606,2.15381603507966,3,5,5
"1330",0.149735733235458,0.504133352696078,0.149835946168922,0.504134206994722,0.00306029339691535,0.00024956310296631,2.0589959765624,2.13342710054962,2.15382402387321,3,5,5
"1331",0.149746833619522,0.504139348827814,0.149880930506147,0.504134396452899,0.00305568325455835,0.000249216125598695,2.05897924586347,2.13344109657713,2.15381974315211,3,5,5
"1332",0.149734302557083,0.504138411771132,0.149874029033773,0.50413448420762,0.00305108363178197,0.000248869563873377,2.05899261241715,2.13343226699939,2.15382021349065,3,5,5
"1333",0.14973264175137,0.504135661804417,0.149915440815847,0.504134339291071,0.00304649379612697,0.000248520001159602,2.05900168635896,2.1334348235427,2.15384146261672,3,5,5
"1334",0.149728550937673,0.504139351373658,0.149914349193041,0.504134219614741,0.00304191446807927,0.000248174110499821,2.05901928898911,2.13348197103244,2.15386497947862,3,5,5
"1335",0.149729621216896,0.504136908521762,0.149940839984046,0.504134302311104,0.00303734536958098,0.000247827306984805,2.05898100245846,2.13343778133702,2.15382941640614,3,5,5
"1336",0.149719352623148,0.504133054212694,0.149911988845406,0.50413470593963,0.00303278641449472,0.000247477866718415,2.05903153178362,2.13348182744219,2.15387073578701,3,5,5
"1337",0.149720567588928,0.504140434402701,0.149878863132784,0.504134496932623,0.00302823760493176,0.000247133100241714,2.05902702104309,2.13349315198963,2.1538844307577,3,5,5
"1338",0.149720493620449,0.504137961447282,0.14991517867449,0.504134502192988,0.00302369910848463,0.000246789736821795,2.05900161184311,2.13347643146017,2.15385600168779,3,5,5
"1339",0.149717063336334,0.50413197614588,0.14988188307546,0.504134155105394,0.00301917095579209,0.00024644067774815,2.05901690651085,2.13348795476056,2.1538771051464,3,5,5
"1340",0.149712661510822,0.50413781498292,0.149869356152394,0.504134163500136,0.00301465259989848,0.000246096289528652,2.05904076300967,2.13353345345789,2.15388849171077,3,5,5
"1341",0.149711878999543,0.50413802551688,0.149830900819621,0.504134190792015,0.00301014428244285,0.000245753304856655,2.05902228867533,2.13350167786468,2.15389999196405,3,5,5
"1342",0.149713058006095,0.504135938666329,0.149937143540158,0.504134701769841,0.00300564666690647,0.00024540989103039,2.05902620490961,2.13352176599994,2.15390734194908,3,5,5
"1343",0.149711754189534,0.504137978848953,0.149884683403418,0.504134576774021,0.00300115878339083,0.00024506640265487,2.05904149259037,2.13355288717667,2.15391899673351,3,5,5
"1344",0.149709655187788,0.504136972579817,0.149904045775805,0.504134647625813,0.00299668065942777,0.00024472430912581,2.05901606233169,2.13352239707891,2.1538917787643,3,5,5
"1345",0.149705391135376,0.504134772509671,0.149813331936727,0.504134966654921,0.00299221248154608,0.000244380081755202,2.0590471679312,2.13355636381222,2.15395928716698,3,5,5
"1346",0.149701232590972,0.504137850427691,0.149883152959847,0.504134517511705,0.00298775406835977,0.000244038689171333,2.05907778523024,2.13359913138618,2.15396407417454,3,5,5
"1347",0.149712385893708,0.504138356069522,0.149776413959066,0.50413475662573,0.00298330581069422,0.000243698938181547,2.05899202938729,2.13353149467307,2.15389897277558,3,5,5
"1348",0.149698774787039,0.504136732110981,0.149915216109458,0.504134785061542,0.00297886744200617,0.000243358533734361,2.0590610557083,2.13358321648211,2.1539577334722,3,5,5
"1349",0.149701644024528,0.504134341000219,0.149837201836568,0.50413457165554,0.00297443848596428,0.00024301510146818,2.05906576344535,2.13361298318263,2.15399065824716,3,5,5
"1350",0.149707612049483,0.504137840912119,0.149923088770984,0.504134219302422,0.00297001997911709,0.00024267736397332,2.05903251872899,2.13358005010488,2.15393248988131,3,5,5
"1351",0.149699302603535,0.504134647062766,0.149869014152431,0.504134354319956,0.00296561127712994,0.000242335121777848,2.05905306469425,2.13359940258205,2.15396191251191,3,5,5
"1352",0.149702435180975,0.504135840686914,0.149884295571642,0.504134350901674,0.00296121245214684,0.000241995177879706,2.05905617044962,2.13361762629421,2.15395904727115,3,5,5
"1353",0.149706817932945,0.504141082388508,0.14986790108262,0.504134422056946,0.00295682370404548,0.000241660179204239,2.0590181817382,2.13357156278647,2.15393954464996,3,5,5
"1354",0.149699687338893,0.504135662480586,0.149896991647616,0.504134568787522,0.00295244496010732,0.000241321556833429,2.05907762855612,2.13363112835833,2.15398614595054,3,5,5
"1355",0.14970249874858,0.504133973373451,0.149821033344259,0.504134668086269,0.00294807608390468,0.000240981427773623,2.05903961430031,2.13361286893268,2.15396015312622,3,5,5
"1356",0.149697698227513,0.504139291346423,0.149855237740216,0.504134315497231,0.00294371689392634,0.00024064666738921,2.05905933786468,2.13362572883662,2.15396835603323,3,5,5
"1357",0.14969885916963,0.504133029583962,0.149786010030704,0.504134702898583,0.00293936748307573,0.000240307107446158,2.05905648097104,2.13359986775807,2.15397997409793,3,5,5
"1358",0.149699621267917,0.50413802963929,0.149911440794625,0.504134398112763,0.00293502797531865,0.000239971614584,2.05907276895753,2.13365874754268,2.15398928516072,3,5,5
"1359",0.149701379243648,0.504141301674138,0.149888074817561,0.504134361451479,0.00293069819654633,0.000239639439916117,2.05903402235888,2.13359809262065,2.15393713721085,3,5,5
"1360",0.14969501879851,0.50413227245715,0.149931472987739,0.504134249407753,0.00292637798988724,0.000239303997158991,2.05906846102762,2.1336269094555,2.15397511212212,3,5,5
"1361",0.149703094557429,0.504136035162115,0.149884581531214,0.504134675394398,0.00292206768362952,0.000238971455226777,2.05903847199644,2.13359484217484,2.15395790822194,3,5,5
"1362",0.149700686951134,0.504139090357676,0.149945555567479,0.504134672505986,0.00291776667534046,0.000238641732729916,2.05904577721576,2.13362744602866,2.15394596402871,3,5,5
"1363",0.149701452724438,0.504133667795062,0.149847679767958,0.50413444945833,0.00291347569582428,0.000238308281000132,2.05902564126717,2.13357275232957,2.15393105815627,3,5,5
"1364",0.149694684844747,0.504135751009774,0.149922007220304,0.504134491885961,0.00290919380445538,0.000237977095351116,2.05905584135075,2.13363356310064,2.15395544962847,3,5,5
"1365",0.149709311060702,0.504142308387402,0.149919185680674,0.504134326982933,0.00290492210559283,0.000237650761209518,2.05900428380491,2.13356269388464,2.15390589386921,3,5,5
"1366",0.149699017327849,0.504132050278842,0.149941101280477,0.504134173196678,0.00290065939012217,0.000237317504892198,2.05904318612313,2.13361396497195,2.15394337094691,3,5,5
"1367",0.149702106599785,0.504135128183967,0.149913708076274,0.5041343650335,0.00289640622402562,0.000236988223795254,2.05901618436312,2.13358801204611,2.15392263460946,3,5,5
"1368",0.149700156157963,0.504139820029818,0.149949425047038,0.504134359887727,0.00289216233684141,0.000236665021789761,2.05903226963493,2.13361803574806,2.15392299539103,3,5,5
"1369",0.149706913616167,0.504134750969571,0.149930546800801,0.504134559838139,0.00288792832472687,0.000236337989905411,2.05901267677754,2.13356589005852,2.15392300830848,3,5,5
"1370",0.149702481228229,0.504133966220565,0.149898931033661,0.504134568624025,0.00288370294354423,0.00023601106857063,2.05901867040353,2.13360770121331,2.15391538162155,3,5,5
"1371",0.149709660237403,0.504141674486146,0.149900759614804,0.504134465587222,0.00287948744908042,0.000235690517464415,2.05898325328155,2.13356462626102,2.15387610902581,3,5,5
"1372",0.149701975464814,0.504133926553967,0.14991936799234,0.504134686436968,0.00287528079898697,0.000235364737988353,2.05902277646634,2.13360848033195,2.15391803303071,3,5,5
"1373",0.149716858505958,0.504137176136736,0.149869419441859,0.504134664519476,0.0028710838621363,0.000235041638121491,2.05896721929967,2.1335425680198,2.15388047262609,3,5,5
"1374",0.149713901724131,0.504141568171715,0.149882973681765,0.504134356308098,0.00286689588913864,0.000234722402852827,2.05897645788786,2.13359009598826,2.15387019537928,3,5,5
"1375",0.149714383194299,0.504133402874276,0.149867092110367,0.504134556414678,0.00286271679203158,0.000234396830819827,2.05897464148549,2.13355716492597,2.15388291224551,3,5,5
"1376",0.149721232893237,0.504134557001984,0.149922658006422,0.504134664171717,0.00285854688089508,0.00023407348840665,2.05895844740349,2.13357390205007,2.15385913352585,3,5,5
"1377",0.149724472216657,0.504141081579097,0.149837894245767,0.504134155471012,0.00285438619822193,0.00023375638888512,2.05893505914004,2.13354620453433,2.15384302231628,3,5,5
"1378",0.149719898554009,0.504135803479808,0.149880040489306,0.504134149597681,0.00285023401744745,0.000233436187697555,2.05896002007716,2.13358040800728,2.15386069150604,3,5,5
"1379",0.149735699592472,0.504133697835524,0.149822187299051,0.50413441555517,0.00284609151854189,0.000233115004052986,2.05890368870245,2.13351851064408,2.15381039160289,3,5,5
"1380",0.149717890960338,0.504133880854398,0.149884698027641,0.50413462849165,0.00284195655290145,0.000232793667532372,2.05894435764122,2.1335882898506,2.15382709904423,3,5,5
"1381",0.149723169304329,0.504138222128423,0.149827685025087,0.504134585226909,0.00283783105747402,0.000232476975865814,2.0589396823787,2.13355118297454,2.15383320950937,3,5,5
"1382",0.149730879506175,0.504135696353193,0.149878466250233,0.504134491477793,0.00283371428343628,0.000232159703521639,2.05890855766675,2.13355104981599,2.15379195880903,3,5,5
"1383",0.149722527649449,0.504137089273141,0.149789192068164,0.504134749420049,0.00282960598790457,0.000231843259884013,2.05891977108673,2.13355542391988,2.1537904656694,3,5,5
"1384",0.149718906375829,0.504134217675864,0.149855541614772,0.504134506331821,0.00282550597835455,0.000231525633029306,2.05893349928729,2.13358200817148,2.15381610508721,3,5,5
"1385",0.149732845771403,0.504139035967366,0.149842418108073,0.504134249494275,0.00282141548064988,0.00023121156380046,2.05889895152572,2.13353871294715,2.15377530593926,3,5,5
"1386",0.149721609360114,0.504139402747467,0.14987108890112,0.504134239764895,0.00281733283195891,0.000230898212550179,2.0589273729453,2.13359280375648,2.15378985270105,3,5,5
"1387",0.149718570334605,0.504134323951488,0.149876325174775,0.504134387259363,0.00281325907442319,0.000230582020590453,2.05893862666722,2.13358156927513,2.1538079837957,3,5,5
"1388",0.149727502640962,0.504137567178317,0.149887054519722,0.504134426846699,0.00280919424733841,0.000230268305681403,2.0589123360465,2.133574280608,2.15378173622008,3,5,5
"1389",0.149721136176476,0.504138128378428,0.149844861880643,0.504134560570908,0.00280513767167135,0.000229955349251965,2.05893192887052,2.13358936565541,2.15378524210575,3,5,5
"1390",0.149720695163267,0.504136605233,0.149895820872565,0.504134476642497,0.00280108982465178,0.000229643458525941,2.05894119850229,2.13360845145625,2.15380447817431,3,5,5
"1391",0.149727131828161,0.504137302888185,0.149814454054236,0.504134699504072,0.00279705095131955,0.000229332341070365,2.05891751455214,2.13357384943499,2.15377386904173,3,5,5
"1392",0.149717105647876,0.50413704613411,0.149912324413282,0.504134740196067,0.00279301994995916,0.000229021946538621,2.0589477385664,2.13363139085326,2.15380438860565,3,5,5
"1393",0.149723106002314,0.504135996285003,0.149803312352781,0.504134812641692,0.00278899817952383,0.000228711622316746,2.05895425766766,2.13362011397128,2.15381860252531,3,5,5
"1394",0.149725549762405,0.504138831090605,0.149877361991667,0.504134403377829,0.00278498507172746,0.000228402557716612,2.05892681295583,2.13359616754245,2.15378000393951,3,5,5
"1395",0.149723267726615,0.504139212743106,0.149803518154987,0.504134402102108,0.00278098053825281,0.000228095101188042,2.05895380003969,2.13363594141306,2.15379941119856,3,5,5
"1396",0.1497216208488,0.504133473775352,0.149901632677438,0.504134434115901,0.00277698445919356,0.000227784368712625,2.05896787230627,2.13366633018878,2.15384649244787,3,5,5
"1397",0.149732787862339,0.504138094235572,0.149822166180903,0.504134383566345,0.00277299782770566,0.000227476475640809,2.05893339848104,2.13360339564551,2.15379025544137,3,5,5
"1398",0.149712927998694,0.504135564617313,0.149923340161056,0.504134375301579,0.00276901798456341,0.000227167022457508,2.05897763790011,2.1336888519933,2.15385016160153,3,5,5
"1399",0.14972613287596,0.504140528034589,0.149825795266941,0.504134726783286,0.00276504808792916,0.000226862907832137,2.05897121003053,2.13366427098697,2.15386035762307,3,5,5
"1400",0.149727276569067,0.504134576213289,0.149888916946442,0.504134485394202,0.00276108616143587,0.000226553656267892,2.05893873138847,2.1336411328319,2.15381548452303,3,5,5
"1401",0.149718911923786,0.504138834609105,0.149817892249111,0.504134687093005,0.00275713242738679,0.000226248567994469,2.05897274082025,2.1336753388677,2.15385857386294,3,5,5
"1402",0.149712014322562,0.504135738822708,0.149908954692768,0.504134272788447,0.00275318672782922,0.000225941709234512,2.05899180468144,2.13371754494503,2.1538996955335,3,5,5
"1403",0.14972934399208,0.504138640149613,0.149812938385577,0.50413443731575,0.00274925066713723,0.000225636951450947,2.05894301793206,2.13364823209726,2.15382511230523,3,5,5
"1404",0.149714003227946,0.504135144095211,0.149902535704506,0.504134346984706,0.00274532154405256,0.000225330800279422,2.05897178553685,2.13371512588212,2.15387760310595,3,5,5
"1405",0.149717751790467,0.504137888878053,0.149857637943863,0.504134427789814,0.00274140172670218,0.000225027567261948,2.05898376555163,2.13371024669572,2.15390183687234,3,5,5
"1406",0.149719982206552,0.504133879487889,0.149876655244752,0.50413437073005,0.00273748986840321,0.00022471990517936,2.05894725342939,2.13368965285567,2.15384250422639,3,5,5
"1407",0.149717693210768,0.504141696347351,0.149811585134673,0.504134671639018,0.00273358625308215,0.000224419836284517,2.05896749615899,2.13372052338799,2.15388142405759,3,5,5
"1408",0.149707278578568,0.504136688663621,0.149904547421144,0.504134289593295,0.00272969043437185,0.000224117277649483,2.05899765707514,2.1337608692934,2.15393284150884,3,5,5
"1409",0.149718614299426,0.504136402296389,0.149819865414655,0.504134206603758,0.00272580333042319,0.000223814685405999,2.05895562693275,2.13371871026523,2.15387896567186,3,5,5
"1410",0.149703909498116,0.504134964094284,0.149905250382843,0.504134335684921,0.00272192356611722,0.000223511735437665,2.05897895821028,2.13376217980522,2.15390601636927,3,5,5
"1411",0.149707975065994,0.504141447828444,0.149836120999817,0.504134725706176,0.00271805265606251,0.000223215175880864,2.05900410784063,2.13379893888511,2.15395896678491,3,5,5
"1412",0.149704680216182,0.504132793626492,0.149817295121407,0.504134304707953,0.00271418923396305,0.000222911801282866,2.05897693328837,2.13377303154941,2.15392850301246,3,5,5
"1413",0.149701826315371,0.504138437212798,0.149828930571921,0.504134641713123,0.00271033374051296,0.000222613843468,2.05899736597012,2.13379974625031,2.15395325666651,3,5,5
"1414",0.149692284109595,0.504135453617602,0.14991742787565,0.504134631102547,0.00270648632651552,0.000222314195206574,2.05902498141935,2.13384155356443,2.1539966720051,3,5,5
"1415",0.149700491057166,0.504138900144862,0.149849366445383,0.504134637971582,0.00270264698615779,0.000222016498484856,2.05900139162969,2.13381668663033,2.15397828305108,3,5,5
"1416",0.14969154843223,0.50413428694718,0.149842513887251,0.504134585924432,0.00269881521387692,0.000221717194528237,2.05900681222203,2.13385302637091,2.15399424736486,3,5,5
"1417",0.149687972098506,0.504138895196633,0.149819959123165,0.504134383355502,0.00269499177821772,0.000221422635730772,2.05905326457119,2.13388163512474,2.15404544341457,3,5,5
"1418",0.149686646633394,0.504134178349432,0.149887262490033,0.504134366946614,0.00269117577434973,0.000221123956834823,2.05902670707368,2.13387477223874,2.15401962407723,3,5,5
"1419",0.149687619691819,0.504139364153913,0.14980884184829,0.504134365279766,0.00268736783848864,0.000220830413723228,2.05903210726394,2.13388641542668,2.1540335043415,3,5,5
"1420",0.149683048840651,0.504133535321969,0.14983547497979,0.504134286342292,0.00268356826496198,0.000220534945351791,2.05904623126036,2.13390583583937,2.15405570420213,3,5,5
"1421",0.149685872311196,0.504139511179116,0.149818720854616,0.504134216616353,0.00267977630081757,0.000220242231235512,2.05905961428957,2.13390922197491,2.15406319383002,3,5,5
"1422",0.149687916650539,0.504132260398783,0.149863254212547,0.50413432238923,0.00267599239653563,0.000219946539513294,2.05900935059428,2.13388439872177,2.15401528438358,3,5,5
"1423",0.149683700449068,0.504141924947908,0.149764900511058,0.504134706332852,0.00267221677738242,0.000219657194303613,2.059060856436,2.13390267218373,2.1540781987604,3,5,5
"1424",0.149689501478166,0.504134774441776,0.149892140885257,0.50413515303076,0.00266844871404696,0.000219362922013633,2.05902522925684,2.1339062251203,2.15404787754171,3,5,5
"1425",0.149686730178101,0.504140714971794,0.149795883810716,0.504134648429366,0.00266468894918524,0.00021907374817498,2.05906287146414,2.13391833786752,2.15407724974915,3,5,5
"1426",0.149684912499244,0.504133082803121,0.149857975963706,0.504134931120616,0.00266093716995916,0.000218780141010844,2.05905106134023,2.13392055277398,2.15408781688903,3,5,5
"1427",0.149696377446946,0.504140432559987,0.149812219207325,0.504134439157889,0.00265719358717301,0.000218491012693334,2.05902767051393,2.1338907897792,2.15405497994811,3,5,5
"1428",0.14968933948789,0.504132442465259,0.149860448415748,0.50413434706351,0.00265345773570445,0.000218197839441103,2.05904056536691,2.13390666321852,2.15406803646483,3,5,5
"1429",0.149695769101336,0.504138891465045,0.149867346320843,0.504134795649464,0.00264973048161362,0.000217908786905308,2.05903721511833,2.13387120188163,2.15406963207083,3,5,5
"1430",0.149698538375342,0.504132812082915,0.149959234841667,0.504134103634176,0.00264601063696329,0.00021761619219296,2.05901389552223,2.13389035878418,2.15404881411163,3,5,5
"1431",0.149703419136662,0.504139973507314,0.149853955008153,0.504134053059847,0.00264229916797269,0.000217329609249028,2.05902767381592,2.13387739066337,2.15405861985798,3,5,5
"1432",0.149695542851192,0.50413309277151,0.149896916147503,0.504134354216849,0.00263859507359447,0.000217039418579312,2.05903180236848,2.13388089515191,2.15408648750064,3,5,5
"1433",0.149706249055081,0.504138986061998,0.149928700471139,0.504134504523786,0.00263489925153865,0.000216752824358291,2.05901766844661,2.13384994245253,2.15405753556142,3,5,5
"1434",0.149699502243263,0.504131869189464,0.149933395261879,0.504134630052603,0.00263121101169076,0.000216462075790957,2.05902888655052,2.13386924125686,2.15406160794116,3,5,5
"1435",0.1497086414719,0.504141048807115,0.149899400735559,0.504134844328502,0.00262753091793798,0.000216178221082108,2.05901106397325,2.13382091357199,2.1540552701213,3,5,5
"1436",0.149713685370714,0.504136869740651,0.149885299621831,0.504134206416038,0.00262385842204844,0.000215891787638367,2.05899774433066,2.13381617855947,2.15403767855735,3,5,5
"1437",0.149718128828633,0.50413843806698,0.149894962569755,0.504134309204981,0.00262019401205352,0.00021560756325445,2.05898552593988,2.13376749258902,2.15401833283465,3,5,5
"1438",0.149708810214628,0.50413360354898,0.149919935757577,0.504134244938559,0.00261653678005325,0.000215319003771253,2.05899173066567,2.13377816287287,2.15403578936625,3,5,5
"1439",0.149729481675666,0.504141831323917,0.14988137622861,0.504134222453933,0.00261288786944971,0.000215037110306127,2.05895213269115,2.13371649091155,2.15396369554582,3,5,5
"1440",0.14972232259757,0.504133722837178,0.149931940283485,0.504134451886773,0.00260924642997602,0.000214750528429564,2.05895131328749,2.13372454978418,2.15398543888303,3,5,5
"1441",0.149728945678072,0.504143734743526,0.149900966485448,0.504135180782196,0.00260561293122704,0.000214470254553456,2.05894366270967,2.13366670471763,2.15396024039431,3,5,5
"1442",0.149732047406283,0.504131662834628,0.149987533566331,0.504134517867922,0.00260198706396103,0.000214183742281548,2.0589239678739,2.13367763614289,2.15392324325533,3,5,5
"1443",0.149740158534637,0.504142301135342,0.149896372459648,0.504134348461387,0.00259836886697607,0.000213906969141697,2.05890112236076,2.13361895158068,2.15390590774244,3,5,5
"1444",0.149732277018112,0.504134794397194,0.14993644438854,0.504134263745602,0.00259475849167446,0.000213625006217688,2.05891463712372,2.13362031598697,2.15390922289943,3,5,5
"1445",0.14975135151192,0.504140864953765,0.149828221269755,0.504134483142726,0.00259115603580731,0.000213349077946678,2.05886108287616,2.13354743224247,2.15382890269571,3,5,5
"1446",0.149740731309612,0.504130867905809,0.149950807505715,0.504134693192326,0.00258756081988166,0.000213066811613261,2.05888140957963,2.13357698950239,2.15386227135797,3,5,5
"1447",0.149750157743858,0.504140857585863,0.149842106515664,0.504134468443127,0.00258397325824542,0.000212792155186881,2.0588574325269,2.13353282410627,2.15383327555825,3,5,5
"1448",0.149749363284501,0.504134067666444,0.149911339673918,0.504134530822598,0.00258039339665517,0.000212514189101287,2.05884450048181,2.13352170702474,2.15378823280286,3,5,5
"1449",0.149757337910902,0.504139367290343,0.149865351350778,0.504134451617401,0.00257682126765751,0.000212240267941977,2.05882869409548,2.13347859033202,2.15377993273709,3,5,5
"1450",0.149743952336091,0.504132122963489,0.149891962576214,0.504134318291034,0.00257325604652802,0.000211961272703287,2.05885687373567,2.13352374528916,2.15381393689758,3,5,5
"1451",0.1497667767512,0.504141145845932,0.149824977507676,0.504134410537099,0.002569699285945,0.000211689635170265,2.05880316552755,2.13345403789915,2.1537281730636,3,5,5
"1452",0.149748769444053,0.504134110225816,0.149846164561585,0.50413422638404,0.00256614938584064,0.000211412533039912,2.05882685190827,2.13348222575676,2.15375497522538,3,5,5
"1453",0.149753918742407,0.504140919114173,0.149842188317446,0.504134308339496,0.00256260713848847,0.000211140838804913,2.05882599720101,2.13345645911281,2.153749084785,3,5,5
"1454",0.149760633828981,0.504134701669854,0.149899974902919,0.504134554149826,0.00255907262881562,0.000210865759929235,2.05880595517923,2.13345767998581,2.15370447674622,3,5,5
"1455",0.149765723473826,0.504137477267269,0.149797951236692,0.504135141263967,0.00255554580949643,0.000210592256693842,2.05878330216033,2.13341442293042,2.1536870371367,3,5,5
"1456",0.149750277850868,0.504134818423542,0.149926556829439,0.504134832471468,0.0025520259032308,0.000210319495028144,2.05880946913128,2.13344877536818,2.15369958305035,3,5,5
"1457",0.149766570312127,0.504140176748684,0.149818593009387,0.504134587333403,0.00254851410276022,0.000210051387825483,2.05879607022638,2.13342273387721,2.15366490005275,3,5,5
"1458",0.149754144250117,0.50413127160309,0.14984272817271,0.504134277367718,0.00254500949187236,0.000209776657517757,2.05881954727023,2.13345597242991,2.15369399068788,3,5,5
"1459",0.149757663531339,0.50413966623026,0.149841841448934,0.504134357002939,0.00254151259379543,0.000209511747513491,2.05881581632413,2.13343037193331,2.15367263123563,3,5,5
"1460",0.149759742669453,0.504135978769812,0.149850226047806,0.504134353213179,0.00253802303587794,0.000209245611754949,2.05879737725782,2.13343547488816,2.1536237576926,3,5,5
"1461",0.149764978205526,0.504137647729367,0.149872265149025,0.504134398559836,0.0025345411191872,0.000208979782906904,2.05881256559611,2.13342688706092,2.15366061034791,3,5,5
"1462",0.149747011237973,0.50413273904546,0.149923075663839,0.504134549044357,0.0025310662270922,0.000208710413158619,2.05884032222954,2.1334639498292,2.1536536036113,3,5,5
"1463",0.149768786500261,0.50414256269967,0.149801863679766,0.504134477198,0.00252759945601177,0.000208449639996,2.05879509129677,2.13340954256969,2.15358469346394,3,5,5
"1464",0.149762533877756,0.504136017634262,0.149848315810407,0.504134568056189,0.0025241399941102,0.000208184312623261,2.05880994734388,2.13344406742095,2.15363563734122,3,5,5
"1465",0.149764261805568,0.504139416290001,0.149869904882502,0.504134287513687,0.00252068789780726,0.000207922710213193,2.05883332547218,2.13344260906724,2.15363202033613,3,5,5
"1466",0.14976879295624,0.504136382791671,0.14988422064793,0.504134270433672,0.00251724347310904,0.000207660521742814,2.05880509664859,2.13343531016202,2.1535841750958,3,5,5
"1467",0.149779846664993,0.504139812698043,0.149842832039515,0.504134225391956,0.00251380699941105,0.000207400928744161,2.05881032694066,2.13342298065726,2.15362409971501,3,5,5
"1468",0.149767036703247,0.504134837257025,0.149885847386494,0.50413451822801,0.00251037711977523,0.000207138527542505,2.05881656222944,2.13343405903144,2.15361887418416,3,5,5
"1469",0.149777733841814,0.504139842618701,0.149821514623636,0.50413443902138,0.00250695474629178,0.000206879702694507,2.05881716152904,2.13342452133629,2.15358816527532,3,5,5
"1470",0.149775903926498,0.50413359468679,0.149858728242875,0.5041344431817,0.00250353984631472,0.000206616639119472,2.05882153216588,2.13343728142911,2.15363581102821,3,5,5
"1471",0.149784163882229,0.504138882760577,0.149826968699305,0.504134614051379,0.00250013253756589,0.000206359784288401,2.05880716972347,2.13340100088318,2.15360023544582,3,5,5
"1472",0.149778996148405,0.50413641642719,0.149887293115158,0.504134189945499,0.00249673196161196,0.000206102287301557,2.05880562337125,2.13341723981928,2.15357960871588,3,5,5
"1473",0.149784704328569,0.504134033826817,0.149818064227049,0.504134270870191,0.00249333844121939,0.000205842606853746,2.05880504224884,2.13339262418059,2.15360225961496,3,5,5
"1474",0.149776556276531,0.504136649382981,0.149930894699842,0.504134439699748,0.00248995235392048,0.0002055855042985,2.05883091587073,2.13341983963727,2.1536309452396,3,5,5
"1475",0.149797375167599,0.504139033541777,0.149837493235084,0.504134621429361,0.00248657356663467,0.000205331416294641,2.05877508921546,2.13336633921081,2.15355180798546,3,5,5
"1476",0.149782854353577,0.504134225914159,0.149889917323986,0.504134513068996,0.00248320120264645,0.000205073065144057,2.05880456505985,2.13339969616741,2.15361570520808,3,5,5
"1477",0.149786924354683,0.504139964633327,0.149806859895905,0.504135051531619,0.0024798362077205,0.000204819467974793,2.05881360640218,2.13337608013867,2.15360435427661,3,5,5
"1478",0.149791370097657,0.504137362918809,0.149914479028814,0.504134503470474,0.00247647828583252,0.000204565118087419,2.05878609943497,2.13337540338588,2.1535636574155,3,5,5
"1479",0.149790386358575,0.504133368678593,0.149837290968,0.504134589487452,0.00247312691897672,0.000204307742590504,2.05879586793479,2.1333694161882,2.15360988442472,3,5,5
"1480",0.14978435059303,0.504140006534541,0.149908020524354,0.504134654926862,0.00246978274070176,0.000204055834758021,2.05881663971355,2.13338200402149,2.15361147715909,3,5,5
"1481",0.149789126620377,0.50413670428373,0.149819018684757,0.504134664890986,0.0024664449569012,0.000203801719111718,2.05879374756742,2.13335937107706,2.15357318952963,3,5,5
"1482",0.149786520608059,0.504133316061005,0.149858646088052,0.504134195476122,0.00246311430637265,0.000203545302607133,2.0588015018729,2.13337126161621,2.15361317175774,3,5,5
"1483",0.149789902901395,0.504139585072467,0.149844150875074,0.504134412776354,0.0024597906563494,0.000203295049426955,2.05879730270922,2.13334863245041,2.15358821169921,3,5,5
"1484",0.149787771966434,0.504138303010342,0.149884540631289,0.504134053813875,0.00245647353259594,0.000203045329339346,2.05878763744359,2.13336076072682,2.15356666578702,3,5,5
"1485",0.149784898454153,0.504131409949161,0.149867579264012,0.504134317844581,0.00245316274696498,0.000202790124245955,2.05880530899362,2.1333652530211,2.15361638012565,3,5,5
"1486",0.149783166493992,0.50413958198273,0.149901429680118,0.504134374734725,0.00244985953793141,0.000202541762987507,2.05881252196387,2.13336412001761,2.15360602103037,3,5,5
"1487",0.149784875182476,0.504135500161534,0.149857596575131,0.50413469305196,0.00244656210443304,0.000202290746881606,2.05879079261002,2.13334867579606,2.15358430354323,3,5,5
"1488",0.149780205973028,0.504134127624695,0.149907742818549,0.504134203477135,0.00244327161659495,0.000202039476336235,2.05881662854467,2.1333774419741,2.15363083650539,3,5,5
"1489",0.149776446157269,0.504138130674059,0.149903419433333,0.504134405072985,0.00243998770641769,0.000201791686861408,2.05883254679236,2.13336714291955,2.15361657951587,3,5,5
"1490",0.149776605218545,0.504136803515729,0.149962163911937,0.504134611044353,0.00243671023949256,0.000201544231789863,2.05880479259235,2.13335599382065,2.15359062644107,3,5,5
"1491",0.149778089494091,0.504133077927446,0.149870524934731,0.504134989038112,0.00243343930579835,0.000201294399798213,2.05882662742216,2.13337418524591,2.15363662329225,3,5,5
"1492",0.149770127971248,0.504139151360646,0.149958698444866,0.504134421647998,0.00243017525279144,0.000201049624871885,2.05885194575122,2.13340238204213,2.15363006828359,3,5,5
"1493",0.149771918643868,0.504137354621206,0.149865131618324,0.504134296367081,0.00242691699147098,0.000200803360731472,2.05881868491395,2.13335460409768,2.15359247462793,3,5,5
"1494",0.149770276240135,0.504134772189454,0.149921393370958,0.50413418187715,0.00242366580517114,0.000200556310181232,2.05883972024947,2.1333904630776,2.15363378016265,3,5,5
"1495",0.149770084985791,0.504137904561411,0.149850779050352,0.504134442317466,0.00242042120900641,0.000200311599848901,2.05885586636342,2.13339511534025,2.15362746108257,3,5,5
"1496",0.149764411042106,0.504139514033729,0.149967445662465,0.504134618665171,0.00241718256380811,0.000200068475036175,2.05884640702173,2.1334083929422,2.15362187605241,3,5,5
"1497",0.149766785636433,0.504132956488547,0.149894029893608,0.504134682538432,0.00241395043939364,0.000199821770659248,2.05884498704046,2.13338427771696,2.1536218706804,3,5,5
"1498",0.149758984694781,0.504140753004376,0.150001124030157,0.504134519905562,0.00241072527529315,0.00019958193546965,2.05888262548169,2.13343720874298,2.15364926295544,3,5,5
"1499",0.149764150984219,0.504138201701125,0.149911112635348,0.504134277773089,0.00240750581137285,0.000199340612727972,2.05885114294299,2.13341265692115,2.15362883081742,3,5,5
"1500",0.149754727863045,0.504134807450757,0.149959983428742,0.5041343026367,0.00240429287293539,0.00019909736712298,2.05888231459122,2.1334600661091,2.15367177864558,3,5,5
"1501",0.14975263369633,0.504138476158397,0.149895541645298,0.504134215087913,0.00240108624260883,0.000198856427222727,2.05890347181843,2.13345607414601,2.15367047613533,3,5,5
"1502",0.149750515273313,0.504139217550129,0.149918353680568,0.504134638217532,0.00239788589330079,0.000198616870375812,2.05889048288887,2.133477576638,2.15367344504892,3,5,5
"1503",0.149754153245778,0.504132491162708,0.149870000166435,0.504134201334837,0.00239469192811878,0.000198372962782689,2.05887811185526,2.13344431333048,2.15366637026026,3,5,5
"1504",0.149741187570475,0.50414140303278,0.149898115721947,0.504134564583021,0.00239150439763909,0.000198135238771102,2.05893606416542,2.13351671096918,2.15371289100213,3,5,5
"1505",0.149747169124733,0.504133830741628,0.149887801631873,0.504134546569976,0.00238832251335933,0.000197892901734664,2.0588979921459,2.13348010331434,2.15367973243815,3,5,5
"1506",0.14973906340561,0.504132640716412,0.149813926918124,0.504134616620916,0.00238514736815154,0.000197649827570534,2.05892944588331,2.13352687089335,2.15372073611814,3,5,5
"1507",0.149747255204263,0.504139187409848,0.149880511791468,0.504134557308934,0.00238197881412475,0.000197411885658805,2.05892276431216,2.13350383061674,2.15371736691879,3,5,5
"1508",0.149736703645201,0.504139419731158,0.149855587514582,0.504134390722504,0.00237881570240559,0.000197174281610812,2.05893594757753,2.13354245965941,2.15373490802703,3,5,5
"1509",0.149739042939889,0.504130002973675,0.14987293263227,0.504134209554401,0.00237565889717868,0.000196930110452409,2.05893260908721,2.13352872592558,2.15373948792822,3,5,5
"1510",0.149730165686053,0.504141539991135,0.149898943088251,0.504134217766102,0.00237250886915666,0.000196693955646254,2.05897870578922,2.13357943812342,2.15377515713668,3,5,5
"1511",0.149742696555453,0.504137150119185,0.149852017482304,0.504134654932613,0.00236936453671429,0.000196457507386727,2.05892263502319,2.13352931737297,2.15373920693805,3,5,5
"1512",0.149727367377986,0.504136033104245,0.149921624507717,0.504134721500322,0.00236622624231111,0.000196219426122579,2.05897974391835,2.13359563866201,2.15380853259747,3,5,5
"1513",0.149727911240731,0.504138852070446,0.149857776336186,0.504134309651352,0.00236309422796551,0.000195983760603036,2.0589885288503,2.13358414516794,2.15380706699116,3,5,5
"1514",0.149731343465011,0.504138828359878,0.149919255479669,0.50413446723733,0.00235996847980789,0.000195749716534244,2.05897079174966,2.13360216090117,2.15378480827968,3,5,5
"1515",0.149739931850262,0.504135010268812,0.149935926269525,0.504134449352626,0.00235684924092903,0.000195513267162162,2.05894788790713,2.13354491201152,2.15379392160525,3,5,5
"1516",0.149722703402012,0.504140924874587,0.149833015882345,0.504134379464109,0.00235373610607,0.000195280403330389,2.05901734710815,2.13362335582267,2.15384327253093,3,5,5
"1517",0.149738629671991,0.504137223562762,0.149884068616181,0.504134305663371,0.00235062898727016,0.000195046485867989,2.05894252432704,2.13354444431854,2.15375984647846,3,5,5
"1518",0.149740195280389,0.504134738617705,0.149887982792963,0.504134655939594,0.00234752903780713,0.000194811160645347,2.0589620127389,2.13356662319474,2.15380182943043,3,5,5
"1519",0.149740153856217,0.504137644778976,0.149874389787016,0.50413420480001,0.00234443494719208,0.000194577676359553,2.0589533315189,2.13353500770328,2.15377726145033,3,5,5
"1520",0.149742856596597,0.504137561443265,0.149840001824825,0.50413415138295,0.00234134682760647,0.000194346114464117,2.05894049594346,2.13355039197125,2.15376400077869,3,5,5
"1521",0.149749896141113,0.504132430040324,0.149881193757744,0.504134341543627,0.00233826512410047,0.000194110506792078,2.0589021954947,2.13347560517056,2.15374054731649,3,5,5
"1522",0.149748451482863,0.504141991772266,0.149845416596198,0.504134461857752,0.0023351903772028,0.000193881428026677,2.0589336283037,2.13353430345124,2.1537463492876,3,5,5
"1523",0.149758989976845,0.504138186679506,0.149866414086664,0.504134381234581,0.00233212135885703,0.000193650390341804,2.05888705585658,2.13348327532655,2.153715785054,3,5,5
"1524",0.149749682307036,0.504130781766593,0.14984283934685,0.504134232591758,0.00232905838106663,0.000193414753080101,2.0589036083137,2.13349716047541,2.15373463191519,3,5,5
"1525",0.149755401272506,0.504138449091304,0.149852441674485,0.504134309553988,0.00232600177318542,0.000193184779345823,2.05888438754582,2.13346285736012,2.1537048582304,3,5,5
"1526",0.149764652174928,0.504141633104732,0.1498291937086,0.504134693026176,0.00232295150495613,0.000192958089708095,2.05886382933448,2.13347368252113,2.1536721929949,3,5,5
"1527",0.149766046433379,0.504130969803994,0.1498629107086,0.504134414044359,0.0023199071819175,0.000192723326354449,2.05883048349615,2.13339021754562,2.15367160755123,3,5,5
"1528",0.149753667893496,0.504139625703775,0.149879653073084,0.504134327291575,0.00231686878997673,0.00019249427196355,2.05887554355878,2.13347164387992,2.15369659373739,3,5,5
"1529",0.149778069884965,0.504141128393624,0.149849680461125,0.50413402967873,0.00231383683650905,0.000192267807975322,2.05880399368355,2.13338657343787,2.15362400825971,3,5,5
"1530",0.14976924687633,0.504132944531995,0.14987789703009,0.504134152757719,0.00231081090984986,0.000192035721984007,2.05880769337329,2.1333739800139,2.15364125482938,3,5,5
"1531",0.149770145073045,0.504134629223314,0.149886818096365,0.504134468914814,0.00230779067813077,0.000191804991282019,2.05880384907246,2.13337600238981,2.15364621885871,3,5,5
"1532",0.149772782839729,0.504141232146995,0.149830721636562,0.504134611328775,0.00230477666187201,0.000191580521706647,2.05880140629645,2.13338670144495,2.15362968675674,3,5,5
"1533",0.149784979805075,0.504130769339859,0.14991970833618,0.504134634107269,0.00230176859604126,0.000191349976498389,2.05873198873006,2.13328223611105,2.15359200751961,3,5,5
"1534",0.14976444382859,0.504136552301215,0.149841792657767,0.504134426691042,0.00229876604448182,0.000191123210814381,2.05880351354865,2.13338606810208,2.15363798282087,3,5,5
"1535",0.149782090102917,0.504140923809532,0.149890795841306,0.504134543552805,0.00229576953186761,0.000190899952218881,2.05874587742168,2.13333051630633,2.15359206301314,3,5,5
"1536",0.149770195407087,0.504133026430653,0.149792095868342,0.504134806559344,0.00229277871261478,0.000190672201347608,2.05875975051284,2.13331848437437,2.1536259089665,3,5,5
"1537",0.149775325220183,0.504133313857917,0.149886395299157,0.504135031175339,0.00228979336866693,0.000190444404204682,2.05874870826162,2.13331394927008,2.15360259735584,3,5,5
"1538",0.149773475791308,0.504144340332607,0.149821265509199,0.504134650241844,0.0022868142787863,0.000190225108925968,2.05875992878034,2.13335126998062,2.15360206127595,3,5,5
"1539",0.149768467651709,0.504132129541063,0.149894526419693,0.504134478287643,0.0022838402964471,0.000189997076665116,2.05874242691675,2.13330691052986,2.15361724777796,3,5,5
"1540",0.149758323981323,0.504133688870552,0.149862913295195,0.50413433493845,0.00228087181694327,0.00018977242416629,2.05878806566756,2.1333561452411,2.15364788027022,3,5,5
"1541",0.149774426811593,0.504139987092935,0.149947509047912,0.504134604217925,0.00227790937928801,0.00018955246588348,2.05873198735649,2.13330953157917,2.1535875442357,3,5,5
"1542",0.149761155705889,0.504135212910362,0.149934761208914,0.504134283422679,0.00227495251414298,0.000189331204191401,2.05875636408833,2.13331383425678,2.15362531783496,3,5,5
"1543",0.149757905612536,0.504133066543121,0.149924495132793,0.504134389885362,0.00227200057046641,0.000189108101217417,2.05877068619557,2.13333093829351,2.15363723183304,3,5,5
"1544",0.149755721724765,0.504142387912921,0.149949195031642,0.504134355344375,0.00226905481262446,0.000188892302783961,2.05878092480152,2.13334246847163,2.15365076818169,3,5,5
"1545",0.149761298342108,0.504133738664792,0.149950697774342,0.504134276731288,0.00226611433352651,0.00018867007382295,2.05874160016999,2.13327759157975,2.15361503813797,3,5,5
"1546",0.149745137372591,0.504135504848985,0.14988489245753,0.504134808652597,0.00226317926799696,0.000188450202599166,2.05880474404087,2.13334134014815,2.1536628045607,3,5,5
"1547",0.149752908979646,0.504141253129704,0.149953502781323,0.504134629541606,0.00226024988847204,0.000188233796856063,2.05877476734306,2.13332713952025,2.15365858273895,3,5,5
"1548",0.149741189928019,0.504136607946687,0.149861331323882,0.504134631524171,0.00225732582268518,0.00018801459753548,2.05880510063732,2.13332121327012,2.15368938749758,3,5,5
"1549",0.149742184929437,0.504133352105699,0.149987297118851,0.504134812921404,0.00225440702837781,0.000187793243916379,2.05879627110971,2.13332090504823,2.15367153983796,3,5,5
"1550",0.149737980151424,0.504142163114918,0.149907927011232,0.504134348635344,0.00225149429281042,0.000187579441442209,2.05882656641396,2.13335164093876,2.15370125976687,3,5,5
"1551",0.149738472087369,0.504134721422951,0.149885246337304,0.504134489244438,0.00224858643920032,0.000187359753659355,2.05879857777933,2.13330649655212,2.15369710648342,3,5,5
"1552",0.149721100097495,0.504135360871635,0.149866807971704,0.504134189585941,0.00224568373355322,0.000187141011780523,2.05886436519206,2.13337794220385,2.15376001162839,3,5,5
"1553",0.149742358599788,0.504142011531645,0.149866186478278,0.504134395721958,0.00224278713217649,0.000186927738459297,2.05880268569603,2.13332853375643,2.15371142047949,3,5,5
"1554",0.149722540172294,0.504132302857098,0.149859551492351,0.504134476102587,0.00223989552298762,0.000186707932063768,2.05885371640029,2.1333424970829,2.15374705105586,3,5,5
"1555",0.149726102226039,0.504136325629899,0.149849564397718,0.504134426972454,0.00223700916090723,0.000186490540550532,2.05884493602325,2.13336653770141,2.15377268158979,3,5,5
"1556",0.149723050929644,0.504142787676412,0.14986862459662,0.504134426859164,0.0022341285778072,0.000186278635420867,2.05886641248098,2.13338959749996,2.15378051485992,3,5,5
"1557",0.14972741049894,0.504132014224173,0.149861655799506,0.504134418173781,0.00223125320449407,0.000186058937447497,2.05883179011886,2.13332585715304,2.15376075203037,3,5,5
"1558",0.149712296243159,0.50413366679126,0.149886659833123,0.504134526629117,0.00222838298995733,0.000185841002337983,2.05889453136324,2.13339538892805,2.15381365943347,3,5,5
"1559",0.149731687207892,0.504143259267483,0.149844745267034,0.504134521972792,0.0022255186827788,0.000185629936921838,2.05883102012511,2.13335530938519,2.15378073596993,3,5,5
"1560",0.14971035674803,0.504134005496578,0.149852127405659,0.504134355408258,0.00222265938283204,0.000185412331488943,2.05888438557553,2.13337456228373,2.15381638522593,3,5,5
"1561",0.149716464890404,0.504135809200103,0.149852503582049,0.504134391072327,0.00221980533150641,0.000185196380043773,2.05886678407717,2.13336326452232,2.15381024490272,3,5,5
"1562",0.149714413792659,0.504143681495625,0.149810349233303,0.504134441297986,0.00221695719292892,0.00018498685644508,2.05889346849884,2.13340049271545,2.15383947292781,3,5,5
"1563",0.149716602064119,0.504133771203349,0.149880508104034,0.504134503036394,0.0022141140058484,0.000184769503958737,2.0588555822155,2.13334930042562,2.15381745847327,3,5,5
"1564",0.149696303177297,0.504134796896427,0.149850975562869,0.504134376771426,0.00221127585593187,0.000184553261522225,2.05892689301881,2.13341650816798,2.153876803516,3,5,5
"1565",0.149719496513005,0.50414399914836,0.149819108445503,0.504134607724822,0.00220844381273082,0.000184344319361207,2.05886279274418,2.13336464756591,2.15383607368989,3,5,5
"1566",0.149699179472437,0.504133634013158,0.149831586529056,0.504134531460407,0.0022056168125548,0.000184128365262937,2.0589144903299,2.1333808548459,2.1538641408998,3,5,5
"1567",0.149707387374594,0.50413470744639,0.149779160238085,0.504134563895415,0.00220279508994556,0.000183913725081086,2.05890055153408,2.13338827313604,2.1538757135352,3,5,5
"1568",0.149699999771789,0.504143993551604,0.149785180505217,0.504134296297276,0.00219997888294433,0.00018370499077458,2.05892819971559,2.13342972865177,2.15390176172906,3,5,5
"1569",0.14970842968041,0.504133679382859,0.149789832751236,0.504134508861207,0.00219716799251288,0.000183490544547693,2.0588957885173,2.13336660302087,2.15387363833915,3,5,5
"1570",0.149689729339946,0.50413463920593,0.149867612990405,0.504134297342849,0.00219436213936195,0.000183277257287395,2.05896605965653,2.13343799058341,2.15392740291784,3,5,5
"1571",0.149715032884901,0.504140578998512,0.149847460086896,0.504134687491322,0.00219156235350157,0.000183068546286247,2.05889258738991,2.13340034699653,2.15389014232328,3,5,5
"1572",0.149691835528504,0.504135403698917,0.149891475017167,0.504134511088999,0.0021887672887995,0.000182855220721478,2.05895546927542,2.13342952637056,2.1539324000429,3,5,5
"1573",0.149699145675738,0.50413276236918,0.149827518417592,0.504134738216177,0.00218597753290093,0.000182641911222858,2.0589447970627,2.13343384408637,2.15393777123253,3,5,5
"1574",0.149704894284134,0.50414357523543,0.149940421581631,0.504134319681596,0.00218319358767143,0.000182435901230238,2.05893022728533,2.13343291384919,2.15392732066915,3,5,5
"1575",0.149706191781088,0.504133452316078,0.149857953351351,0.504134724966758,0.00218041452269903,0.000182222522565167,2.05891261601871,2.1334101775706,2.15393080700858,3,5,5
"1576",0.149691522964941,0.50413698332369,0.149904338376009,0.504134273664475,0.00217764060140302,0.000182012218295169,2.05897361016577,2.13348157812877,2.15396696384775,3,5,5
"1577",0.149719369350456,0.504139061015478,0.14982792310103,0.504134655194708,0.00217487271823951,0.000181804380524841,2.05889416062742,2.13341887939801,2.15392376530319,3,5,5
"1578",0.149698574881745,0.504135739593616,0.149926823821546,0.504134683642765,0.00217210933948214,0.000181593698330151,2.05894053501667,2.13346028724828,2.15395968754877,3,5,5
"1579",0.149705555871938,0.504133245227401,0.149798937737999,0.504134357650057,0.00216935109046728,0.000181381811869219,2.05893967244782,2.133458130237,2.15397187272824,3,5,5
"1580",0.149708970168723,0.504143254636868,0.149914754773153,0.504134141767137,0.00216659876504712,0.000181177108080965,2.05893069214281,2.13346287885841,2.15394703957528,3,5,5
"1581",0.149712689054124,0.504132517412616,0.149831878993261,0.504134342554859,0.00216385113857282,0.000180965922984444,2.05891214992835,2.13344162817388,2.15396904299156,3,5,5
"1582",0.14969631630348,0.50413418048053,0.149899796471437,0.504134457404134,0.00216110837036499,0.000180756613852084,2.05895934047942,2.13349819979993,2.15398733792643,3,5,5
"1583",0.149719836256059,0.50414270083579,0.149867916888556,0.504134629406842,0.0021583712731708,0.000180552666705469,2.05889925170493,2.13344713183905,2.15396394972627,3,5,5
"1584",0.149703894062337,0.504135209989846,0.149877250715594,0.504134680093767,0.00215563918281368,0.000180343945857753,2.05893809420075,2.13347170751451,2.15399486555361,3,5,5
"1585",0.149708157206368,0.504133483866004,0.149811851107018,0.504134485868108,0.0021529117664754,0.000180134994343883,2.05893457774489,2.13347138153756,2.15398713402702,3,5,5
"1586",0.149708206831813,0.50414029974062,0.149904619537895,0.504134779463002,0.00215018975592904,0.000179930395871941,2.05893559441356,2.13348284289969,2.15398142873443,3,5,5
"1587",0.149715422405435,0.504137677535633,0.149842354476142,0.50413441347256,0.00214747245604146,0.000179724354873123,2.0589132398839,2.13345637598702,2.15399120059799,3,5,5
"1588",0.149695214326257,0.504135284752399,0.149878364394586,0.504134340044133,0.00214475997024699,0.000179516585921413,2.05897158152559,2.13350226393958,2.15401361039425,3,5,5
"1589",0.149720683861595,0.504138879766513,0.149879123933601,0.504134331138176,0.00214205316853796,0.000179312493246875,2.05890751431933,2.13346027620648,2.15397096423505,3,5,5
"1590",0.149704728059211,0.504132481725777,0.149850006903983,0.504134318006354,0.00213935093414343,0.000179104026943988,2.05894680569916,2.13348138864575,2.15400019597604,3,5,5
"1591",0.149701226300046,0.504137591651997,0.149900346634719,0.504134456250887,0.0021366532064232,0.000178898373007663,2.05896311597785,2.13351360345921,2.15403282383183,3,5,5
"1592",0.149708802329412,0.504139064664882,0.149888847583855,0.50413461898415,0.00213396107257078,0.000178694683768965,2.05892579714941,2.13346619224933,2.15396759219094,3,5,5
"1593",0.149713682780422,0.504135766032069,0.149863249595047,0.504134224919824,0.002131273609904,0.00017848924832109,2.05892010649032,2.13347619076178,2.15400184710911,3,5,5
"1594",0.14969768519702,0.504134058394818,0.149848213791013,0.504134232845192,0.00212859071799647,0.000178283326626172,2.05896931535336,2.1335224023056,2.15402926463078,3,5,5
"1595",0.149712869650738,0.504141378818451,0.14987745168603,0.504134222868775,0.00212591294842083,0.000178083390307782,2.05891671335254,2.13348763082972,2.15399150878674,3,5,5
"1596",0.149697860468126,0.504128872401641,0.149835457685101,0.504134180989567,0.0021232395324987,0.000177875459838162,2.05893966478781,2.13347717200952,2.1539961438772,3,5,5
"1597",0.149699557816466,0.50413591133934,0.149795294324155,0.504134228469066,0.00212057092804821,0.000177672383267935,2.05895232928443,2.13350052088855,2.15403532487747,3,5,5
"1598",0.149702769105545,0.504140329633915,0.14981889324341,0.50413444489608,0.00211790762834918,0.000177472763112863,2.05892476932722,2.13347584725203,2.15399425660914,3,5,5
"1599",0.149697938016854,0.504133346320287,0.149779822548845,0.504134521636602,0.00211524843845699,0.00017726875231705,2.05893337095475,2.133474900564,2.15401163530343,3,5,5
"1600",0.14970206670736,0.504139151440379,0.149840499981865,0.504134523047144,0.00211259486617313,0.000177068702438943,2.05893191607962,2.13348733049862,2.15398618410578,3,5,5
"1601",0.149708484419638,0.504136285782738,0.149797962972358,0.504134192049573,0.0021099463653487,0.000176867264142011,2.05890958241089,2.13347266459588,2.15399376888423,3,5,5
"1602",0.149699700181824,0.504133305195097,0.1498596259866,0.504134305748637,0.00210730218272615,0.00017666326040533,2.05892601441219,2.13346155681576,2.15397595476781,3,5,5
"1603",0.149706844981547,0.5041369943252,0.1497651096168,0.504135093027098,0.00210466314140499,0.000176462646597986,2.05891853100716,2.13348516751953,2.15399322171571,3,5,5
"1604",0.149712395320762,0.504142189264246,0.149908501839523,0.504134757393051,0.00210202944007272,0.000176265270490306,2.05889482361991,2.13344746973341,2.15394970486504,3,5,5
"1605",0.149709427913952,0.504131990002525,0.149804897719144,0.504134579192523,0.0020994001406644,0.000176062262506105,2.05890084460308,2.13345038490799,2.15396582121592,3,5,5
"1606",0.149713130940189,0.504137845303135,0.149843898283024,0.504134659164134,0.00209677626871333,0.000175862853136532,2.05889410800753,2.13347350913098,2.15394967162443,3,5,5
"1607",0.149720867974665,0.504139969137882,0.149804935858108,0.504134396556196,0.00209415708343548,0.000175664834803357,2.05885903622018,2.13343477676076,2.15391392634531,3,5,5
"1608",0.149711369653866,0.504138149142795,0.14984110699091,0.504134334206123,0.00209154229651784,0.000175465237684747,2.05888862654935,2.13344749700622,2.1539243960771,3,5,5
"1609",0.149717797514331,0.504134607556299,0.149856333188621,0.50413444172894,0.00208893275501929,0.000175265083208975,2.05888173072112,2.13347352897003,2.15394753501295,3,5,5
"1610",0.149721656322682,0.504139480611304,0.149898069828184,0.504134395023532,0.00208632824207003,0.000175067337046975,2.05886459796268,2.13344556653955,2.15392337605754,3,5,5
"1611",0.149721438236267,0.504137087883947,0.149863764649573,0.504134403017337,0.00208372772764311,0.000174868804640016,2.05885939901021,2.13346209307637,2.15391316513282,3,5,5
"1612",0.149726472973675,0.504132493548736,0.149856197788793,0.50413437237199,0.00208113285865358,0.000174667776076665,2.05887780134883,2.13345988735005,2.15394628649156,3,5,5
"1613",0.149715012600759,0.504141787599564,0.1498062219915,0.504134696382789,0.00207854199508679,0.000174471605577264,2.05889001663057,2.13349277817771,2.15395941050633,3,5,5
"1614",0.149725786066604,0.504132379773909,0.149855420406521,0.504134446699095,0.0020759562855314,0.000174271488684652,2.05885939252453,2.13345914217136,2.15391240302761,3,5,5
"1615",0.149729369949044,0.50413720231864,0.149801428348055,0.504134377309346,0.00207337535686708,0.000174074126163326,2.05886518863783,2.13346978111978,2.15394531661592,3,5,5
"1616",0.149720529750867,0.504143726619898,0.14981721719813,0.504134125855592,0.00207079923626133,0.000173880015962413,2.05890251465676,2.13350277541808,2.15396473752058,3,5,5
"1617",0.149720840052171,0.504130074696676,0.149807476901424,0.504134510205322,0.00206822694878041,0.000173677980784936,2.05888143401989,2.13348165016539,2.15393718753734,3,5,5
"1618",0.149721793286147,0.504131188671482,0.149823120063993,0.50413437093867,0.00206566013748364,0.000173477088127871,2.05891192722454,2.13351266191111,2.15398038990824,3,5,5
"1619",0.149719688878258,0.504145154944944,0.149787206704658,0.504134338248212,0.00206309744261072,0.000173285327153661,2.05889439579731,2.13349631666699,2.15396119463408,3,5,5
"1620",0.149720670779509,0.504135185458483,0.149814984395352,0.504134391438467,0.00206053954383279,0.000173087880541933,2.05891871418109,2.13351124342796,2.15395646375112,3,5,5
"1621",0.149722896993532,0.504134290767331,0.149778278733999,0.504134159995221,0.00205798632237081,0.000172889736716364,2.05891544832065,2.13351540618761,2.1539895894255,3,5,5
"1622",0.149723196533977,0.504141151792988,0.149800946688312,0.504134451492893,0.00205543830521636,0.000172696785400106,2.05892751638275,2.13352611307821,2.15398485197596,3,5,5
"1623",0.149717831278426,0.504135914219241,0.149835155708099,0.504134221633217,0.00205289393687471,0.000172501268933423,2.05893634430242,2.13354675303503,2.15400156537552,3,5,5
"1624",0.149720666489968,0.504137290382025,0.149783415216145,0.504134254213682,0.00205035468127855,0.000172306647665876,2.0589520530948,2.13354130783097,2.15401165021482,3,5,5
"1625",0.149719991438794,0.504138743076506,0.149851437907787,0.504134561067877,0.00204782000497923,0.000172113306220134,2.0589454959173,2.13354782409935,2.15401333118204,3,5,5
"1626",0.149720487572232,0.504133640562506,0.149755910510965,0.504134960571994,0.00204528991663454,0.000171916756441459,2.05895326845496,2.13355981563191,2.15400164254522,3,5,5
"1627",0.149720323530773,0.504137323367789,0.149846777263216,0.504134515165693,0.00204276436653161,0.000171722979111388,2.05896439217526,2.13357855240884,2.15404083238348,3,5,5
"1628",0.14971882041299,0.504141439453858,0.149745852068582,0.504134570082275,0.00204024366690761,0.000171531712745643,2.05897963014132,2.13357537536136,2.15403337225509,3,5,5
"1629",0.149717847770903,0.504135377343977,0.149852482322487,0.504134767672254,0.00203772701737923,0.000171337183661469,2.05897077665126,2.13358006151502,2.15402600180764,3,5,5
"1630",0.149723820186919,0.504135217824495,0.149721063845786,0.504134688947807,0.00203521576789607,0.000171142835645677,2.05897604847453,2.13358939192428,2.15403418037656,3,5,5
"1631",0.149723417156674,0.504143317131809,0.14982130924215,0.504134319752256,0.00203270884088993,0.000170954089233954,2.05898367386659,2.13359625494779,2.15406138106513,3,5,5
"1632",0.14971670029123,0.504133951105916,0.149771906890964,0.504134329417592,0.00203020639454689,0.000170760234761036,2.0589957708224,2.13360888401787,2.15403525373665,3,5,5
"1633",0.149720637006537,0.504135103304916,0.149851385448385,0.504134503922698,0.00202770837827355,0.000170566915401071,2.05900017341121,2.13362878464338,2.15407605800134,3,5,5
"1634",0.149719194283937,0.504140933654207,0.149860581587311,0.504134311680711,0.00202521527159565,0.000170377415089518,2.05900675520975,2.13363344034611,2.15407474462755,3,5,5
"1635",0.149715020317449,0.50413517089652,0.149827151273597,0.504134068991746,0.0020227261236039,0.00017018529154933,2.05901502310094,2.13365893740186,2.15407865990168,3,5,5
"1636",0.149713141474199,0.504134021471219,0.149811224578506,0.504134358708225,0.00202024170841334,0.000169991927822077,2.0590261458806,2.1336592961175,2.15409763410013,3,5,5
"1637",0.149719017034014,0.504141641914925,0.1498311330066,0.504134309598465,0.00201776209824293,0.000169803584775252,2.05902092028693,2.13366898548162,2.15410374839494,3,5,5
"1638",0.149709216922509,0.504133969333243,0.149828813128206,0.504134611992419,0.0020152864470314,0.000169611130431568,2.05904388451933,2.13370503295895,2.15411382698368,3,5,5
"1639",0.14971368869705,0.504135957933236,0.149797006113606,0.504134265522014,0.00201281543743451,0.000169420108307228,2.05903580394183,2.13369870545428,2.1541258800002,3,5,5
"1640",0.149711498805182,0.504142392136355,0.149803834597971,0.50413452272489,0.00201034919649888,0.000169232955205989,2.05905218394669,2.1337142884692,2.15414014074526,3,5,5
"1641",0.149710454315717,0.504134429194215,0.149810369944447,0.504134578555834,0.00200788679660886,0.000169041147837112,2.05904747375004,2.13372224201264,2.15412716016347,3,5,5
"1642",0.149709600838684,0.504134003918922,0.149862781081948,0.504134220934859,0.00200542930526761,0.000168849371460444,2.05906196272456,2.13374075796791,2.15415147116535,3,5,5
"1643",0.149714075464413,0.504142638932492,0.149825165418171,0.504134159423417,0.00200297646857473,0.000168663280951664,2.05905804870735,2.13374770103539,2.1541663699068,3,5,5
"1644",0.149702861100692,0.504132959703465,0.149840099714396,0.504134402574618,0.0020005274326727,0.000168471344671683,2.05907940669813,2.13376944371449,2.15417350762343,3,5,5
"1645",0.149713839149938,0.504133790016721,0.149773133955112,0.504134480309651,0.00199808338555786,0.000168280548174859,2.05905492116048,2.13374821928047,2.15414376484671,3,5,5
"1646",0.149710697685322,0.504143878559423,0.149805107476828,0.50413447823099,0.0019956439535679,0.000168095355518649,2.05907398225016,2.13376522222287,2.15418608535523,3,5,5
"1647",0.149706618240584,0.504135269852985,0.149774923986444,0.504134302719291,0.00199320838400388,0.000167905821826131,2.05908141582714,2.13379167277643,2.15417947786676,3,5,5
"1648",0.149709435790597,0.504133188514848,0.149786143390261,0.504134496995849,0.00199077780166829,0.00016771505125035,2.05907841652296,2.13376701959144,2.15416602391838,3,5,5
"1649",0.149708932872001,0.504139453461149,0.149787575366499,0.504134612993377,0.00198835131403284,0.000167527702604642,2.05908712224798,2.13378180724484,2.1541938367114,3,5,5
"1650",0.149704221388572,0.504134669739329,0.149772520472304,0.50413448090649,0.00198592902552443,0.000167338378305404,2.05908726479139,2.13379994259499,2.15417712234682,3,5,5
"1651",0.149705969516463,0.504136353509082,0.149827340279963,0.504134631065045,0.0019835114227983,0.000167150151662576,2.05909964875441,2.13380950413978,2.15421120517203,3,5,5
"1652",0.149707212418454,0.504140629561064,0.149831533673762,0.504134252460228,0.00198109841812334,0.000166964519654589,2.05910634544155,2.13380372911252,2.15420243280197,3,5,5
"1653",0.149703074442074,0.504131219828735,0.149793385066684,0.504134298141725,0.00197868925781233,0.000166773729668335,2.05910439400118,2.13381851080146,2.15419236255453,3,5,5
"1654",0.149698665773676,0.504132380919929,0.149831804916182,0.504134268338728,0.00197628456539574,0.000166583583891544,2.05912803143223,2.13384102819092,2.15423248234138,3,5,5
"1655",0.149708086183464,0.504145037442552,0.149832593644831,0.504134690953633,0.00197388460164415,0.000166401632042179,2.05911366550627,2.13384112957556,2.15422633463818,3,5,5
"1656",0.149701215819529,0.504135191370783,0.149833736233893,0.504134459241967,0.00197148885744443,0.000166214046346203,2.05913074254995,2.13385487261051,2.15423637326293,3,5,5
"1657",0.14970081774786,0.504132361009477,0.149835569461747,0.504134533938617,0.00196909724091424,0.000166024319279812,2.05913457736462,2.13386300044996,2.15423605228401,3,5,5
"1658",0.149707451932891,0.504141458014847,0.149828381212661,0.504134281796663,0.00196671029553844,0.000165840757064717,2.0591228671774,2.13387263360491,2.15423627030483,3,5,5
"1659",0.149702674668468,0.504135263500153,0.149841388323305,0.504134437500751,0.00196432764691197,0.00016565414903591,2.059134843125,2.13388065053573,2.1542516512128,3,5,5
"1660",0.149705811294527,0.504134269921344,0.149811110684366,0.504134313581314,0.00196194966259413,0.000165466929696323,2.05913901963265,2.13388447629963,2.15424777130268,3,5,5
"1661",0.149713927007237,0.504141434839682,0.149783284154659,0.504134699958048,0.00195957612158394,0.000165283829691831,2.0591120005233,2.13386943709615,2.15423433934873,3,5,5
"1662",0.149705685857116,0.504134705642977,0.149838795704987,0.504134468508852,0.00195720685022257,0.000165097241641043,2.05913881921786,2.13389601093061,2.15424574735304,3,5,5
"1663",0.149708919645592,0.504135114358275,0.149790824750784,0.504134620962169,0.00195484208447265,0.000164911324252115,2.05913235967646,2.13389620797384,2.15426193359911,3,5,5
"1664",0.149709683632641,0.504143027313408,0.14985500112445,0.504134404079941,0.00195248153944488,0.000164730957661785,2.05913633223736,2.13389230579247,2.15426428936222,3,5,5
"1665",0.149702957557963,0.504131581203568,0.149735715407189,0.504134821551747,0.00195012515570748,0.000164544466263794,2.05914612479522,2.13390609330562,2.1542658557624,3,5,5
"1666",0.149711147838048,0.504136143309269,0.149847842334371,0.504135278009918,0.0019477733910387,0.000164361166329563,2.05912795134209,2.13389379457802,2.15425208441171,3,5,5
"1667",0.149705969949526,0.504141364805249,0.149750302848965,0.504134444908111,0.00194542578140904,0.000164180688368654,2.05914272897635,2.13391658839742,2.1542815901281,3,5,5
"1668",0.149703598092049,0.504135567553437,0.149815047728826,0.504134282897189,0.00194308243817146,0.000163998786225195,2.05915457172643,2.1339121351748,2.15427113636441,3,5,5
"1669",0.149701967064604,0.504130769705817,0.149794929163516,0.504134340955786,0.00194074312043961,0.000163815021809288,2.05914035740979,2.13390442057805,2.15427571343094,3,5,5
"1670",0.149703455849413,0.504140968613894,0.149868348188586,0.50413459001498,0.00193840828674053,0.000163637411846773,2.05915663651612,2.13392531022266,2.1542942690418,3,5,5
"1671",0.14969877174643,0.504135289857702,0.149810274355703,0.504134717106975,0.00193607753291301,0.000163457060522565,2.05913050210352,2.13389927243975,2.15425875512613,3,5,5
"1672",0.149705136417065,0.50413845797507,0.149820412725157,0.504134585072587,0.00193375131347986,0.000163278699482516,2.05912632132859,2.13388738294266,2.15424275226232,3,5,5
"1673",0.149702567127486,0.504135774732352,0.149834409144596,0.504134557208554,0.00193142891185121,0.000163098419303731,2.05911834833231,2.13388880063749,2.15425071676159,3,5,5
"1674",0.149696470915466,0.504140930462898,0.149838259838172,0.504134464144979,0.00192911063176394,0.000162921990886633,2.05912910338837,2.13390892489954,2.15424714436162,3,5,5
"1675",0.149702008754846,0.504135668828022,0.149793912100768,0.504134227293947,0.00192679690723034,0.000162743315544889,2.05909477491317,2.13387783811505,2.15420623714287,3,5,5
"1676",0.14970032586326,0.504137833163248,0.149838379408099,0.504134476596425,0.00192448713917409,0.000162564620806327,2.05911035557237,2.13387081684121,2.15421895064779,3,5,5
"1677",0.149700053917642,0.504139403867472,0.149793768992495,0.504134330373157,0.00192218134170675,0.000162387599359159,2.05909240759474,2.1338728198935,2.1542031445556,3,5,5
"1678",0.149696330388732,0.504135332227773,0.149841875821895,0.504134329416853,0.00191987995657083,0.000162208947037779,2.05910683274993,2.13388967869233,2.15421165253352,3,5,5
"1679",0.149694390148206,0.504134999590717,0.149822565596642,0.504134313844456,0.00191758226083236,0.000162029810191311,2.05909508994416,2.1338679236502,2.15418262239614,3,5,5
"1680",0.149699514474949,0.50413924988796,0.149832787294007,0.50413445372181,0.00191528900381421,0.000161854038483789,2.05907173755675,2.13385181723357,2.15415743409249,3,5,5
"1681",0.149695353617975,0.504134906909946,0.149791066916343,0.504134322454845,0.00191299960692709,0.000161675804657868,2.05908170574278,2.13385461479674,2.15417007144544,3,5,5
"1682",0.14969655797203,0.504135821651694,0.149879314876278,0.504134545572395,0.00191071422007327,0.000161499032654722,2.05908180422296,2.13386631402684,2.15416130428427,3,5,5
"1683",0.149692138565699,0.50413853691763,0.149784010025203,0.504134494337522,0.00190843248794824,0.000161323796908586,2.05906322626594,2.13385054666899,2.1541410613805,3,5,5
"1684",0.149694872099096,0.504137195998629,0.149876415366581,0.504134580815309,0.0019061553772797,0.000161148551052093,2.05908132165924,2.13386250048053,2.15416293610789,3,5,5
"1685",0.149695247408823,0.504135019555016,0.149756340616017,0.50413450466012,0.00190388170086494,0.000160971525287823,2.05905028197665,2.13383415658484,2.1541295898122,3,5,5
"1686",0.149696084831102,0.504138817512517,0.149885636792286,0.504134402463476,0.00190161227669147,0.000160797818789304,2.05903958240244,2.13383376860172,2.15410455545939,3,5,5
"1687",0.149689995971146,0.504136738342328,0.149789985643016,0.504134358048918,0.00189934658826912,0.000160622137086008,2.05906712538775,2.13384634125996,2.15413820631536,3,5,5
"1688",0.149696410838971,0.504133114985116,0.149837212772922,0.504134347760872,0.00189708503625935,0.000160445299642209,2.05905088038958,2.13383925681344,2.15411913371831,3,5,5
"1689",0.149693425686683,0.5041422964866,0.149762751235356,0.504134550442793,0.00189482715377504,0.000160273776509734,2.05902403325097,2.13380890458241,2.15408496049606,3,5,5
"1690",0.149691346544232,0.504137009342886,0.149850554052842,0.5041346008949,0.00189257351765455,0.000160099850209594,2.0590568891497,2.13383886735076,2.1541248634344,3,5,5
"1691",0.149693246981303,0.504133976615457,0.149782213758439,0.504134397482435,0.00189032343406279,0.000159924290590197,2.05903960561833,2.13382389661965,2.15410269554263,3,5,5
"1692",0.149696515648469,0.50413880919446,0.149820088759447,0.504134379984189,0.00188807767261553,0.000159752690164772,2.05902383270157,2.13380674298772,2.15406666073215,3,5,5
"1693",0.149689163430157,0.50413546194798,0.149837750011081,0.504134594534324,0.00188583545467729,0.000159579532789778,2.05903452314985,2.13381080594161,2.15410283902205,3,5,5
"1694",0.149694730350801,0.504135612142743,0.149851853524362,0.504134661404793,0.0018835974680211,0.0001594074414627,2.05903592837923,2.13380985288691,2.15407734747667,3,5,5
"1695",0.149696151983,0.50414137383571,0.149833214107418,0.504134339473983,0.00188136317560909,0.000159238379926818,2.05900225484997,2.13378164243174,2.15404372584078,3,5,5
"1696",0.149690677999208,0.504133905789607,0.149808011516996,0.504134317546185,0.00187913285215701,0.000159065402976499,2.05903390434541,2.13380849691164,2.1540847649525,3,5,5
"1697",0.149691513952241,0.504135902702599,0.14987120497175,0.504134550038316,0.00187690615527672,0.000158893510362468,2.05902820727496,2.13379624164133,2.15407467710004,3,5,5
"1698",0.149697438831583,0.504137060524147,0.149834676703214,0.504134363098569,0.00187468393958479,0.000158723098017566,2.05899270100477,2.13375441638734,2.15401879154664,3,5,5
"1699",0.149689923164187,0.50413732312698,0.14983565802645,0.504134451406499,0.00187246532181992,0.000158552680290414,2.05901445521008,2.13378467017276,2.15405469761278,3,5,5
"1700",0.14969109064175,0.504136807917035,0.14980799186588,0.504134349254901,0.00187025059269565,0.000158382207176677,2.05901710985135,2.13378919629546,2.15403965224697,3,5,5
"1701",0.14969202245042,0.504138778671015,0.149831844355348,0.504134234101552,0.00186803978637316,0.000158213274422003,2.05899088557752,2.1337773671407,2.15402671637159,3,5,5
"1702",0.149680680056648,0.50413328953631,0.149830297628312,0.504134471630622,0.00186583276669135,0.000158040716894958,2.05903590072362,2.13380360881461,2.15405393805152,3,5,5
"1703",0.149694032219515,0.504136813762742,0.14982901663436,0.504134314738003,0.00186362967452424,0.000157871792958453,2.05897695001752,2.13375970144942,2.15398757515683,3,5,5
"1704",0.149688581575972,0.504137409327654,0.149805629159322,0.504134303055464,0.00186143052337013,0.000157703639066753,2.0590019830256,2.13378397361958,2.15401254879942,3,5,5
"1705",0.149689203750516,0.504143181212185,0.149782647351764,0.504134523114432,0.00185923550984312,0.000157538149938463,2.05900043821112,2.13379191150224,2.15401444482121,3,5,5
"1706",0.14968271641779,0.504131370285863,0.149777013571267,0.504134802409238,0.00185704381875827,0.000157365264381926,2.05900500573439,2.13378959762708,2.15400372974349,3,5,5
"1707",0.149695029207304,0.504139610226343,0.149833286399418,0.504134531369448,0.00185485634705657,0.000157199553735388,2.05897232966684,2.13376039518317,2.15398159828193,3,5,5
"1708",0.149684652015324,0.50413441580772,0.149849728244962,0.504134574886475,0.00185267280039781,0.000157030451533258,2.05901128570027,2.13381679986683,2.15400737725561,3,5,5
"1709",0.149687965832312,0.504137785000968,0.149770883560502,0.504134280861774,0.00185049275389918,0.000156862699364546,2.05898895298069,2.13379574174183,2.15398697831834,3,5,5
"1710",0.149688468554164,0.504135358565892,0.149830298097664,0.504134102265601,0.00184831665496755,0.000156695203297086,2.05897471783535,2.1337784947067,2.15396582380843,3,5,5
"1711",0.149686922856449,0.504137958116789,0.149794452098899,0.504134697319333,0.00184614451569304,0.000156529071975053,2.05900258055542,2.13382507850572,2.15400061788939,3,5,5
"1712",0.149677488357287,0.504133300414237,0.149855107479362,0.504134565518226,0.00184397566950147,0.000156359417413099,2.0590197470934,2.13383680565759,2.15401558553654,3,5,5
"1713",0.149688862868591,0.50414078818566,0.149786339085143,0.50413469751856,0.00184181080110049,0.0001561955552698,2.05897025587655,2.13378285910491,2.15397099471169,3,5,5
"1714",0.149674902343374,0.504135037193985,0.149873727592705,0.504134612455953,0.0018396498614817,0.000156028136072295,2.05902492704929,2.13386238175334,2.15401671214361,3,5,5
"1715",0.149675416829334,0.504135559922268,0.14981681036252,0.504134542099412,0.0018374921572535,0.000155860776544947,2.05902113307945,2.13383920652588,2.15401874590874,3,5,5
"1716",0.149679902803459,0.504137787561721,0.149916155337583,0.50413418289838,0.0018353384477808,0.000155696229984348,2.05899003118533,2.13380952724369,2.15397824149494,3,5,5
"1717",0.149667398784095,0.504138316925722,0.149828740129741,0.504134385789296,0.00183318824043921,0.000155530845859841,2.05904185461403,2.13385852284214,2.15405451312428,3,5,5
"1718",0.149671819154779,0.50413492543659,0.14987178857774,0.504134856109347,0.00183104176985921,0.000155364227827692,2.05901928558622,2.13382978511154,2.15400083929561,3,5,5
"1719",0.149669766605966,0.504136763337533,0.149790071324062,0.50413454534807,0.0018288986931337,0.000155199237540926,2.05901511042811,2.13381959684274,2.15402940852464,3,5,5
"1720",0.1496717613975,0.504139282858987,0.149807098491001,0.504134295987568,0.00182675975576606,0.000155035516283708,2.05900405222583,2.13380965474324,2.15399060807426,3,5,5
"1721",0.149668492243925,0.504139482476397,0.149776506512813,0.504134148266393,0.00182462404524514,0.000154871229397946,2.05902712463242,2.13380774922491,2.15403393514395,3,5,5
"1722",0.149669113764654,0.504132422503461,0.14982322311359,0.504134278181563,0.00182249230207895,0.000154704479688239,2.05900388339362,2.13378589306948,2.15400417777632,3,5,5
"1723",0.149667179824455,0.504139901868196,0.149780784898394,0.50413435171508,0.00182036407582627,0.000154541576262046,2.05902209700367,2.13379695134802,2.15403850307584,3,5,5
"1724",0.149669258800388,0.504135182963847,0.14977627245891,0.504134508952969,0.00181823956802523,0.000154375813405827,2.05901810459284,2.13379209679216,2.15399948063985,3,5,5
"1725",0.149665392349973,0.504135476877243,0.149727037274821,0.504134728475948,0.00181611849843181,0.000154210931514798,2.05902198642305,2.13378216163022,2.15404270910033,3,5,5
"1726",0.149664726687745,0.504135061285124,0.149824241049406,0.50413453790186,0.00181400125640392,0.000154045917791001,2.05903218499894,2.13380341151463,2.15402570868824,3,5,5
"1727",0.149669067709666,0.504137790986948,0.149736144845342,0.50413483529407,0.00181188754508964,0.000153882851764986,2.05901286411866,2.13374939915415,2.15400291036265,3,5,5
"1728",0.149672038679864,0.504134579287632,0.149865780646697,0.504134801909835,0.00180977763780653,0.000153717607050186,2.05899888275965,2.13375078161263,2.15399329019235,3,5,5
"1729",0.149669144394347,0.504139455278348,0.149812828853429,0.504134581588154,0.00180767128403808,0.000153555116109483,2.0590232224248,2.13376502320625,2.15403041254041,3,5,5
"1730",0.149671082473504,0.504131427585004,0.149848971449766,0.50413452244499,0.00180556878332492,0.000153388961446899,2.05901413409478,2.13373909426332,2.15399344788431,3,5,5
"1731",0.149673542433162,0.504140169219857,0.149811840077375,0.504134625030476,0.00180346958445783,0.000153228321595256,2.05897914773723,2.13369370384666,2.15398058768037,3,5,5
"1732",0.149679712422647,0.504136601719034,0.149837360570595,0.504134237708661,0.00180137453503401,0.000153064378947909,2.05899410798319,2.13371481139546,2.15399402143995,3,5,5
"1733",0.149677257539811,0.504135509938249,0.149799507196005,0.504134230115608,0.00179928288592419,0.000152900799247457,2.05898687369526,2.13369067340476,2.15397413275263,3,5,5
"1734",0.149674137638811,0.5041346100409,0.149858727991074,0.504134234927312,0.0017971946768814,0.000152737012073301,2.05898494506391,2.13368481418226,2.15396644040302,3,5,5
"1735",0.149677684111416,0.504142613666539,0.149825785051282,0.504134436483128,0.0017951101446436,0.000152577631512996,2.05898282643235,2.13366312497058,2.15397832755972,3,5,5
"1736",0.149671540258218,0.504136769822465,0.149887751835197,0.504134439839053,0.00179302927203894,0.000152414777325749,2.05900825728976,2.13368983068402,2.15399442121074,3,5,5
"1737",0.149681530139542,0.504135843573098,0.149862654339676,0.504134979065457,0.00179095196135975,0.000152253198931862,2.05895395158355,2.13362739508167,2.15393426954763,3,5,5
"1738",0.149667943184345,0.504131848492549,0.149954185220099,0.504134632510509,0.00178887815022727,0.00015208747416684,2.05901227553492,2.13366263438269,2.15397180145651,3,5,5
"1739",0.149668662937598,0.504139780065376,0.149881188312098,0.504134537745416,0.00178680763277505,0.000151927609882363,2.05900100832228,2.13364865053418,2.15398683487812,3,5,5
"1740",0.149672428884993,0.50413498368593,0.149950330592136,0.50413419313388,0.00178474134643987,0.000151765489978639,2.05898920862793,2.13363347219613,2.15394262368863,3,5,5
"1741",0.149675463509725,0.504139474104654,0.149897240235644,0.504134305315441,0.00178267858602659,0.000151605350074191,2.05898454062517,2.13360654325256,2.15395331643171,3,5,5
"1742",0.149666515471791,0.504137648688239,0.149914686257376,0.504134469032312,0.00178061905437108,0.000151444153529634,2.05900280426665,2.13362574642941,2.15395849664324,3,5,5
"1743",0.149669183550345,0.504137318892026,0.149852842483061,0.504134279556417,0.00177856321158827,0.000151284311885824,2.05898764620496,2.13359240760992,2.15395945945023,3,5,5
"1744",0.149664292258956,0.504133488644548,0.149877071893761,0.504134597453405,0.00177651117199443,0.000151120562961071,2.05901810232835,2.13360977352837,2.15396108367874,3,5,5
"1745",0.149673667355296,0.504142030956879,0.149793770544782,0.504134615942133,0.00177446267114744,0.000150963243407798,2.05898478209509,2.13357679704734,2.15395413851993,3,5,5
"1746",0.149668233751733,0.504135942041489,0.149863857695353,0.504134865844094,0.00177241830283344,0.000150802549785278,2.05900993301929,2.13358448938624,2.1539496461018,3,5,5
"1747",0.149675458306389,0.504137534284823,0.149749008802308,0.504134346246247,0.00177037739261524,0.00015064268741094,2.05897908983701,2.13354378501106,2.15392921633091,3,5,5
"1748",0.149674293361128,0.504138175444508,0.149807258068361,0.504134165056011,0.00176834038748235,0.000150482983823585,2.05900890012297,2.13357138922821,2.15395703121813,3,5,5
"1749",0.149672506463547,0.504136837563249,0.149780963757094,0.504134091124041,0.0017663067963524,0.000150323037158673,2.05901339265804,2.13355990461643,2.15397416517613,3,5,5
"1750",0.149671018502258,0.504129098469613,0.149908293283554,0.504134723201257,0.00176427699403602,0.000150158566166625,2.0590106933075,2.13352791750031,2.15392957894907,3,5,5
"1751",0.149675415055233,0.504141858672429,0.149806020170202,0.504134743287822,0.00176225043170199,0.000150002094372215,2.05900638903825,2.13352622622254,2.15396225647387,3,5,5
"1752",0.149674228299077,0.504135761112039,0.149891170792843,0.504134466728414,0.00176022820745222,0.000149842646983811,2.05902214750896,2.13352648040186,2.15396057175211,3,5,5
"1753",0.149668150296346,0.504136664911284,0.149832946011906,0.50413429512374,0.00175820888818549,0.000149682773046056,2.05905091776828,2.13353559122152,2.1539888822915,3,5,5
"1754",0.149668412152074,0.504138348803924,0.149885553309311,0.504134213505549,0.0017561931721814,0.000149525410313656,2.05904432223615,2.13353594232369,2.15398893459302,3,5,5
"1755",0.149673837840007,0.504140809076782,0.149910920328087,0.504134266033917,0.00175418119808865,0.000149370131718896,2.05904658363169,2.13353079236313,2.15400051619098,3,5,5
"1756",0.1496634219693,0.504132779043087,0.149909855346669,0.504134381994048,0.00175217270833123,0.000149209763239511,2.0590710773959,2.13353066225665,2.15400397889898,3,5,5
"1757",0.149669960984042,0.504142690810031,0.149873582666735,0.504134359950246,0.00175016745187556,0.000149055451260982,2.05907984418213,2.13354643389303,2.15403930254308,3,5,5
"1758",0.149659193166501,0.504133787051282,0.149869930090991,0.504134651620122,0.00174816589730748,0.000148896747111382,2.05909967050619,2.13355928369991,2.15403285334785,3,5,5
"1759",0.149656428246059,0.504133653769049,0.149862854931792,0.504134531985387,0.00174616747503691,0.00014873825860473,2.05911655909926,2.13355975107709,2.15405551570004,3,5,5
"1760",0.149654021664841,0.504140177106543,0.149833781751238,0.504134263845024,0.00174417273886143,0.000148583613970188,2.0591327103451,2.13358063474859,2.15408133594317,3,5,5
"1761",0.149656527037911,0.504140332770466,0.149768239595258,0.504134088227448,0.00174218161068169,0.000148431158603857,2.05914419905311,2.13357899048245,2.15407938538407,3,5,5
"1762",0.149646104458819,0.504128276537728,0.149780289544431,0.504134561779198,0.00174019368341618,0.000148271599251681,2.05915628450487,2.13358937737475,2.15408569944135,3,5,5
"1763",0.149647384769368,0.504143578369084,0.149852295204585,0.504135092198157,0.00173820902150108,0.000148121341388419,2.05917474872062,2.13360773188662,2.15412389246699,3,5,5
"1764",0.149650202518403,0.504136425462577,0.149779416594732,0.50413456352105,0.00173622833934463,0.000147967230048285,2.05917862384228,2.13360376736944,2.15411079886674,3,5,5
"1765",0.149647323829291,0.504136953591972,0.149794561540034,0.504134489055762,0.00173425083023245,0.000147813732737534,2.05918523230136,2.13360148112614,2.15411897393857,3,5,5
"1766",0.149641956613857,0.504134127971944,0.149811426436439,0.504134535278654,0.00173227669353604,0.0001476590632985,2.05920084263922,2.13362576567405,2.15412833735288,3,5,5
"1767",0.14964360398827,0.504139669689127,0.14988156743184,0.50413433159164,0.00173030599198032,0.000147508335690549,2.05922073846829,2.13363134129337,2.15415379483363,3,5,5
"1768",0.149639300149745,0.504133201392007,0.149827015201542,0.504134132636766,0.00172833871778283,0.000147353282115903,2.05922355000899,2.13362870001095,2.15415734474661,3,5,5
"1769",0.149644936839415,0.504141041542625,0.149830776240847,0.504134387661072,0.00172637492254862,0.000147203222107151,2.05921544615015,2.13362132119723,2.15413392862659,3,5,5
"1770",0.149634185116979,0.504132828582605,0.149800486520835,0.504134639290146,0.00172441453564568,0.000147049055733706,2.05925161614147,2.13364822806182,2.15416510667681,3,5,5
"1771",0.149638414787178,0.50413544831889,0.149886808529537,0.50413483564871,0.00172245717883092,0.000146896483985359,2.059222900966,2.13361715583466,2.15414461480898,3,5,5
"1772",0.149635163152667,0.504138071948295,0.149804647458262,0.504134271618733,0.00172050381183253,0.000146746383937302,2.05924750755886,2.13363954611521,2.15416280530447,3,5,5
"1773",0.149643222546345,0.504137184777699,0.149856322242331,0.504134670139485,0.00171855357812177,0.000146596337551874,2.05923326923675,2.13362364239093,2.15412950719588,3,5,5
"1774",0.149632186161085,0.504131233774352,0.149837132737397,0.5041345700799,0.00171660641672435,0.00014644282688836,2.05922812465567,2.13362840360199,2.1541404308181,3,5,5
"1775",0.149637698183905,0.504136715180752,0.149888152580768,0.504134256736307,0.00171466264297549,0.000146292777067014,2.05922550318042,2.13361665511832,2.15413225155662,3,5,5
"1776",0.14964050204921,0.50413606694807,0.149912499126841,0.504134142030309,0.00171272244694149,0.000146142735425125,2.05922040353359,2.13361493969343,2.15411913118298,3,5,5
"1777",0.14964329791723,0.504138418268279,0.149937745672658,0.50413420089567,0.00171078495629606,0.00014599326888709,2.05917938369936,2.13357480606668,2.15407766946079,3,5,5
"1778",0.149643854079302,0.504134539817332,0.149902644434823,0.504134296528234,0.00170885131529827,0.00014584313339927,2.05917689363047,2.13356801809827,2.15406686347419,3,5,5
"1779",0.149643257286345,0.50413648770889,0.149944475853891,0.5041345522964,0.00170692040346059,0.000145693840487016,2.05918890797588,2.13357999214318,2.15406176707555,3,5,5
"1780",0.149645001386146,0.504138181479188,0.149837969936142,0.504134861524076,0.00170499278876755,0.000145545722881057,2.05915171493981,2.13355304124411,2.15405805774607,3,5,5
"1781",0.149656723382474,0.504138131905153,0.149882415896396,0.504134413579424,0.00170306867165184,0.000145398418104126,2.0591273518293,2.13352949808664,2.15400896485781,3,5,5
"1782",0.149648784033091,0.504136995502353,0.149799205035094,0.504134649904433,0.00170114754449649,0.000145250333753455,2.05913265217652,2.13351800487073,2.15400625603948,3,5,5
"1783",0.14965609151055,0.50413742347199,0.149935744213865,0.50413483418336,0.0016992292346935,0.000145103332396812,2.0590982822701,2.13351125827209,2.1539997978752,3,5,5
"1784",0.149663907933263,0.504139358310855,0.149798941407815,0.504134559905612,0.00169731482641525,0.00014495811277182,2.05908500343598,2.13346304088952,2.15397437124192,3,5,5
"1785",0.149668072995821,0.504135184735085,0.149854313563295,0.50413421243167,0.00169540337773202,0.00014480984282661,2.05906526724915,2.13347466008645,2.15393331332099,3,5,5
"1786",0.149661624928845,0.504136047814679,0.149822405914524,0.504134450876824,0.00169349467291495,0.000144662314800925,2.05904814753675,2.13345554556681,2.1539571550338,3,5,5
"1787",0.149670106080938,0.504136693687365,0.149902355169985,0.504134319713664,0.00169158957674688,0.000144516125834548,2.05904700928129,2.13344181836446,2.15393162877845,3,5,5
"1788",0.149672107981879,0.504138065862275,0.14980870633006,0.504134163415122,0.00168968763705796,0.000144369720528892,2.0590001066376,2.13340640524777,2.15389071236806,3,5,5
"1789",0.149680932643218,0.504135372204138,0.149886720350318,0.50413448717966,0.00168778854543152,0.000144222723310494,2.05897736451717,2.13339291732957,2.15389511151164,3,5,5
"1790",0.149677354188659,0.504133579360299,0.149833689389919,0.504134839542224,0.00168589284914013,0.000144075066376814,2.05896912940369,2.13335370320546,2.15388611009101,3,5,5
"1791",0.149678460797817,0.504138174780381,0.14991020805757,0.504134520888842,0.00168400002998653,0.000143930315273599,2.05896776910273,2.13337134495145,2.15386811626414,3,5,5
"1792",0.149681888625295,0.504134746145495,0.149858478305666,0.504134570928829,0.00168211028191379,0.00014378408808835,2.05893676462687,2.13334321564984,2.15388399542458,3,5,5
"1793",0.149694373681615,0.504141707261165,0.149940304630226,0.504135012372746,0.0016802243206499,0.000143642109732278,2.05890925791732,2.13330251322847,2.15385433830479,3,5,5
"1794",0.149678524984115,0.504139099930568,0.149855333509025,0.504134353830288,0.00167834094805009,0.00014349765293209,2.05893069100044,2.13331859071452,2.15386671518881,3,5,5
"1795",0.14968874681168,0.504134625571043,0.149900033937649,0.504134518327611,0.00167646047255072,0.000143351904354994,2.05890119717082,2.13331031968804,2.15386171951879,3,5,5
"1796",0.149689275060056,0.504138680117642,0.149811152665004,0.504134258213524,0.00167458369782716,0.000143208245122595,2.05890340747593,2.1332997276988,2.15389203557767,3,5,5
"1797",0.149689583240948,0.5041405271459,0.149871854859236,0.504134324199315,0.00167270973254976,0.000143066170630202,2.05889778895731,2.13327915524799,2.15385831849662,3,5,5
"1798",0.149675537646851,0.504130462737473,0.149832949154159,0.504134387527315,0.00167083837961684,0.00014291908332531,2.05892357584681,2.13332505910933,2.15391753167025,3,5,5
"1799",0.149692408165016,0.504139828845683,0.149843072677958,0.504134320084256,0.00166897064117638,0.000142777524150484,2.05889227708834,2.13329741540992,2.15389358047883,3,5,5
"1800",0.149676517404661,0.504139533597147,0.149831677117391,0.5041343579509,0.00166710581697432,0.000142635066532781,2.05891548806689,2.1332907572513,2.15391379315739,3,5,5
"1801",0.149687167915685,0.504133178344433,0.149887832401993,0.504134330565715,0.00166524402240012,0.000142490375179993,2.05888564635275,2.13329903137878,2.1538796810891,3,5,5
"1802",0.149678655601406,0.504138197645138,0.149868548188554,0.504134503336502,0.00166338534724342,0.000142347542924637,2.0589056645789,2.13332330128388,2.15392768861476,3,5,5
"1803",0.149680449489367,0.504140373757713,0.149878853535075,0.504134341524674,0.00166152946423955,0.000142206083114105,2.05890376395345,2.13329481569023,2.15391568725353,3,5,5
"1804",0.149669539825714,0.504131819450118,0.149804941341747,0.504134982848284,0.00165967654428815,0.000142060387130272,2.05891741512561,2.13333678918344,2.15394557017375,3,5,5
"1805",0.149687129940655,0.504138891015536,0.149896475678278,0.504134593655673,0.00165782737575266,0.000141919309349592,2.05887637597276,2.1333085637186,2.1538935975083,3,5,5
"1806",0.149667974031077,0.504137880156604,0.149845446954389,0.504134470150074,0.00165598065790427,0.000141776398246307,2.05892109365325,2.13332374333994,2.15394601597203,3,5,5
"1807",0.149676981283269,0.50413342614446,0.149856966371666,0.50413438845236,0.00165413682523361,0.000141632188618845,2.0588918392214,2.13333011937768,2.15392624090955,3,5,5
"1808",0.149667063114947,0.504139284099786,0.14985553729969,0.504134418199816,0.00165229640891416,0.000141490765605101,2.05891322417972,2.13335558743678,2.15393863745127,3,5,5
"1809",0.149682150945967,0.504141571710711,0.149888052124965,0.504134201191978,0.00165045958035145,0.000141351596291917,2.05887856406668,2.13330619452959,2.15388382005539,3,5,5
"1810",0.149662745425051,0.504130959680825,0.149859451786523,0.504134455948527,0.00164862466926037,0.000141205527562582,2.05891098474766,2.1333653296017,2.15395694894238,3,5,5
"1811",0.149684049454261,0.504140211182374,0.149863564586878,0.504134859088971,0.00164679382104728,0.000141066117110844,2.05887726547607,2.13334158991458,2.15389947632978,3,5,5
"1812",0.149660202154475,0.50413629452278,0.149883017428763,0.504134642089054,0.00164496563108843,0.000140923167963436,2.05893139731917,2.13338693331578,2.15394512297048,3,5,5
"1813",0.149675811627001,0.504134571222614,0.149936727052306,0.504134502330708,0.00164314043612475,0.000140780548983144,2.05888800397364,2.13335595062017,2.15390320787913,3,5,5
"1814",0.149663483241289,0.504140138062656,0.149904346927683,0.504134308422279,0.00164131821238471,0.000140639969951284,2.05892245566736,2.13338799270833,2.1539489392102,3,5,5
"1815",0.149679644963967,0.504138630042157,0.149866435946748,0.504134134819461,0.00163949952068477,0.000140500445021896,2.0588834088388,2.13336384379395,2.15389351688739,3,5,5
"1816",0.149655719596341,0.504131600563989,0.149842835088446,0.504134264017158,0.00163768312077213,0.000140355484755661,2.05896895598024,2.13346536233308,2.15398614652601,3,5,5
"1817",0.149678667382405,0.504139319514157,0.14981823045034,0.504134222583052,0.00163587068928218,0.000140216495050027,2.05890051066529,2.13337984207405,2.15388442090597,3,5,5
"1818",0.149669651057556,0.504139497410908,0.149910026879957,0.504134525878447,0.00163406111460933,0.000140077098157554,2.05893345696195,2.13342149829114,2.15394526869236,3,5,5
"1819",0.149678627753936,0.504133468195109,0.149880745960437,0.504134705703024,0.00163225436977704,0.000139934648616502,2.05893056661629,2.13345159018319,2.15392971801067,3,5,5
"1820",0.149670467938781,0.504136316490037,0.14990326592927,0.504134390648818,0.00163045138422512,0.000139793756942952,2.05898293731423,2.13348402268148,2.15396728301988,3,5,5
"1821",0.149687281417154,0.504140642640811,0.14985048274351,0.504134422542402,0.00162865167640537,0.000139656289273815,2.05893061466308,2.13343107401955,2.15390355759005,3,5,5
"1822",0.149678833579205,0.504135198708678,0.149882088614941,0.504134363179784,0.00162685459224416,0.000139515536258239,2.05896441957483,2.13348993917025,2.1539565989076,3,5,5
"1823",0.149695422570069,0.50413828750562,0.149889543436232,0.504134525306148,0.00162506126115117,0.000139378082789854,2.05894240624211,2.13347619596365,2.153914338147,3,5,5
"1824",0.149691591561153,0.504137432307694,0.149884502817792,0.504134499093012,0.0016232710342917,0.000139240061470702,2.05898584092777,2.13350801238016,2.15394150187662,3,5,5
"1825",0.149695833123103,0.504133715823798,0.149858883736671,0.504134187505684,0.00162148372071801,0.00013910024525321,2.05895874164046,2.13349519626208,2.15391868741021,3,5,5
"1826",0.149695873868659,0.504139352607517,0.149866846017244,0.504134346421701,0.00161969987517516,0.000138962896487516,2.05898853353435,2.13352971009169,2.1539425037102,3,5,5
"1827",0.149713209082545,0.504136567779014,0.149832685242171,0.504134621303274,0.00161791927451952,0.000138825335117221,2.05894617688463,2.13349836380461,2.15388842218575,3,5,5
"1828",0.149698796922146,0.504134963160679,0.149864990751957,0.504134430677475,0.00161614145873635,0.000138686256998422,2.05900629324065,2.13355362130786,2.15394402770953,3,5,5
"1829",0.149715440536835,0.504137304190877,0.149809445937306,0.50413471550424,0.00161436741793422,0.000138549725408499,2.05895969888574,2.13350739013315,2.15387847302148,3,5,5
"1830",0.149706605953148,0.50414196427329,0.149902544992103,0.504134450210446,0.00161259602889741,0.000138414214074456,2.05900165536242,2.13354105544488,2.15392718168493,3,5,5
"1831",0.149711957170498,0.504131125656672,0.149802347723559,0.504134778251558,0.00161082747344664,0.000138274051684095,2.05898046913387,2.13353351360235,2.1538971297625,3,5,5
"1832",0.149704895246584,0.504137769691758,0.149888092859983,0.504134463028263,0.00160906222642252,0.000138137233558377,2.05902799209247,2.13358354653386,2.15395181027891,3,5,5
"1833",0.149713762869774,0.504137624664886,0.149835535198743,0.504134645421626,0.00160730001146936,0.000138001370990071,2.05898228942715,2.13351922087931,2.15387897842285,3,5,5
"1834",0.149703106048924,0.504133758343204,0.149852076941031,0.504134512386295,0.00160554043810688,0.000137862394809729,2.05902473789642,2.13357202217072,2.153932028929,3,5,5
"1835",0.149714928096504,0.504135551339333,0.149864347208284,0.504134514742099,0.00160378422705227,0.000137725359760754,2.05900009175657,2.1335527562512,2.15389515506271,3,5,5
"1836",0.149706925906055,0.50413973474748,0.14989051560602,0.504134130583939,0.00160203080842692,0.000137590418847533,2.05902958129223,2.13356630672623,2.15392338629128,3,5,5
"1837",0.149710321266793,0.504133765408536,0.149860817750163,0.504134287098499,0.00160028032951994,0.000137453100556573,2.05900864714813,2.13355035477708,2.15388415889462,3,5,5
"1838",0.149704474572128,0.504140327489401,0.149898734307379,0.504134330079453,0.00159853287657207,0.000137317921094171,2.05903649893966,2.13357787320149,2.15391832626811,3,5,5
"1839",0.149717064337544,0.504137041706731,0.149825141319636,0.504134282597371,0.00159678841538047,0.000137182345788744,2.05900094829815,2.13353591569429,2.1538672152972,3,5,5
"1840",0.149700790396502,0.504134986892916,0.149881833957787,0.504134554992288,0.00159504662162436,0.000137045563905369,2.05905143222862,2.13359273935486,2.15391612059233,3,5,5
"1841",0.149716513193833,0.504138602376311,0.149795507837953,0.504134597117984,0.00159330841062261,0.00013691149619588,2.05900795292562,2.13355967117663,2.15386414946796,3,5,5
"1842",0.149709193404301,0.504138428026814,0.149902112566463,0.504134597773909,0.00159157281766156,0.000136776537033478,2.05903606764821,2.13355543801472,2.15388715928443,3,5,5
"1843",0.149720334604154,0.504133862574182,0.149813674264207,0.504134148573631,0.0015898403774374,0.000136641064666487,2.05900269573775,2.13355606790436,2.1538473029261,3,5,5
"1844",0.149708757366746,0.504137663306238,0.149905000054687,0.504134430566663,0.00158811082537165,0.000136506872596032,2.05904940227357,2.13359352324382,2.15390238487637,3,5,5
"1845",0.149722729708251,0.504137819245102,0.149809809553337,0.504134182457732,0.00158638424578754,0.00013637353461593,2.05900515815186,2.13355847344374,2.1538508738134,3,5,5
"1846",0.149714673333664,0.504134445758477,0.149882559863443,0.504134154888697,0.00158466048978742,0.000136237904928893,2.05902145153319,2.1335649799482,2.15385086786013,3,5,5
"1847",0.149728866417365,0.504136893654373,0.149828484989768,0.504134534600737,0.00158294015901563,0.000136104625102718,2.0589964933028,2.1335566293899,2.15382864490827,3,5,5
"1848",0.149719159762269,0.504139440995412,0.149902427795733,0.504134931634699,0.0015812223177712,0.000135972001741202,2.05902477425334,2.13358261947847,2.15388510777638,3,5,5
"1849",0.149734828738501,0.504134793049804,0.149803453988951,0.504134838072049,0.00157950797764591,0.00013583863208233,2.05896832748041,2.13354530158606,2.15380027062789,3,5,5
"1850",0.149724588724929,0.504138509860292,0.149862157091197,0.504134901312234,0.00157779627404344,0.000135705258731522,2.05901296687631,2.13356871157974,2.15386055610341,3,5,5
"1851",0.149738976643198,0.504137660825181,0.149827469876941,0.504134580803316,0.00157608755878679,0.000135572910211379,2.05896447082564,2.1335472126932,2.15382144877175,3,5,5
"1852",0.149724457491324,0.50413249655623,0.14988569930962,0.504134423440444,0.00157438153145849,0.000135437423867568,2.05900734468847,2.13356665228818,2.15385858464928,3,5,5
"1853",0.149739192733033,0.504138678856889,0.149858639800262,0.504134284355504,0.0015726787813156,0.000135306024922843,2.05897560737817,2.1335493437182,2.15382452259615,3,5,5
"1854",0.149732250185047,0.504134975347235,0.149896971350586,0.504134259398224,0.00157097832627217,0.000135171984985583,2.0589670859127,2.13352787434473,2.15384048482794,3,5,5
"1855",0.149735231227777,0.504133038991207,0.149853659550381,0.504134184203047,0.00156928095468748,0.000135038124092435,2.05895600298218,2.13352259979528,2.153799828081,3,5,5
"1856",0.149725718777588,0.50413767221355,0.149853361258245,0.504134430574144,0.00156758602631325,0.000134905304446709,2.05899269967437,2.13354239670136,2.15386170539766,3,5,5
"1857",0.149745847011224,0.504140291358237,0.149828496601749,0.504134365928903,0.00156589431648288,0.000134775504553653,2.05891974665754,2.13349277724919,2.15378155899241,3,5,5
"1858",0.149723257107553,0.504133580989046,0.149862840280413,0.504134279346432,0.00156420486664488,0.000134642147491704,2.05895655396092,2.13350605473951,2.15380221819005,3,5,5
"1859",0.149739317672709,0.504137373198675,0.1498571914714,0.504134151238059,0.00156251861643227,0.000134511202248055,2.05893099748407,2.13348812742603,2.15378960154666,3,5,5
"1860",0.149722913016616,0.504130675659503,0.149848469052684,0.504134308577005,0.00156083448985845,0.000134375702819378,2.05895306355052,2.13349246239066,2.15381062938678,3,5,5
"1861",0.149726873478812,0.504136754459336,0.149870454940883,0.504134491122148,0.00155915329238092,0.000134244725887078,2.05895383968773,2.13349930236065,2.15378447487214,3,5,5
"1862",0.149722525528491,0.504135972442294,0.149835158684115,0.504134287786744,0.00155747488646546,0.000134113075182962,2.05894859067331,2.13348299323782,2.15379800520089,3,5,5
"1863",0.149726587397161,0.504135983069112,0.149840961648748,0.504134593499646,0.00155579905372958,0.000133981415857298,2.05893021165363,2.13348128488754,2.1537681533444,3,5,5
"1864",0.149707565236745,0.504135397074714,0.14980527638139,0.504134544780261,0.00155412542439652,0.000133849691791421,2.05896375454819,2.1334883807362,2.15380309296773,3,5,5
"1865",0.149716901025585,0.504140451174547,0.149857955762485,0.504134315106594,0.00155245472906633,0.000133720884756272,2.05897092419323,2.13353573789826,2.1538171688782,3,5,5
"1866",0.149708288390798,0.50413666215195,0.14983306183446,0.504134419698168,0.00155078644780364,0.000133589758041786,2.05895177597617,2.13348364108246,2.15380431565089,3,5,5
"1867",0.14971012897962,0.504138170093083,0.14985394337531,0.504134614577658,0.001549120992734,0.000133460362254922,2.05894265392821,2.13350244836696,2.15375733238757,3,5,5
"1868",0.149697422099448,0.504138811189761,0.149772228467549,0.50413441453647,0.00154745781011431,0.000133330312500735,2.05899285509265,2.13354504903177,2.15386496309659,3,5,5
"1869",0.149703682737169,0.504136945219506,0.149873229517359,0.504134428701339,0.00154579726409855,0.000133200248968346,2.05896812277713,2.13351963374709,2.15380665313819,3,5,5
"1870",0.149698465608959,0.504136627540313,0.149792363459248,0.504134689290135,0.00154413945672858,0.000133070693937198,2.05895443268329,2.1335238974651,2.1537877024629,3,5,5
"1871",0.149693279990567,0.504135981182481,0.149860364940193,0.504134558686584,0.00154248391143765,0.000132939183575376,2.05900165143487,2.13358360900736,2.15386012792963,3,5,5
"1872",0.149687573429637,0.504136154780682,0.149813381166375,0.504134088251038,0.00154083084096162,0.000132808747355551,2.05898153730409,2.13353440911851,2.1538394507981,3,5,5
"1873",0.14969086452314,0.504139344931898,0.149865044530496,0.504134171197275,0.00153918035292121,0.000132680668443519,2.05898841420281,2.13359974220233,2.1538062001882,3,5,5
"1874",0.149692216163283,0.504137165353795,0.149808802959503,0.50413458022326,0.00153753263570825,0.000132551228089639,2.05898130904283,2.13360157015221,2.15383931970187,3,5,5
"1875",0.149680221520806,0.504130874732288,0.149869231132717,0.50413457178553,0.00153588690314685,0.000132417836374299,2.05900556848217,2.13360296124254,2.15384538181264,3,5,5
"1876",0.149672455170339,0.504136421314449,0.149817379649829,0.504134322610933,0.00153424357703215,0.000132288104319422,2.05901269670829,2.13362637676309,2.153845894001,3,5,5
"1877",0.149682759046938,0.504140353822121,0.149841297038962,0.504134624073599,0.00153260304106968,0.000132160534657033,2.05902942195068,2.1336820678265,2.15386804669571,3,5,5
"1878",0.149679077377302,0.504135828298439,0.149819770630326,0.504134285172903,0.00153096495609445,0.000132030893488122,2.05899311091599,2.13363779107158,2.15384361471612,3,5,5
"1879",0.149669274158122,0.504133659210101,0.149846514110309,0.504134475556879,0.00152932917337528,0.000131899739740482,2.05903664212705,2.13369946467424,2.1538601775814,3,5,5
"1880",0.149664356888496,0.504137846223335,0.149877890195608,0.504134104512129,0.00152769572226266,0.000131770525023778,2.0590485469756,2.13370060939563,2.15389838936807,3,5,5
"1881",0.149667369081557,0.504134150613529,0.149881565505306,0.504134197020583,0.00152606464516676,0.000131640352606266,2.05905832555554,2.13373007030964,2.15388762251547,3,5,5
"1882",0.149659538151744,0.504138677494393,0.149876641164869,0.504134228462627,0.00152443610611539,0.000131512737526318,2.0590440883604,2.13373420303551,2.15387463183,3,5,5
"1883",0.149660181776025,0.504136833179346,0.149882209153727,0.504134534699325,0.00152280997299663,0.000131383394473938,2.05907491597546,2.13376907016351,2.15390251806662,3,5,5
"1884",0.149652555288567,0.504136469311413,0.149862572058866,0.504134634657777,0.00152118592915149,0.000131254097633926,2.0590676942732,2.13374761698673,2.1539231666901,3,5,5
"1885",0.149657836768013,0.504138665014372,0.149858352819927,0.504134493060536,0.00151956479197529,0.000131127464028657,2.059086565928,2.13379458718119,2.15391473824168,3,5,5
"1886",0.149648108427587,0.504138811643039,0.149879656608485,0.504134333785561,0.00151794587193471,0.000130999417759847,2.05911309240619,2.13382170617661,2.15396267002873,3,5,5
"1887",0.14965634197277,0.50413353279832,0.14988620044387,0.5041342474714,0.00151632944924432,0.000130869378073828,2.05909787981748,2.13379737608162,2.15395355464303,3,5,5
"1888",0.149639894056597,0.50414090204983,0.149862231540908,0.504134378977924,0.00151471523902759,0.000130743316318127,2.05911626073136,2.13382876667658,2.15397438323274,3,5,5
"1889",0.14965204585652,0.504136749395115,0.149822877096476,0.504134623494845,0.00151310393467649,0.000130615376671361,2.05914390844809,2.13386802499516,2.1539918627718,3,5,5
"1890",0.149642123291664,0.504136831170056,0.149892607464374,0.504134584012086,0.00151149464297135,0.000130486870748792,2.05913070426899,2.1338352466144,2.15401594375253,3,5,5
"1891",0.149643610032949,0.504134340443384,0.149878969500431,0.504134391191974,0.00150988799174171,0.000130358909484429,2.05914643138267,2.13387821400064,2.15400449520299,3,5,5
"1892",0.149630305386704,0.504139804744502,0.149881928556067,0.504134200567294,0.00150828334924887,0.000130232370900263,2.05917809262521,2.13388803245611,2.15404451880781,3,5,5
"1893",0.149646080574641,0.504134229023017,0.149830510127767,0.504134783071513,0.00150668161187846,0.000130104473690884,2.05916158755053,2.13388191208349,2.15404531052105,3,5,5
"1894",0.149625944231818,0.50413899729575,0.149893650681307,0.504134458957027,0.00150508170641846,0.00012997895209732,2.05918719515014,2.13391487997026,2.15407330975837,3,5,5
"1895",0.149632035839127,0.504134137045627,0.149805513875998,0.504134884094155,0.00150348446394623,0.000129850639226325,2.05920412571918,2.13392877297622,2.15408486948378,3,5,5
"1896",0.149632305305734,0.504136430750866,0.149859219344583,0.504134848649287,0.00150188967329171,0.000129723695163397,2.05919022651385,2.13390269212917,2.15410067893241,3,5,5
"1897",0.14963326086868,0.504138648198161,0.149753066994578,0.504134777840499,0.00150029732977811,0.000129598986081669,2.05921742973401,2.13395225465842,2.15411812029717,3,5,5
"1898",0.14962247664085,0.504138826079305,0.149870275885328,0.504134370849642,0.00149870716613702,0.000129473309200212,2.05924056010276,2.13396012236681,2.1541595506594,3,5,5
"1899",0.149637975664352,0.504132943169209,0.149860210034934,0.504134054781421,0.00149711982643583,0.000129345286806637,2.05921861964711,2.13393629259801,2.15415041770072,3,5,5
"1900",0.14962172066557,0.504137695855098,0.149883824913454,0.504134116194603,0.00149553461645055,0.000129219482739695,2.05925816168841,2.13399581531444,2.15419303047253,3,5,5
"1901",0.149630733294076,0.504139339010596,0.149821986977053,0.504134509397814,0.00149395192490848,0.000129094936018315,2.05926871166097,2.13399718214509,2.15420542899598,3,5,5
"1902",0.149626175642546,0.504136805727137,0.149884394159762,0.504134772160812,0.0014923715559319,0.000128968985145472,2.0592596631265,2.13397051067576,2.15422682846021,3,5,5
"1903",0.149628220926059,0.504136146269841,0.149820206999461,0.504134675190746,0.00149079384844573,0.000128843413317536,2.0592789924656,2.13402468167613,2.15423861892465,3,5,5
"1904",0.149619084370262,0.504136333751423,0.149904043316595,0.504134575225223,0.00148921823235308,0.00012871692515104,2.05930926423592,2.13404077077015,2.15427996470051,3,5,5
"1905",0.149635318011822,0.504137148706203,0.149817946193806,0.504134397209809,0.00148764537825045,0.000128592002251682,2.05928209290162,2.13400458892961,2.15426883328712,3,5,5
"1906",0.149616351150842,0.50413906280418,0.149893691065482,0.504134491472218,0.00148607458409513,0.000128467975230584,2.05932004713555,2.13405915890105,2.15431466035989,3,5,5
"1907",0.149628399994462,0.50413508922957,0.149856763217233,0.504134221432763,0.0014845065445372,0.000128342178999374,2.05931328154126,2.13404870885952,2.15430716347794,3,5,5
"1908",0.149626680057371,0.504136540214085,0.149879761302049,0.504134346901704,0.00148294086661383,0.00012821714025113,2.05931096270602,2.13404073316712,2.15433703448008,3,5,5
"1909",0.149629558450349,0.504140965560649,0.149902254177767,0.50413442093365,0.00148137764932922,0.000128095471059186,2.05931977831988,2.13407656055854,2.15434096492384,3,5,5
"1910",0.149621651131756,0.504137843382708,0.149854680147716,0.504134354869819,0.00147981670656273,0.00012797207114601,2.05933442025469,2.13406579652127,2.15437693631844,3,5,5
"1911",0.14963809636879,0.504134376492041,0.149847426805136,0.504134915613982,0.00147825860404102,0.00012784714627212,2.05930313856032,2.13405038270314,2.15434586219747,3,5,5
"1912",0.149618443489391,0.504139947945409,0.149826172424242,0.504134335672886,0.00147670241353643,0.000127725176169102,2.05933227694126,2.13409548951462,2.15438222139405,3,5,5
"1913",0.149635229952832,0.504135332470526,0.149845916909732,0.504134296110491,0.00147514896064828,0.000127602123899839,2.05931881575821,2.13407756655132,2.15438075464673,3,5,5
"1914",0.149628920124851,0.504136140968504,0.149843970935533,0.504134740806125,0.00147359782634295,0.000127479388951968,2.05931037405661,2.13407282752476,2.15437272576373,3,5,5
"1915",0.149637599897595,0.504138238163155,0.149903146298894,0.504134247480165,0.00147204915372854,0.00012735896357452,2.05927569487266,2.13405900738722,2.15434677816888,3,5,5
"1916",0.149624759790679,0.504140439130581,0.149847739884364,0.504134189570708,0.00147050249333728,0.00012723891563049,2.05931617028444,2.134097483524,2.15439009598972,3,5,5
"1917",0.149645979340526,0.504136330243195,0.149894676794683,0.504134082639508,0.00146895868581736,0.000127117978177882,2.05925394173565,2.13404129785612,2.15432874797484,3,5,5
"1918",0.149626893294837,0.504137299773607,0.149863813746149,0.50413444444202,0.00146741688306829,0.000126997174439314,2.05928107589329,2.13408131732353,2.15436745889197,3,5,5
"1919",0.149644165332332,0.504135513777475,0.149870294694226,0.504134428840452,0.00146587772330897,0.000126876013996635,2.05925189801603,2.13404882706601,2.15434464125977,3,5,5
"1920",0.149633018647004,0.504139407852103,0.149840701456385,0.50413445908113,0.0014643405227146,0.000126756275113382,2.05925522176087,2.13405708529704,2.15433789769881,3,5,5
"1921",0.149640296070375,0.504134467598819,0.149849449764622,0.504134463067527,0.00146280595315742,0.000126634757153909,2.05922401916554,2.13403429163734,2.15432058333991,3,5,5
"1922",0.149624439291996,0.504141467332296,0.149838212989727,0.504134118305611,0.00146127322114174,0.000126516364784335,2.05925884490433,2.13406401702051,2.15436183675475,3,5,5
"1923",0.149652243008915,0.504134846881103,0.14982415923654,0.504134186861675,0.00145974353720468,0.000126396053395705,2.05917843874342,2.13398426786615,2.15426907344767,3,5,5
"1924",0.149625029355563,0.504136722585463,0.149781063005916,0.50413442907761,0.00145821544907106,0.000126275268947373,2.05921457944592,2.13401254664645,2.15430361832777,3,5,5
"1925",0.149637371509755,0.504135729492761,0.149807894754768,0.504134800080429,0.00145668993876606,0.000126154470959094,2.05920383049188,2.13401318683457,2.15430079749274,3,5,5
"1926",0.149629213204429,0.504138533180291,0.149694739407517,0.504135327299473,0.00145516652488184,0.000126035126687962,2.05918887445943,2.13399867144034,2.15427980458813,3,5,5
"1927",0.149644206543223,0.504134815702729,0.149838020294379,0.504134596913326,0.00145364600582209,0.000125915022192946,2.05915421880307,2.13396228190091,2.15425183112719,3,5,5
"1928",0.149624490516373,0.504135356027927,0.149753069145136,0.504134113605162,0.00145212701798588,0.000125793736116653,2.05918362112632,2.13398385639052,2.15426216419033,3,5,5
"1929",0.149651778063218,0.504136542344457,0.149843214576304,0.504134168953462,0.00145061110966439,0.000125674685646837,2.05911123687517,2.13391550388844,2.15419015604607,3,5,5
"1930",0.14962552908605,0.504136838920906,0.149845221843723,0.504134134561397,0.0014490970291059,0.000125554335820843,2.0591595966912,2.13394843350633,2.15424233203823,3,5,5
"1931",0.149649968787286,0.504136089231733,0.149846840693801,0.504134245416686,0.00144758572210833,0.000125435423679821,2.0591010011879,2.13390117183088,2.154179054925,3,5,5
"1932",0.14962887218763,0.504135692275278,0.149885167897278,0.504134858965732,0.00144607608661912,0.000125314527591125,2.05912980246732,2.13391190753366,2.15418822071852,3,5,5
"1933",0.149656047833345,0.504134924779222,0.149841517066801,0.504134509291218,0.00144456954730484,0.000125195196495009,2.05904961345796,2.13385334513397,2.15411122024066,3,5,5
"1934",0.149628863029103,0.504138779672098,0.14980397561321,0.504134418004455,0.00144306458442054,0.000125077067599233,2.05911590384711,2.13389600414294,2.15417123800992,3,5,5
"1935",0.149658233658705,0.504134973590775,0.149848474069357,0.504134228342016,0.001441562658736,0.000124959019418336,2.05901859032267,2.13379538226495,2.15405396987855,3,5,5
"1936",0.149635325487506,0.504137301830664,0.149862930618192,0.504134365413227,0.00144006238543332,0.00012484058768869,2.05906378147508,2.13384673057852,2.15410721987957,3,5,5
"1937",0.149649884572439,0.504133272675527,0.149890335529233,0.504134627358017,0.001438564703736,0.000124721102537251,2.0590452940164,2.13382709336498,2.15407660832502,3,5,5
"1938",0.149641108576685,0.504139968272785,0.149786359684767,0.504134515173082,0.00143706919720846,0.000124604736248979,2.05902318323267,2.13377547758569,2.15404028099052,3,5,5
"1939",0.149658804752386,0.504134468331636,0.149815822593525,0.504134506744538,0.00143557653246665,0.00012448701382517,2.05899133611174,2.13376907830893,2.15400826454072,3,5,5
"1940",0.14963534277742,0.50413502000918,0.149820082403257,0.504134552190706,0.0014340853394254,0.000124367518591906,2.0590571820516,2.13381583435594,2.1540767935818,3,5,5
"1941",0.149658044051558,0.504134974385513,0.149891217634288,0.504134539193856,0.00143259701979714,0.000124249810360855,2.05898568905412,2.13374141699207,2.15399521698278,3,5,5
"1942",0.14963697502918,0.504138343444505,0.149808513555665,0.504134319437436,0.00143111066547545,0.000124132997783244,2.0590323667775,2.13377675041923,2.15403825578567,3,5,5
"1943",0.149652760501611,0.504136719128211,0.149826538904168,0.504134505202493,0.00142962679322925,0.000124016400350646,2.0590019322535,2.13375266879092,2.15398907043565,3,5,5
"1944",0.149635337298223,0.504137354410781,0.149798948941006,0.504134786334303,0.00142814479164408,0.000123898811217438,2.05902815898564,2.13374015122155,2.15403399076473,3,5,5
"1945",0.149646426782074,0.504138447194899,0.149865748604787,0.504134505458164,0.00142666541933262,0.000123783611182593,2.05901727223608,2.13374546043444,2.15400089866829,3,5,5
"1946",0.149629463149348,0.50413847447524,0.149850229539053,0.504134275811921,0.00142518782966785,0.000123667161400887,2.05903320551485,2.13372871653441,2.15400396925858,3,5,5
"1947",0.149655152138856,0.504138640362982,0.149815583581256,0.504134313375643,0.00142371337907554,0.000123552084476342,2.05898089022787,2.13367687178226,2.15396094210177,3,5,5
"1948",0.149629659289082,0.50413350547094,0.149857824431022,0.504134440372396,0.00142224070393799,0.000123433438955378,2.05904272321505,2.13372770568776,2.15401280969939,3,5,5
"1949",0.149647380692677,0.504135557160671,0.149849296822226,0.504134267532097,0.00142077041358241,0.000123317077986629,2.05898312776355,2.13368155967027,2.15395182205839,3,5,5
"1950",0.149630352488051,0.504137215321666,0.149859161896995,0.504134610505675,0.00141930236710633,0.00012320012298328,2.05902962396682,2.13369028280109,2.15399619781695,3,5,5
"1951",0.149651676953941,0.5041370667773,0.149866649337906,0.504134434782226,0.00141783717388068,0.00012308509331771,2.05898149514513,2.13367018422668,2.15394887412781,3,5,5
"1952",0.149630475920652,0.504134451984123,0.149836698413188,0.504134463702914,0.00141637370118682,0.000122967194095547,2.0590311569459,2.13369611772188,2.15399131555,3,5,5
"1953",0.149653686995663,0.504136350197147,0.149842195815776,0.504134739806536,0.00141491309228145,0.000122851726649609,2.05896228258675,2.13362562002488,2.15392703912762,3,5,5
"1954",0.149632766758594,0.504135700874395,0.149868013498628,0.50413473193187,0.00141345453674588,0.000122734499133248,2.05903574315077,2.13368615627178,2.15399260686524,3,5,5
"1955",0.149654230849198,0.504137165423787,0.149857231315322,0.50413442839336,0.00141199872225841,0.00012261986680584,2.05895872764521,2.13362721877629,2.15390958300374,3,5,5
"1956",0.149641338005717,0.504137647657824,0.149908878080585,0.504134706502561,0.00141054497927542,0.000122504090554698,2.05899677035538,2.13361124739265,2.15394136067156,3,5,5
"1957",0.149662134698893,0.504140070609505,0.149897674115454,0.50413477624242,0.00140909399473616,0.000122391975725611,2.05894695705942,2.13358605727663,2.15390256904597,3,5,5
"1958",0.149637435257639,0.504138952364772,0.149903992679901,0.504134351406092,0.00140764458814198,0.000122276830424983,2.05899398053534,2.13361887346754,2.15393778559179,3,5,5
"1959",0.14967346457497,0.50413783434553,0.149879744252355,0.504134448678948,0.00140619839710543,0.000122163792934837,2.05891418097236,2.13352509260808,2.15386992483487,3,5,5
"1960",0.149643020915187,0.504136400047687,0.149855187883687,0.504134386867583,0.00140475362252734,0.000122048605192049,2.058996358934,2.13358849187611,2.15395222377406,3,5,5
"1961",0.149666870483483,0.504135938546202,0.149837686769915,0.50413449829463,0.0014033117151625,0.000121934942751811,2.05891345778556,2.13352376083896,2.1538574074551,3,5,5
"1962",0.149654414229465,0.504141993571727,0.149916969592296,0.504134541982866,0.00140187179222624,0.000121822075027533,2.05896701764386,2.13351703356072,2.15391182410444,3,5,5
"1963",0.149668185323899,0.504136091113795,0.149849837421338,0.50413486487099,0.00140043461373352,0.000121708735074999,2.05894859909511,2.13353597457324,2.15391654534119,3,5,5
"1964",0.149647682904234,0.504136480846536,0.149900143216138,0.504134430075413,0.00139899900241836,0.000121595177562495,2.05898249041393,2.13353963866413,2.15393830359202,3,5,5
"1965",0.149668586340344,0.504140423576082,0.149888388611451,0.50413451050303,0.00139756618806733,0.000121484378988512,2.05895101184093,2.13350030667158,2.15390579539928,3,5,5
"1966",0.149645926281915,0.504138798598198,0.149932668746657,0.504134515932795,0.00139613539292725,0.0001213717857379,2.05899614512701,2.13353777516715,2.15394437846965,3,5,5
"1967",0.149661763654737,0.504135159905101,0.14983017325886,0.504134511166305,0.00139470693623077,0.000121258540564662,2.05897634026041,2.13352652227962,2.15394714912875,3,5,5
"1968",0.149645245687308,0.504136987973428,0.149899010987659,0.504134486296717,0.00139328052642874,0.000121145442167681,2.05902498282462,2.133530191813,2.15399985623599,3,5,5
"1969",0.149661503313204,0.504135549230949,0.149863481795608,0.504134626368881,0.00139185675229978,0.000121033009239602,2.05897630346513,2.13350971667294,2.15393961591178,3,5,5
"1970",0.149639161170037,0.504136757248039,0.149937822072679,0.504134643341679,0.00139043462083039,0.000120919816029463,2.05902919469277,2.1335347769775,2.15397994766417,3,5,5
"1971",0.149657690487344,0.504137661194265,0.149869129939493,0.504134652480986,0.00138901499212521,0.000120808178112664,2.05901142045254,2.1335163238569,2.15398960720619,3,5,5
"1972",0.149640206142638,0.504136880827482,0.149894248469747,0.504134350448385,0.0013875974527949,0.000120696325703551,2.05903794090367,2.13354171086984,2.15400439566931,3,5,5
"1973",0.149652217358373,0.504136738375612,0.149848160191173,0.504134204205462,0.00138618211948593,0.0001205845401554,2.05901978927717,2.1335227726309,2.15397450944578,3,5,5
"1974",0.149642960060079,0.504136220672726,0.149985295618582,0.504134331744699,0.00138476884029745,0.00012047186703934,2.05904122368574,2.13351936927414,2.15399663052614,3,5,5
"1975",0.149652988082413,0.504138126271749,0.149899684449184,0.504134243908719,0.00138335817102903,0.000120361552997883,2.05903611639747,2.13353401452123,2.15400410748096,3,5,5
"1976",0.149634943925238,0.504137706573236,0.149920394906743,0.504134275204869,0.00138194921272414,0.000120249832823993,2.05907731452288,2.13354956316459,2.15404237324839,3,5,5
"1977",0.149661775080533,0.504133881910372,0.1499571231951,0.504134415466793,0.00138054314460514,0.000120137566966605,2.05902622865934,2.13350360377962,2.15396933703756,3,5,5
"1978",0.14964447886211,0.504138466791716,0.149885214051499,0.504134559655249,0.00137913887470135,0.0001200266376985,2.0590630559061,2.13354729233037,2.15402470172665,3,5,5
"1979",0.149654363650805,0.504135829999305,0.149858352603099,0.504134565760967,0.00137773717243803,0.000119915673726378,2.05904871577126,2.13353629270574,2.15399129932337,3,5,5
"1980",0.149637334630083,0.504134955297016,0.149837085416535,0.50413449038198,0.00137633716013497,0.000119803614424319,2.05910565428414,2.13356023925142,2.15405510120161,3,5,5
"1981",0.149663069806391,0.504137389439664,0.149948832084181,0.504134380607474,0.00137494015748083,0.000119694769055267,2.05902785027305,2.13350885815487,2.15394698611718,3,5,5
"1982",0.149636830033476,0.504137524882297,0.149877891636847,0.504134452737604,0.00137354477824138,0.000119583799245038,2.0591019401106,2.13356267456965,2.15402686762696,3,5,5
"1983",0.149655985427191,0.504135501936328,0.149920233263129,0.504134322996299,0.0013721519731101,0.000119473410124527,2.05907713147675,2.13354681011769,2.15399752578209,3,5,5
"1984",0.14964297497831,0.504138320294381,0.149850345040087,0.504134758522425,0.00137076116283321,0.000119364408290745,2.05909085975874,2.13354496376328,2.15400025676054,3,5,5
"1985",0.149655784579859,0.504134133666987,0.149939223336557,0.504134771489245,0.00136937299446844,0.000119253574876299,2.05907279161566,2.13353883874255,2.15395993249757,3,5,5
"1986",0.149638032879645,0.504137608433232,0.149808954485274,0.504134588817099,0.00136798636703995,0.000119143306486547,2.0591338992847,2.13357837847756,2.15404358633109,3,5,5
"1987",0.149661067577798,0.504138805895709,0.149897427168026,0.504134445469734,0.00136660263576628,0.000119035855130512,2.05906319813744,2.13353548850585,2.15394651580068,3,5,5
"1988",0.149638419393772,0.504136493347891,0.149829404377017,0.504134310100829,0.0013652205337552,0.000118925914136647,2.0591320050685,2.13357667468795,2.1540230129891,3,5,5
"1989",0.149656258440147,0.504134877500287,0.149898200444062,0.504134276446084,0.00136384101277075,0.000118816042715464,2.05910788055127,2.13356021218562,2.15398766378778,3,5,5
"1990",0.149652177542767,0.504143076027377,0.149819720439276,0.504134359482377,0.00136246353371116,0.000118709693792796,2.05910012191937,2.13355436897015,2.15398057992729,3,5,5
"1991",0.149660946450106,0.504137350125941,0.149895310898908,0.504134489230892,0.00136108855623555,0.000118601609985225,2.05909339104475,2.13356432603928,2.15397308961577,3,5,5
"1992",0.149645145575576,0.504136090417048,0.149803254766675,0.504134744674302,0.00135971520060732,0.000118491575751389,2.05915737424781,2.13358633639835,2.15404621001459,3,5,5
"1993",0.149671166122082,0.504138142888532,0.149881802415181,0.504134248617042,0.00135834488519747,0.000118384283809059,2.05907499131715,2.13354161420555,2.15392926995273,3,5,5
"1994",0.149655692085508,0.504138412956855,0.149752912898424,0.504134610468799,0.00135697621186979,0.000118275480725627,2.05912060199014,2.13358434053646,2.15400469796284,3,5,5
"1995",0.149672684357266,0.504136423849224,0.14987136458524,0.504134427426534,0.00135560992892089,0.000118166962888688,2.05908826584243,2.13354551806464,2.15397895592493,3,5,5
"1996",0.149671097833365,0.50413772942292,0.149797196142675,0.504134453363815,0.00135424609110639,0.000118059158578654,2.05910043364209,2.13353255887424,2.15398593465838,3,5,5
"1997",0.149681979603135,0.504139224860014,0.149860064575977,0.504134650759809,0.00135288458563095,0.000117952250207387,2.05908116031005,2.13354636933324,2.15396988766786,3,5,5
"1998",0.14967854290554,0.504134313354855,0.149828477536247,0.504134635657805,0.00135152468226231,0.000117842594650974,2.05908783219067,2.1335316697505,2.1539904939696,3,5,5
"1999",0.149702705251006,0.504135300725195,0.149853970051616,0.504134530998524,0.00135016789051109,0.000117734622284926,2.05902557834844,2.13348847083995,2.15391273615404,3,5,5
"2000",0.149692763818008,0.504138587426724,0.149839959783779,0.504134497226992,0.00134881280754372,0.000117627124220809,2.05906892899526,2.13351551116942,2.15398130970733,3,5,5
