"","error","Q_loss","error_all","Q_loss_all","error_to_tall","Q_loss_to_tall","mat1_nuclear_norm","mat2_nuclear_norm","mat3_nuclear_norm","mat1_rank_num","mat2_rank_num","mat3_rank_num"
"1",2.8398921319245,0.932293324119077,2.28123259881739,0.749308366356417,2.89253856320049,0.506112269096092,0.142635294361485,0.142412693350287,0.142602194892872,5,5,5
"2",2.66233866047753,0.872140712659854,1.72518643734405,0.601771520785369,2.80187865147785,0.47603596336648,0.262367814111626,0.261993406209052,0.262426451697516,5,5,5
"3",2.49303805935459,0.816927284926297,1.42584199466308,0.551969617097368,2.71321336564461,0.447599857822554,0.373175223503518,0.372634976817932,0.373255300374952,5,5,5
"4",2.33299916079643,0.764427808741893,1.21182290623523,0.523352277115477,2.62676661522958,0.419972808400653,0.486910432126678,0.485849032054782,0.48655073766614,5,5,5
"5",2.18626652417428,0.718281261152958,1.05060269472448,0.504955803062426,2.54360517795214,0.393067536177999,0.599968162709706,0.598373699270534,0.599087628557777,5,5,5
"6",2.05725606410973,0.681775839059276,0.921459954634371,0.49168642787753,2.46516547174056,0.367523687808837,0.70005782944946,0.69832352588352,0.699202548806887,5,5,5
"7",1.94510510330052,0.65310536244143,0.816313893888553,0.481791493972143,2.39204347114324,0.343884036275079,0.78515464573469,0.783407188476434,0.784816345851596,5,5,5
"8",1.84603331334095,0.629941372363789,0.728791403920836,0.474042355511739,2.32402319084335,0.322390833252548,0.858512917601916,0.856908836691412,0.859184527551429,5,5,5
"9",1.75747348708102,0.610991628926807,0.655095149276514,0.467865085904354,2.2606581443537,0.303067851696041,0.923108827767504,0.921575743762892,0.924824633957699,5,5,5
"10",1.67731190187523,0.59516508775306,0.591792259989465,0.462760521907415,2.20144340743576,0.285776210617458,0.980759973908516,0.979403559228184,0.983469924231167,5,5,5
"11",1.60446721679804,0.582030437596399,0.537008455211099,0.458500600181439,2.14595100578546,0.270312924838643,1.03260853567994,1.03143794167807,1.03627163703605,5,5,5
"12",1.53791258067076,0.570876974825705,0.488974291677886,0.454856498949135,2.09381262065876,0.256468827420981,1.07963262356128,1.07853965160136,1.0840085527914,5,5,5
"13",1.47697543125693,0.561247174749935,0.44637362119153,0.451744169102395,2.04471558506676,0.244021163859097,1.12248127385675,1.12150931283774,1.12756681415185,5,5,5
"14",1.42044367356729,0.552642712144849,0.409150106857732,0.4491310565204,1.99833658077417,0.232735578141339,1.1622362370346,1.16125307412805,1.16790413349426,5,5,5
"15",1.3677759368117,0.544925741236402,0.376286245797394,0.446875493943267,1.95439748649508,0.22243343095279,1.19943211195558,1.19834799208482,1.20565639668742,5,5,5
"16",1.31886841157517,0.53814574963494,0.346872805009857,0.444912886671464,1.91268950463299,0.213023830182361,1.23417539464888,1.23296408026155,1.24074662475609,5,5,5
"17",1.27329907512908,0.532082242217788,0.320539674281648,0.443196975962555,1.87302824036281,0.204399137016291,1.26664342015327,1.2653110613365,1.27345729722363,5,5,5
"18",1.23027659959921,0.526534947619623,0.296775958751289,0.441666594446393,1.8352197693542,0.196436454830005,1.29745447455012,1.29591603423,1.30435904629582,5,5,5
"19",1.18979597410226,0.521563992609074,0.27507421500018,0.440300971813585,1.79911543130423,0.189066439778582,1.32634200465236,1.32456081175427,1.33327435844538,5,5,5
"20",1.151505634802,0.517029450950014,0.255697591349131,0.439089291134177,1.7645750495334,0.18220368932394,1.35383547380765,1.35173781870627,1.36080481022088,5,5,5
"21",1.11520813727139,0.512855151950952,0.237895802896053,0.437995114054035,1.73147354332827,0.175840216961068,1.38013218885237,1.37760934700006,1.38704010932355,5,5,5
"22",1.08069252101476,0.508977007746515,0.221828837803767,0.437016180408676,1.69969808661305,0.169906639897348,1.40536126505262,1.4022306124507,1.41214060747698,5,5,5
"23",1.04799003208878,0.505401271003566,0.207014757961526,0.43612535948914,1.66916018560567,0.164370262220837,1.42932820566861,1.42556680340824,1.43597585156802,5,5,5
"24",1.01672012361834,0.502026582327063,0.193512655529907,0.435330211828849,1.63976521977753,0.159180561178678,1.45244386866127,1.44803504573702,1.4589765675259,5,5,5
"25",0.986925403802511,0.498858715309266,0.181203621424131,0.434611235560453,1.61143870716229,0.154295171245565,1.47463742145807,1.46966862719191,1.48106677891102,5,5,5
"26",0.958526396523781,0.495872758898124,0.16991911711901,0.433956830499425,1.5841149758642,0.149679505210211,1.49587038528274,1.49036645900048,1.50220875769909,5,5,5
"27",0.931468551410153,0.493095710940436,0.159446085294182,0.433355765701219,1.55773515690281,0.145315404266804,1.51617223801118,1.51020029404783,1.52238188271676,5,5,5
"28",0.905686262264291,0.490527137027843,0.149825870091345,0.432805860098574,1.53224739599235,0.141206144707416,1.53566516899856,1.52906229768503,1.54175570198288,5,5,5
"29",0.88103710349963,0.488134728664084,0.140981748072198,0.432302559638583,1.50760181571342,0.137316644504876,1.5542796091026,1.54707037901929,1.56019423282853,5,5,5
"30",0.857525505992221,0.485889046652347,0.132921260982988,0.431845419758307,1.48375518136181,0.133631609684283,1.57205024311519,1.56430456277043,1.57791286452489,5,5,5
"31",0.834945252640981,0.483759332487539,0.125533783960239,0.431432141417773,1.46066078813702,0.130127287046385,1.58924791131342,1.58103660262255,1.59505876140979,5,5,5
"32",0.813273939549428,0.481712754010642,0.118795801097115,0.43105835095422,1.43827863354636,0.126799385254214,1.60580670081644,1.59721209566783,1.61158901370251,5,5,5
"33",0.792480430718584,0.479801331471704,0.112601974834856,0.430715593936822,1.41657078116478,0.123635355269169,1.62195227788167,1.61302322010593,1.62770323114433,5,5,5
"34",0.772437688584911,0.478008139037965,0.106888528565747,0.430402198589082,1.39550085487393,0.120618929959001,1.63760926857974,1.62835877108285,1.64332388972756,5,5,5
"35",0.753120807148525,0.476314477604829,0.10162961785845,0.43011587948379,1.37503664292258,0.117744843162982,1.65281565996423,1.64332220602484,1.65849173283466,5,5,5
"36",0.734663747172394,0.474745159710362,0.0967812522020149,0.429853707296858,1.35515356207872,0.115002008855663,1.66747251897526,1.65766663492377,1.67314329506124,5,5,5
"37",0.716847753054491,0.473193247042725,0.0923889070567698,0.429616505098716,1.33582212538073,0.11237938697706,1.68188813473704,1.67177446446174,1.68744832336552,5,5,5
"38",0.699657141511457,0.471746258591811,0.0883782451762478,0.429400229868145,1.31701608753137,0.109868576222309,1.69585147367453,1.68541135646641,1.7012806847959,5,5,5
"39",0.683074420902468,0.470347941046006,0.0846616566174815,0.42920311863623,1.29871219214622,0.107462593359391,1.70952333449564,1.69875075971152,1.71470316125657,5,5,5
"40",0.667096207900855,0.469003775882937,0.0811768612581966,0.429023052405046,1.28088864516121,0.105150637048587,1.72283279224009,1.71177420883125,1.72771158493163,5,5,5
"41",0.651666981374664,0.467718129105713,0.0779746282660544,0.428856935936729,1.26352442051889,0.10292661696396,1.73578060156853,1.72450193586419,1.74039358712662,5,5,5
"42",0.636707525537728,0.466482880935177,0.0749951114636069,0.428701748747891,1.24659760254082,0.100791044156293,1.7484398969185,1.73696102803607,1.75284872735397,5,5,5
"43",0.622179515839459,0.46528760188966,0.0722110525452318,0.428562287238918,1.2300881384786,0.098729410309518,1.76085443591644,1.74915291897442,1.76505401521572,5,5,5
"44",0.608138793599784,0.464156968451356,0.0696266290331261,0.42843172851968,1.21397914011781,0.0967388688080931,1.7730561108839,1.76114482281248,1.77699412189074,5,5,5
"45",0.594555417214483,0.463049199773358,0.0672370721538978,0.428311190338865,1.19825459050466,0.0948178141520798,1.78502013866984,1.77280336890687,1.78878133028749,5,5,5
"46",0.581408789273142,0.462000081017408,0.0650154718141373,0.42819847071931,1.18289963765601,0.09296756221485,1.79673109197413,1.78425985379582,1.80030417881305,5,5,5
"47",0.568661366874593,0.461001550710801,0.0629448799318216,0.428093065734098,1.16789958023844,0.0911791865197219,1.80818113386216,1.79547230997411,1.81152487168655,5,5,5
"48",0.556321663907963,0.460036992907951,0.0610035972453424,0.427993433747661,1.15324153388777,0.0894496847119022,1.8193389219648,1.80640188642566,1.82246284280564,5,5,5
"49",0.544368032979885,0.459139583068723,0.0591704407916363,0.427899526740343,1.1389130298399,0.0877758622426329,1.83029668231211,1.81723666602489,1.8332251517984,5,5,5
"50",0.532707831751696,0.458259054479304,0.0574322058136313,0.427809408251457,1.12490063024037,0.0861595189350898,1.84085908785938,1.82773343517699,1.84368175599335,5,5,5
"51",0.521381490051484,0.457399084487355,0.0557779159741754,0.427723028377489,1.1111925363658,0.084594764695248,1.8513029775985,1.83811481024238,1.85398339051239,5,5,5
"52",0.510374507782304,0.456561570785579,0.054214824247455,0.427640423354492,1.09777755765185,0.0830760189871049,1.86151818037109,1.84826022014835,1.86408675777154,5,5,5
"53",0.499624541282976,0.455747867712253,0.0527420573594804,0.427563478108561,1.08464421066652,0.0816027747259016,1.87153772235934,1.85822338504796,1.87405558671091,5,5,5
"54",0.489247809846836,0.454960119660688,0.0513968597559961,0.427491922404803,1.07178452646141,0.0801770776628193,1.88128970559288,1.86785674628062,1.88376070628212,5,5,5
"55",0.479040168228704,0.454192602996069,0.0501590530324149,0.427424851049204,1.05918636230961,0.078794167061665,1.89102068163871,1.87750003011525,1.89348993913575,5,5,5
"56",0.469191808999305,0.453462681507733,0.0489598562202573,0.427361577533991,1.04684280095804,0.0774506512934234,1.90051571799716,1.88684419709367,1.90294592853311,5,5,5
"57",0.459612836321839,0.452750333156015,0.0478423504802858,0.427300344786041,1.03474575359445,0.0761443927853642,1.90990999884665,1.89608274225662,1.91228337684723,5,5,5
"58",0.450313083428707,0.45206798715206,0.0467655634393861,0.427242612339058,1.02288795388751,0.0748762525385037,1.91906083651111,1.90510615910504,1.92140822090188,5,5,5
"59",0.441320634874797,0.45141991581283,0.0457580175450133,0.427188707408879,1.0112630736266,0.073641215311086,1.92805997078809,1.91398171479115,1.93042656558034,5,5,5
"60",0.432532650981162,0.450811764358343,0.0448386013324091,0.427138264471236,0.999863165166704,0.0724400139086673,1.93696306108217,1.92279169090286,1.93928205665289,5,5,5
"61",0.424094000472976,0.450213310875614,0.0439524406249918,0.427090025629637,0.988683974134278,0.0712733528702139,1.94557976022673,1.93122776815179,1.94792553940684,5,5,5
"62",0.415872215018945,0.449642985976785,0.0431031706759043,0.427045190167927,0.977718638098039,0.0701372947486446,1.95403095815915,1.93957259796698,1.95640594562781,5,5,5
"63",0.407874304677119,0.449096672095031,0.0423377481156357,0.427003424329421,0.96696074514517,0.069029002365761,1.96236090250708,1.94779229618993,1.96473718374034,5,5,5
"64",0.400099881477633,0.448574401226352,0.0415800669331676,0.426963816307375,0.95640451735373,0.0679502469095824,1.97050245846535,1.95576834013235,1.97283045734666,5,5,5
"65",0.392524807575246,0.448050640301844,0.0409117938609231,0.426926077865855,0.946044090150541,0.0669004378386929,1.97851611494803,1.96365774991777,1.98083319122138,5,5,5
"66",0.385114610961182,0.447543259168281,0.0403280689897457,0.426891409316207,0.935873157017969,0.0658793587193443,1.98633686397057,1.97137102881189,1.98867667225607,5,5,5
"67",0.377875329935163,0.447037528464103,0.0397098295797923,0.426858960868184,0.925885758791434,0.064885219669068,1.99411112711346,1.97901936432386,1.99638987742835,5,5,5
"68",0.370876335260339,0.446560185204985,0.0392003984977053,0.426828045926999,0.916077943724877,0.0639171140199767,2.00166704302239,1.98646473833061,2.00390933562877,5,5,5
"69",0.363984888375284,0.446100524769072,0.0386984334659241,0.426798414134873,0.906443212568288,0.0629746257650323,2.00919384497976,1.99390651427812,2.01141025907118,5,5,5
"70",0.357271101232997,0.445644689248115,0.0382711244925624,0.426770384057791,0.896977107618443,0.0620565272870566,2.01650852277681,2.00113256257445,2.01867267631785,5,5,5
"71",0.35076720821773,0.445229315130472,0.0378262920710411,0.4267438157579,0.887675888160087,0.061161634444715,2.02376026840051,2.00828164527743,2.02592880644115,5,5,5
"72",0.344399872814206,0.444800526144985,0.037418087144288,0.426718559610102,0.878534751614642,0.0602866471479667,2.03084266249592,2.01528671336776,2.03297817366636,5,5,5
"73",0.338143343831702,0.444385960874619,0.037019742319923,0.426694329092439,0.869548453493226,0.0594333828154441,2.03785147750996,2.0222079798809,2.04000316129181,5,5,5
"74",0.332090216507856,0.443982226904399,0.0366560731792818,0.426670762126666,0.860714159095796,0.0585999735750563,2.04472221759855,2.02904437720574,2.04697032725515,5,5,5
"75",0.326177105846441,0.443613857003679,0.0363283629619744,0.426647478342205,0.852027835354001,0.0577860231300009,2.05138960040198,2.03566090972241,2.05368895253438,5,5,5
"76",0.320406133899213,0.443226603991372,0.0360084451140368,0.426625102955605,0.843485814351108,0.0569900438959396,2.05804898951827,2.042303486625,2.06044338357865,5,5,5
"77",0.314772382232567,0.442872346373714,0.0357035095874822,0.426604072621858,0.835084170190327,0.0562109132350558,2.06459836160691,2.04876903034924,2.06705917664078,5,5,5
"78",0.309241328566249,0.442503140853294,0.0353975319906128,0.426583701431547,0.826819195056806,0.0554495255168579,2.07099182378993,2.05514765391407,2.07361446746517,5,5,5
"79",0.303820495848004,0.442158663871541,0.0351498158165156,0.426564800303119,0.818686868231357,0.054706052451193,2.07735404271261,2.06149352511947,2.08008794870742,5,5,5
"80",0.298531359119098,0.441822229977743,0.034891400834179,0.426546911362186,0.810684391677267,0.0539791499035305,2.08358770992319,2.06769648814151,2.08642768168203,5,5,5
"81",0.29334878081943,0.441478632909732,0.0346226692048341,0.426530658492299,0.802808430496964,0.0532679147486318,2.08971354999354,2.07385267039028,2.09264377651717,5,5,5
"82",0.288291771418334,0.441168185591479,0.0343751553058002,0.426515053594394,0.795055578113887,0.052571619025652,2.09578420731249,2.0798964943848,2.09881468670287,5,5,5
"83",0.283306075068188,0.440843409393812,0.0341156825846428,0.426501071725616,0.787422695921938,0.051890528712089,2.10175276262819,2.08588150572176,2.1048450660778,5,5,5
"84",0.27847214203681,0.440542724362566,0.033888566627409,0.42648782344289,0.77990701701627,0.0512227245704501,2.10768982547153,2.09184568204712,2.1108645581345,5,5,5
"85",0.273746671427862,0.440256295027521,0.0336466947491438,0.426474331343235,0.77250621951123,0.0505692498796302,2.11351508039616,2.09766579290198,2.11679582736287,5,5,5
"86",0.269113581649131,0.439956410977889,0.033473082833294,0.426461758418106,0.765216980932794,0.0499283854255042,2.11932248825043,2.1035585949615,2.1226979110969,5,5,5
"87",0.264604468439008,0.439677958509418,0.0332600545803975,0.426450022230989,0.758037360115699,0.0492992324960477,2.12501692201449,2.10924475479491,2.12849183175299,5,5,5
"88",0.260195013512998,0.439405523787344,0.0331145205697191,0.426438661182586,0.750964838760743,0.0486828628415232,2.13060143322863,2.11495718992102,2.13424756488115,5,5,5
"89",0.255877201588287,0.439134629406731,0.0329407843285275,0.426427259367609,0.743996836821377,0.0480779674115528,2.13618890717905,2.12053973960127,2.13995574857186,5,5,5
"90",0.251658076052977,0.438864655832003,0.0327813428065671,0.426416880717011,0.737131113043076,0.0474839306314162,2.1416983830346,2.12613419837897,2.14557734834557,5,5,5
"91",0.247544894661193,0.438615745689992,0.0326254504573451,0.426407139876503,0.730365377748593,0.0469024200034756,2.14715030731239,2.13160863261626,2.15119729557022,5,5,5
"92",0.2435278003368,0.438350209388521,0.0325134247375833,0.426398461024295,0.723697924193639,0.0463316368849661,2.15244663502645,2.13697209689614,2.15666168422159,5,5,5
"93",0.239583351770592,0.438118694918305,0.0324466467945459,0.426389531379616,0.717126236448835,0.0457718033969584,2.15778026647016,2.14230874540103,2.1621058879515,5,5,5
"94",0.235753830958187,0.437874362714471,0.0323452360672858,0.426381231417589,0.710648747009661,0.0452222460979479,2.16299923917439,2.14754105592974,2.16748182956853,5,5,5
"95",0.231988542811131,0.437637600993267,0.0322698040065284,0.426373652804886,0.704263297057597,0.0446831676476591,2.16815528509729,2.15269080435944,2.17277140831599,5,5,5
"96",0.228309647813066,0.437433857062199,0.0321852535790679,0.42636682332598,0.697968058862901,0.0441552311300767,2.17330071440912,2.15784107816425,2.17804036015991,5,5,5
"97",0.224680260053337,0.437218784551697,0.0321374272998853,0.426359469136588,0.691760729574234,0.0436378712863521,2.17835360359881,2.16287381207964,2.18320815732443,5,5,5
"98",0.221122732610424,0.437012091806626,0.0320690291203646,0.426353150777668,0.685639533153749,0.0431306859359596,2.18332526107763,2.16786714120015,2.18833983406749,5,5,5
"99",0.217638439642054,0.436797356212106,0.0320013597410303,0.426346484975309,0.679602780244238,0.0426342610933279,2.18828438264473,2.17275269284568,2.19338634255506,5,5,5
"100",0.214205530705726,0.436593643914651,0.0319430096082895,0.42634058057838,0.673648442849453,0.042145675172364,2.1931809470174,2.17765294050792,2.19840977580454,5,5,5
"101",0.210829557260213,0.436385725340173,0.0319081724370858,0.426334604234644,0.667774569246534,0.0416656292903144,2.19798170359967,2.18247796680733,2.20338159164514,5,5,5
"102",0.207529451265602,0.436182253416715,0.031865845426466,0.426329322383005,0.661979790689997,0.0411952578718001,2.20278881117014,2.18720850629024,2.20826160789666,5,5,5
"103",0.204298478541865,0.435978867201204,0.0318081642880979,0.426323618647082,0.656262561532956,0.0407341136366005,2.2075142790298,2.19193619856567,2.21314374834836,5,5,5
"104",0.201133717029813,0.435801820924553,0.0317726294625574,0.42631871367237,0.650621421340558,0.040281974091509,2.2121788166762,2.19658558421767,2.21787841526316,5,5,5
"105",0.198015321567148,0.435608239598534,0.0317388750205912,0.426313074444874,0.645054769965054,0.0398374191217924,2.21679357170969,2.20119974941418,2.22260221030406,5,5,5
"106",0.195004466425044,0.43543522678684,0.0316627107887492,0.426308046247365,0.639561537232298,0.0393998297532888,2.22133334412647,2.20574554245603,2.22727299670385,5,5,5
"107",0.192020697583807,0.435260624583822,0.031627517665582,0.426303034249355,0.634140100283443,0.0389689123881757,2.22577439383978,2.21022724925848,2.23183634499262,5,5,5
"108",0.189115463910378,0.435087784785596,0.031586002642378,0.426298077409211,0.628789377792649,0.038545749927162,2.23017916484671,2.21462259767834,2.23634374121451,5,5,5
"109",0.186271273149735,0.434922133910726,0.0315995628659057,0.426293813110044,0.623507870263298,0.0381301239535665,2.23454501687912,2.21897222230633,2.24082655067428,5,5,5
"110",0.183472374008317,0.434754035848751,0.0315419496296249,0.426288915130303,0.618294479069951,0.0377204369918029,2.23882935038482,2.22330711310093,2.24524907287674,5,5,5
"111",0.180746977610775,0.434605834762402,0.031582009566867,0.426284974769947,0.613147838822474,0.0373171405376376,2.24309053603333,2.22750875149977,2.24960129631831,5,5,5
"112",0.17807296876164,0.434438539548132,0.0315599156944247,0.426280865206604,0.608066948202307,0.0369197778586055,2.24730851957557,2.23173617761768,2.25393036499323,5,5,5
"113",0.175434060269409,0.434289173899243,0.0315532210004406,0.426276674203978,0.603050189276875,0.0365281495897744,2.25148918829077,2.23590839179364,2.25821063544956,5,5,5
"114",0.172864089161646,0.434138943762505,0.0315419484258146,0.426273180347056,0.598096742046066,0.0361422677703937,2.25562223134185,2.23999901103389,2.26243045577004,5,5,5
"115",0.170341160015845,0.433989782517047,0.0315743254051654,0.426269701518519,0.593205436197981,0.0357629885945677,2.25967779989745,2.24406181660082,2.26660177388652,5,5,5
"116",0.167846755516663,0.433840645941847,0.0315397075028497,0.426266405000414,0.588374826322475,0.0353898619325619,2.26374939706762,2.24807919661504,2.27078410203111,5,5,5
"117",0.165429833488981,0.433706202272644,0.0315444903172446,0.426263490212969,0.583604182619126,0.0350233258493853,2.26769899735607,2.25201932659198,2.27484092013241,5,5,5
"118",0.163026072619637,0.433563238595388,0.0315892489151021,0.426260049494697,0.578892129322164,0.0346630303791706,2.27165344614326,2.25594182100683,2.27890589643542,5,5,5
"119",0.160686188558893,0.433435186898032,0.0315974855456634,0.426256998154762,0.574237680537586,0.034307316288657,2.27555797697485,2.25980769565391,2.28293496189538,5,5,5
"120",0.15837786263336,0.433298462276344,0.0315880970542783,0.426254247605819,0.569639856744079,0.0339571628269468,2.27942215848671,2.26366347716385,2.28691331257069,5,5,5
"121",0.156118364067522,0.433174331913114,0.0316022435599769,0.426251176460107,0.565097604228736,0.0336129873215139,2.28328366439689,2.26745666966454,2.29088352041439,5,5,5
"122",0.153891840077668,0.433051221649527,0.0316117106014707,0.426248125100384,0.560609935351298,0.033273810453195,2.28704649470073,2.27122148150332,2.29477362725384,5,5,5
"123",0.151717693524183,0.432926263560096,0.0316604389101875,0.426245717322804,0.556175911661352,0.0329388585575425,2.2908559501882,2.27498348780728,2.29870674007446,5,5,5
"124",0.149575767511687,0.432810908553571,0.0316488175843694,0.426243758960892,0.551794582685229,0.0326092375482322,2.29460919405281,2.27869960101709,2.30252093987471,5,5,5
"125",0.147473078270505,0.432686529964448,0.0316793616201067,0.426241075403623,0.547465082011381,0.0322848331597964,2.29827421347973,2.28233522360062,2.30630584137969,5,5,5
"126",0.145423050330116,0.432564709311444,0.031696192715942,0.426238929320684,0.543186626599306,0.0319646681388353,2.30197703914929,2.28597704076076,2.31008562036212,5,5,5
"127",0.143406813307696,0.432454775680985,0.0317315743518326,0.426238043580741,0.538958324386791,0.0316488872583045,2.30561708714203,2.28958611455746,2.31381818551217,5,5,5
"128",0.141442778382001,0.432341470081316,0.0317178754172733,0.426234391117368,0.534779373129495,0.0313382205542169,2.30929518429898,2.29316742570222,2.31756670254257,5,5,5
"129",0.139517019188941,0.432224820243815,0.031775789754138,0.42623333213498,0.530649046679696,0.0310324765526813,2.31289575910022,2.29672013396424,2.32124981339285,5,5,5
"130",0.137602938176072,0.432122129571026,0.0317638544471211,0.426231561187034,0.52656632305234,0.0307309899871248,2.31647954216901,2.30021400118152,2.32488236605692,5,5,5
"131",0.13575552819147,0.432020604064176,0.0317772500903589,0.426229889761731,0.522530600430211,0.0304342072976121,2.32010478262051,2.30376455951933,2.32857796081368,5,5,5
"132",0.133931676254329,0.43191278839791,0.0317765829263702,0.426227468815468,0.518541143212642,0.0301414181741931,2.32364882677208,2.30726005698275,2.33223465102366,5,5,5
"133",0.132157180594091,0.431820281639357,0.0318328745262094,0.426226159085769,0.514597363783285,0.0298527292214588,2.32712833075107,2.31065782440988,2.33577364610518,5,5,5
"134",0.130393155644397,0.431710349921687,0.0318125045171389,0.426225247603075,0.510698281195742,0.0295682649201184,2.33060243385118,2.3140839263689,2.33936104947497,5,5,5
"135",0.128685875015475,0.431622382427973,0.031850801273093,0.426223317955262,0.506843513621999,0.029287057697378,2.33405875274643,2.31746845019755,2.34287385794016,5,5,5
"136",0.127004280462849,0.431517063536162,0.0318582921739006,0.426222627721665,0.503032288035826,0.0290097686542152,2.33748762647571,2.32083539664066,2.34638458194366,5,5,5
"137",0.125360235186568,0.431429415764089,0.0318903015574392,0.426221230407478,0.499264117755689,0.0287363790219383,2.34079155512212,2.32414752545132,2.34975965495191,5,5,5
"138",0.12375922037986,0.431343662800486,0.0319040491333793,0.426219567335058,0.495538355953244,0.0284665251407784,2.34413732942844,2.32737071531831,2.35316973006652,5,5,5
"139",0.122188644461303,0.431261889527335,0.03193919685507,0.426217373073004,0.491854342716145,0.0282000026533989,2.34738689838314,2.33062045630579,2.35653444965652,5,5,5
"140",0.120647801329403,0.43116461731678,0.0319259763146631,0.426216466353312,0.488211570505931,0.0279369005397933,2.35059429927171,2.33376398602536,2.35976533625902,5,5,5
"141",0.119130973179454,0.431094396922567,0.0319638740950542,0.426215371705803,0.484609235842759,0.027677314845191,2.3537855697417,2.33694161267403,2.36306574928512,5,5,5
"142",0.117634145898028,0.431001321608827,0.0319452676961059,0.426214654133437,0.481046644178392,0.02742110182192,2.35695900623226,2.34004534099537,2.36626926949852,5,5,5
"143",0.116188763674816,0.430920557171218,0.0319882671913254,0.426213618850498,0.477523398937286,0.0271687787581266,2.36007041398194,2.34311193593063,2.36944529327591,5,5,5
"144",0.114745355448297,0.430843998327974,0.03199230880462,0.426212198307895,0.474038667328247,0.0269203519386865,2.36317452031312,2.34617872560194,2.37261223965451,5,5,5
"145",0.113338424345368,0.430767372481526,0.032047770059321,0.426210237919991,0.47059191167178,0.0266752473092275,2.36627955892759,2.34925007670474,2.37576945766588,5,5,5
"146",0.111971711366773,0.430691470063299,0.0320792153369439,0.426209799132941,0.467182737554005,0.026433255383578,2.36927264324948,2.35220386828942,2.37883200334197,5,5,5
"147",0.110604666367799,0.430615680027616,0.0321311058870239,0.426208079302918,0.463810376032422,0.0261948542136593,2.37230539541681,2.35519226205235,2.3819145424464,5,5,5
"148",0.109279113903706,0.430550611683917,0.0321304019661196,0.426207418776436,0.460474423507497,0.0259599701042278,2.37523666795644,2.35810941115206,2.38493432635245,5,5,5
"149",0.107956634054267,0.430478479819545,0.032163858156262,0.426206912343848,0.457174145024796,0.0257290356117016,2.37822055018835,2.36110818176337,2.38798268681251,5,5,5
"150",0.106694116984621,0.43040562012303,0.0322064032446775,0.426206359789657,0.45390943047764,0.0255012069942009,2.3810711415133,2.36393440765774,2.3909113414639,5,5,5
"151",0.105423342151295,0.430336951546299,0.0322416797417397,0.426205929497136,0.450679411127273,0.0252764939835191,2.38395880895117,2.36681643667323,2.39385655900432,5,5,5
"152",0.104197326131024,0.430273032769569,0.0322525394885946,0.42620451342133,0.447483922305212,0.0250549573534631,2.38674208439141,2.36961301694259,2.39671453200628,5,5,5
"153",0.102975233619802,0.430194133412031,0.0323454501013686,0.42620306862858,0.444322263859634,0.0248361178151866,2.38954506710252,2.37237466503117,2.39956575213052,5,5,5
"154",0.101788350407401,0.430133291522337,0.0323203746617484,0.426201371024917,0.441193916047125,0.0246204500621912,2.3923081710831,2.37518330102777,2.40244960213099,5,5,5
"155",0.100626943729686,0.430066610776237,0.032346080723657,0.426200490850179,0.438098620787886,0.0244076067886901,2.3950412488446,2.37787354582708,2.40522125465236,5,5,5
"156",0.0994950136548054,0.430014482852308,0.0324362040891639,0.426199905273744,0.435035806973926,0.0241974613500558,2.39775442953176,2.38057353581732,2.40803250486093,5,5,5
"157",0.0983683740043203,0.429958492509606,0.0324441072842183,0.426199050856931,0.432004990865262,0.0239900964750893,2.40046988102392,2.38329826111126,2.4108041322436,5,5,5
"158",0.0972883177395218,0.429887700500616,0.0324411535505467,0.426198258440853,0.429005831679891,0.0237851674948181,2.40314749923926,2.3859572538729,2.41354742913454,5,5,5
"159",0.0962183635019709,0.429836541396328,0.0324635291691947,0.426198424819704,0.426037854530854,0.0235833560713762,2.40580944701239,2.38860845190812,2.41627950371228,5,5,5
"160",0.0951721725464252,0.429775675831345,0.0325071516005738,0.426197799630776,0.423100593798325,0.0233842714669077,2.40844974316535,2.39124303389162,2.41899962880603,5,5,5
"161",0.0941640326987171,0.429734838294173,0.0325439998858373,0.426197291701259,0.420193811338366,0.0231880810487864,2.41106815399521,2.39382588006982,2.4216874339442,5,5,5
"162",0.0931649449935861,0.429674659797862,0.0325602251105776,0.426196416770239,0.417317001363247,0.0229942390172784,2.41366098496356,2.3963804450802,2.42434068379241,5,5,5
"163",0.0921956612479555,0.429616613854839,0.0325512203450138,0.426197207809379,0.414469759396461,0.022802841903074,2.4162586109975,2.39895040283183,2.4270156705592,5,5,5
"164",0.0912352503753563,0.42957273638557,0.0326199644225166,0.426196815813076,0.411651740823121,0.0226143142366505,2.41876656653175,2.40144440156041,2.42956343486682,5,5,5
"165",0.0902932138544124,0.429509744377822,0.0326039846434168,0.426196767339412,0.40886239963366,0.022428009569023,2.42134597302821,2.40396257635494,2.43222031411578,5,5,5
"166",0.0893758776729655,0.429474018036279,0.0326438398121736,0.426195502384145,0.406101478441576,0.0222441146986481,2.42375555532697,2.40641044898977,2.43473206897543,5,5,5
"167",0.0884655818374599,0.429414500208637,0.032674850682707,0.426194236590139,0.403368472259681,0.0220623132847896,2.42626806145857,2.40885302897971,2.43727495073471,5,5,5
"168",0.0875885180568116,0.429377795777534,0.0326992457536477,0.426193219041004,0.40066315139395,0.0218826371322544,2.42869152840087,2.41127891115837,2.43976796301586,5,5,5
"169",0.0867094998198816,0.429322746539276,0.0326828624359558,0.42619256443102,0.397984975257392,0.0217048432828802,2.43110801829435,2.41366402100365,2.44224127692368,5,5,5
"170",0.0858488573113687,0.429280822461424,0.0327371128930131,0.426191995492595,0.395333693062674,0.021528983352162,2.43342020091402,2.41599817092035,2.44467987571651,5,5,5
"171",0.0850050241528876,0.429235055904853,0.0326815405059529,0.426191934654618,0.392708916718193,0.0213551702545777,2.4358315440004,2.41834864922012,2.44710459134138,5,5,5
"172",0.0841734588933445,0.429202448708558,0.0327374829495579,0.426192059536882,0.390110263644419,0.0211835791597924,2.43813343744443,2.42066079759394,2.44949706295856,5,5,5
"173",0.0833689165618998,0.429151004523169,0.032746361089915,0.426192214373316,0.387537501451182,0.0210140797417113,2.44044161186155,2.42296559040712,2.45187614470568,5,5,5
"174",0.0825599973070044,0.429109748281022,0.0327818012373691,0.426191440375116,0.384990168920694,0.0208465651000736,2.44275722122884,2.425250504652,2.45426658541441,5,5,5
"175",0.0817761912535238,0.429063384722821,0.0328170030581538,0.426191865227959,0.382468103799844,0.0206812163286138,2.44500459346399,2.42752161530535,2.45656115836791,5,5,5
"176",0.0809966749471652,0.429031493611522,0.0328197039735208,0.426190567852944,0.37997074494322,0.0205181678203641,2.44725833999205,2.42979041042604,2.4589289240353,5,5,5
"177",0.0802370427443737,0.428981827357033,0.0328251795326223,0.426189672558742,0.377497870700522,0.0203567729197635,2.449467399195,2.43201980365441,2.46119764141566,5,5,5
"178",0.0794807663798116,0.428946213367992,0.0328411118534591,0.426189877147348,0.375049080863419,0.020197634977594,2.45163888964943,2.43422853429318,2.46350876743625,5,5,5
"179",0.0787391124682736,0.428903681626318,0.0328716165849172,0.426189549591447,0.37262410596114,0.0200402005412447,2.4538424237672,2.43650081009594,2.46580074456663,5,5,5
"180",0.0780131200081247,0.428859630264346,0.0328796358276509,0.426189651708832,0.3702226228867,0.0198843291268839,2.45596523356379,2.43865983013163,2.46806701582696,5,5,5
"181",0.0772916100227755,0.428830906364069,0.0328983989939152,0.42618890426982,0.367844310598904,0.0197302044669035,2.45807539532424,2.44081818933422,2.47027118753916,5,5,5
"182",0.076590315432414,0.428786597447017,0.0329227230115236,0.426188987979022,0.365488869762774,0.0195779257454705,2.46016545538592,2.44293970993286,2.47250552203277,5,5,5
"183",0.0758997021452164,0.428759944989046,0.0329522450077366,0.42618888389205,0.363156044942461,0.0194273330272859,2.46220935308737,2.44500334527901,2.47466516330449,5,5,5
"184",0.0752276152695247,0.428726604414179,0.0329587709407187,0.426188494948506,0.360845590902102,0.0192787377613108,2.46420916544254,2.4470623763553,2.47682806996104,5,5,5
"185",0.0745549523827135,0.428694384973239,0.0329470452830273,0.426188168783602,0.358557160555132,0.0191320340138059,2.46620998610784,2.4490578419718,2.4789726056972,5,5,5
"186",0.0739010206593696,0.428657865241268,0.0329814654338903,0.426188498835625,0.356290581388072,0.0189873577158501,2.46817386584031,2.45107421229273,2.48109024405389,5,5,5
"187",0.0732618826477168,0.428630102124011,0.0329658675223746,0.426187889967147,0.354045531785913,0.0188447266530286,2.47011569119077,2.45305621724019,2.48320189304546,5,5,5
"188",0.0726207784607705,0.428604133561269,0.0329875548997646,0.426188074463627,0.351821726953755,0.0187036725718027,2.47204655034081,2.45498991008645,2.48529857011944,5,5,5
"189",0.0719941868402853,0.428561227534228,0.0329953814978965,0.426186759494912,0.349618836109685,0.0185638556353732,2.47395362829096,2.45694916607133,2.48736786191609,5,5,5
"190",0.0713804825923682,0.428533587622351,0.0329799337233421,0.426186587917663,0.347436767608757,0.0184255796700236,2.47581113635178,2.45883624951437,2.48938751311519,5,5,5
"191",0.0707738682628543,0.428506397838526,0.0330397512248266,0.426185686897508,0.345275135450837,0.0182891898919383,2.47770765474037,2.46074648948575,2.49140922521735,5,5,5
"192",0.070176242593157,0.428479093607566,0.0330262091821013,0.426186130190096,0.343133746728417,0.0181544125229988,2.47954054604736,2.46256857817249,2.49339010777824,5,5,5
"193",0.0695918694233438,0.428452765724442,0.0330398018829241,0.426185553640862,0.3410122899436,0.0180209668439499,2.4813664729915,2.46442629758089,2.49537495313305,5,5,5
"194",0.069007455141848,0.428415683566271,0.0330641738554304,0.426185692422802,0.3389105168619,0.0178887962016679,2.48319058977483,2.46626981834465,2.49735151081081,5,5,5
"195",0.0684415621345685,0.428379699787852,0.0330980151644984,0.426185457344047,0.336828180191988,0.0177579407183355,2.484999157111,2.46807592271746,2.49926153564743,5,5,5
"196",0.0678820607208383,0.428356828137222,0.0330956214393554,0.426185799852229,0.33476504443273,0.0176285008706323,2.48682178191735,2.46990427740132,2.50120471741588,5,5,5
"197",0.067332019867434,0.42832889122253,0.0331480938284093,0.426185925978907,0.332720879555364,0.017500305931304,2.48855512416911,2.47164797809859,2.50311759451343,5,5,5
"198",0.0667993976160314,0.428302068877791,0.0330939463818084,0.426186194125442,0.330695490242253,0.017373471233206,2.49037376787617,2.473445791284,2.50499137774093,5,5,5
"199",0.0662630021874818,0.428272758233405,0.0331117500970697,0.426185733295383,0.328688568754618,0.0172482083136915,2.49211329585917,2.47519541373343,2.50687171453535,5,5,5
"200",0.0657490804225388,0.428247371910979,0.0331225308975863,0.426185933877834,0.326699919309258,0.0171242288780517,2.49385195192882,2.47692988704116,2.50875177935753,5,5,5
"201",0.0652371536508803,0.42822439989975,0.033100022384028,0.426185975276942,0.324729335245812,0.0170013920186433,2.49557042222026,2.47865858630404,2.51058009836541,5,5,5
"202",0.0647382479168241,0.428194919646535,0.0331653392969471,0.42618567946674,0.32277663705996,0.0168799241032649,2.4972954291795,2.48039385423009,2.5124358976303,5,5,5
"203",0.0642397042780368,0.428174406411929,0.0331198835843335,0.426185002884115,0.320841559096946,0.0167601093622132,2.4989901454703,2.48208037565484,2.51422663058676,5,5,5
"204",0.0637612773762646,0.428143803389662,0.0331660890800761,0.426186347292726,0.318923904412257,0.0166417765635715,2.5007043571325,2.48381767713282,2.51609963206992,5,5,5
"205",0.0632833379090814,0.428121583081702,0.0331587874712119,0.426185385931073,0.317023458806832,0.0165247841397917,2.50235518843177,2.48549270255503,2.5178993174122,5,5,5
"206",0.0628060950252217,0.428095333615839,0.0332106480260399,0.42618557641124,0.315139938237111,0.0164093277065974,2.5040308090684,2.48717524813472,2.51969370919012,5,5,5
"207",0.0623440178630056,0.428076549932883,0.0331923534525845,0.426183964511512,0.313273155104927,0.0162949061415118,2.50571543492494,2.48888771805199,2.52150187500046,5,5,5
"208",0.0618870649705648,0.428048555413464,0.0332302801598932,0.426183729078365,0.311422926658743,0.0161815671073265,2.50731537366481,2.49049302388331,2.52326360556202,5,5,5
"209",0.0614424691532532,0.428035574508134,0.033244345299186,0.426183403974717,0.309589057456717,0.0160694296719978,2.50894453378066,2.49216799731008,2.52502009963752,5,5,5
"210",0.0609910127554528,0.427999870361963,0.0332057878659594,0.426183222139397,0.307771287899537,0.0159582593751911,2.51059349086197,2.49383735720869,2.52675416678787,5,5,5
"211",0.0605499175940785,0.42798233271782,0.0332720259808242,0.426183743111814,0.305969443348757,0.0158481794260697,2.51213918590098,2.4954188374065,2.5284617218098,5,5,5
"212",0.0601217512852496,0.42795617402975,0.0332408305636986,0.426184117672219,0.304183324717181,0.0157390527850277,2.513719510996,2.4970329803799,2.53018429848328,5,5,5
"213",0.0596926559087817,0.427934596762953,0.0332483013124561,0.426184022122246,0.30241271025089,0.0156309604347659,2.51526860403164,2.49865208780803,2.53186393056713,5,5,5
"214",0.0592697958843224,0.427919237712058,0.0332613562301245,0.426184071977448,0.300657463990324,0.0155239700230558,2.51680148687999,2.50020753452784,2.53351748025816,5,5,5
"215",0.0588567018409756,0.427891244523344,0.033294979662466,0.426182837032827,0.298917348371362,0.0154180828750554,2.51830224627673,2.50179351986331,2.53516971502758,5,5,5
"216",0.0584463959011235,0.427875624518689,0.0332918587589542,0.426182750817621,0.297192229655549,0.0153133470570154,2.51980840732621,2.50330302687265,2.53677518400584,5,5,5
"217",0.0580365727004016,0.427845097216261,0.0333050904411058,0.426183085551804,0.295481797955316,0.0152096097102428,2.52128633111419,2.50489827851017,2.53840720244118,5,5,5
"218",0.0576362230975492,0.427827255836385,0.0332758744658257,0.426183794841976,0.293785963258334,0.0151067273997988,2.52278066550798,2.50642734767496,2.54001875224571,5,5,5
"219",0.0572428882363664,0.427811413617021,0.0333384185307401,0.426183116811449,0.292104540699582,0.0150048674863068,2.52422889596105,2.50794501147476,2.54158128516757,5,5,5
"220",0.0568512197773572,0.427793726823546,0.0333317563604883,0.426183356221152,0.290437292132461,0.0149040542494244,2.52571136231134,2.50948481827167,2.5431720416906,5,5,5
"221",0.0564623153083595,0.427771689163812,0.0333262664467342,0.426183135534017,0.288784076191305,0.014804017365828,2.52713850429318,2.51098408632673,2.54471331167992,5,5,5
"222",0.0560749587162767,0.427744208137865,0.0333341959516234,0.426183782328865,0.287144713206095,0.0147049712672374,2.52860303388223,2.5124925562673,2.54627765452823,5,5,5
"223",0.0557017527292067,0.427730596467437,0.0334022018105824,0.426182677226227,0.285519070972263,0.0146070732584395,2.5299866261839,2.51396088903012,2.54776567136585,5,5,5
"224",0.0553286546573899,0.427706751160411,0.0333675658591316,0.426182872523622,0.28390691133061,0.0145106580973517,2.5314382443632,2.51544093729537,2.54933566756624,5,5,5
"225",0.0549571657856298,0.427692676589701,0.0333776029791009,0.426182367183622,0.282308063653297,0.0144152466302517,2.53282431805801,2.51692200946822,2.55082835077047,5,5,5
"226",0.0545907084290715,0.427664214294582,0.0333660095601414,0.426182534697402,0.280722428414289,0.0143204679455896,2.53426344437341,2.51837124340635,2.55234658908383,5,5,5
"227",0.0542330644980388,0.427651038023451,0.0333688831632796,0.426182236855006,0.279149824612335,0.0142264937010093,2.53557930962085,2.51980654203793,2.5538115196106,5,5,5
"228",0.0538793369119615,0.427632281303605,0.0334000134116853,0.426182926291466,0.277590115136664,0.0141334518387868,2.53697946594755,2.52127149136112,2.55528310961045,5,5,5
"229",0.0535353176604731,0.427610647337229,0.0333459416840059,0.426182523984341,0.276043199185514,0.0140411657138677,2.53833259650904,2.52268855977952,2.55672332800801,5,5,5
"230",0.0531908760518325,0.427593508779533,0.0333973766891912,0.426181898035639,0.274508834171894,0.0139495786844174,2.53970037102155,2.52413830790915,2.5582074347448,5,5,5
"231",0.0528569066307333,0.427577352648276,0.0334289030237608,0.426182720075364,0.272986937912426,0.013858799442082,2.5410007227652,2.52551898162552,2.55959582651194,5,5,5
"232",0.0525255756530233,0.427564380085101,0.0333961909911602,0.426182903637855,0.271477415958314,0.0137690783582882,2.54235598975373,2.52696367048275,2.56104155667286,5,5,5
"233",0.0521937640711856,0.427549435418534,0.0334332769458086,0.426182006297812,0.269980013952714,0.0136800855411944,2.5436528096305,2.52833307460217,2.5624456073938,5,5,5
"234",0.0518734687296593,0.427523668593369,0.0334449522479467,0.426181949076326,0.268494716286418,0.0135916885701311,2.54500250077818,2.52974576329624,2.56387861679676,5,5,5
"235",0.051560338682695,0.427525066488813,0.0334262655484286,0.426181860200878,0.267021334924324,0.0135043703773782,2.54626705196276,2.53109831190442,2.56524419346268,5,5,5
"236",0.0512563415142354,0.427486913053532,0.0334482055836461,0.426182419261952,0.265559809605216,0.0134178234971249,2.54756626939639,2.53248137120747,2.56661746074721,5,5,5
"237",0.0509445553042859,0.427480407182398,0.033458766797054,0.426181475944701,0.26410994665867,0.0133320892021083,2.54883225841897,2.53385598126028,2.56801502362337,5,5,5
"238",0.0506504238882915,0.427463229582866,0.0334697849070539,0.426181620959114,0.262671623392249,0.0132472964555279,2.55014989208952,2.53524179013153,2.569383307602,5,5,5
"239",0.0503550325308957,0.427447881549003,0.03348318736074,0.426182642959942,0.26124474517995,0.0131631683016284,2.5513693001153,2.53658479852948,2.57071457953205,5,5,5
"240",0.0500662501877794,0.427430420353723,0.033521853641989,0.426182744112624,0.259829171788501,0.0130799177255705,2.55264699647099,2.53794094369742,2.57209293982236,5,5,5
"241",0.0497798632868219,0.427420388702106,0.0335234394788512,0.426182383373762,0.258424837471432,0.0129975614972215,2.55381516745816,2.53922462824342,2.5733378032633,5,5,5
"242",0.0494984440759515,0.427401302414689,0.03347911145106,0.426182199824968,0.257031548990963,0.0129160027234158,2.55509673997855,2.54058086394203,2.57468080093494,5,5,5
"243",0.0492193690585411,0.427386639004634,0.0335427711965397,0.426181617659677,0.255649215915207,0.0128350869224723,2.55630933495697,2.54190060685487,2.57597627624591,5,5,5
"244",0.0489497689006488,0.427372749935501,0.0335289070085243,0.426181758685834,0.2542777495487,0.0127550163776162,2.55749193503801,2.54319761509681,2.57726522563101,5,5,5
"245",0.048678275917093,0.427357287822517,0.033542132054368,0.426181461069283,0.252916954325534,0.0126756218989705,2.55872875311251,2.54452394313385,2.57853915160062,5,5,5
"246",0.0484156725045573,0.427335951876107,0.0335253885348736,0.426182483346736,0.251566755578309,0.0125969407608077,2.55995531862607,2.54585463697738,2.57984656401788,5,5,5
"247",0.0481441667771812,0.427330521777378,0.0335455185235798,0.426182170279958,0.250226988147634,0.0125192598697904,2.5611597604797,2.54714162922619,2.58112032395703,5,5,5
"248",0.0478904645509955,0.427309390750028,0.0335254686025286,0.426183841403727,0.24889755445297,0.0124424602652642,2.56237560320259,2.54845105919907,2.58240793764742,5,5,5
"249",0.0476399816897801,0.427301306977403,0.0335324963688109,0.426183109554989,0.247578381385142,0.0123663841333718,2.56354674403343,2.54971461847458,2.58364895284041,5,5,5
"250",0.0473830744053642,0.427285651769147,0.0335466436377307,0.426183118915456,0.246269304936812,0.0122909422093344,2.56476432890276,2.55101628372338,2.58490800232019,5,5,5
"251",0.0471366145071062,0.427276731092447,0.0335575553874856,0.426182221695369,0.244970224461565,0.0122162332963591,2.56598253144715,2.55230793288478,2.58618016173187,5,5,5
"252",0.0468927828535944,0.42726144997402,0.0335876177930864,0.42618265117206,0.243681040294022,0.0121421595639569,2.56715103533926,2.55357834331701,2.58740977649307,5,5,5
"253",0.0466500827738999,0.427250067628978,0.0335995612096218,0.426181802897525,0.242401632077635,0.0120687040990378,2.56834656723232,2.55481034976716,2.58863872699287,5,5,5
"254",0.0464165833674351,0.427231524432726,0.0335596639217603,0.426181557321891,0.241131910245373,0.0119957595845784,2.56953402012171,2.55610480921328,2.58990676760805,5,5,5
"255",0.0461777905940465,0.427222155980939,0.033609870505904,0.426181841967944,0.239871793710287,0.0119233590686706,2.57070469543757,2.55731318845183,2.59107726267582,5,5,5
"256",0.0459434741612846,0.427210014381791,0.0335652724570825,0.426181761405023,0.238621156043907,0.0118516556277694,2.57186390151378,2.55856037491001,2.59229978037789,5,5,5
"257",0.0457089875050975,0.427205970357429,0.0336119636200805,0.426181619080545,0.237379901056708,0.0117805926418585,2.57297959802751,2.55971562334111,2.5934882781546,5,5,5
"258",0.0454882684993473,0.427188067081654,0.0335954700313616,0.426182295276648,0.236147985732048,0.0117100288254754,2.5741566203572,2.56096288033328,2.59468790089273,5,5,5
"259",0.0452582987281603,0.427169923486155,0.0336623437251071,0.426182188103899,0.234925247830465,0.0116399439221943,2.57526368243743,2.56211240373903,2.59584510451619,5,5,5
"260",0.0450450444131771,0.427164319784546,0.0336381511957211,0.426182870011409,0.233711659441045,0.0115704487879583,2.5764360163908,2.56333291292304,2.59706127571425,5,5,5
"261",0.0448158031832005,0.427151458218269,0.0336794368261712,0.426182663122033,0.232507046552002,0.0115014535268145,2.57750937847428,2.5644570877818,2.59817134741119,5,5,5
"262",0.0446085717126943,0.427143556442268,0.033691672452734,0.426183296090169,0.23131139628097,0.0114331862721956,2.57863144398716,2.56561469358798,2.59934689690119,5,5,5
"263",0.0443929327057172,0.427130191804203,0.0337483774076181,0.426182133733999,0.230124604581145,0.0113656223651187,2.57968580895086,2.56673327283508,2.60045533259177,5,5,5
"264",0.0441896279217079,0.427117738327469,0.0336699020470221,0.426182257112037,0.228946582777213,0.0112985720371681,2.5807919133728,2.56786353598817,2.60158342425522,5,5,5
"265",0.0439776186552895,0.427112982449318,0.0337169285292028,0.42618184928862,0.227777246346771,0.0112321361398511,2.58179460551642,2.56893862725033,2.60265554916323,5,5,5
"266",0.0437788794397993,0.427093489649702,0.0337198523633872,0.426182198005998,0.226616481492986,0.0111664274411357,2.58290436196395,2.57009585367107,2.60379565179531,5,5,5
"267",0.0435755399751859,0.427089406347055,0.0337125689535632,0.426181707337255,0.22546426387556,0.0111012401100533,2.58391285356913,2.57116149569589,2.60485010692882,5,5,5
"268",0.0433810228265119,0.427070310710996,0.0336874225994976,0.426182069284558,0.224320504085094,0.0110366075980076,2.58496800645451,2.57222732549637,2.60592269506351,5,5,5
"269",0.0431745992231391,0.427066629436241,0.0337668268101518,0.426181979818639,0.223185119164798,0.0109724308125286,2.58594732936058,2.57328150048346,2.60696492105853,5,5,5
"270",0.0429885203083613,0.427053183152167,0.0337156969907183,0.426181279300503,0.22205798376928,0.0109087931436126,2.58702827975444,2.57434221191491,2.60803181458787,5,5,5
"271",0.0428006631768348,0.427044658017725,0.0337617804726179,0.42618113422894,0.220939124597053,0.0108456664706358,2.58796250683468,2.57537539338769,2.60901970661976,5,5,5
"272",0.0426095850653829,0.427038959649082,0.0337443781311091,0.426181465609184,0.219828352584642,0.0107830997438667,2.58904764287446,2.57641976628528,2.61010931114917,5,5,5
"273",0.0424177410999645,0.427026814080985,0.0337770499707937,0.426181375924362,0.218725664136659,0.0107210964063419,2.58999646048628,2.57746764343953,2.61110253757185,5,5,5
"274",0.0422375070024711,0.427011908051107,0.0337534602924085,0.426182247354394,0.217630936226151,0.010659597978587,2.59101957047208,2.57848824416475,2.61213733607043,5,5,5
"275",0.0420574807093462,0.427004382722082,0.0337935667613799,0.426181160188639,0.21654415374376,0.0105986136226006,2.59197140074602,2.57948459456029,2.61313166146373,5,5,5
"276",0.0418849160403957,0.426988715916373,0.033773696180186,0.42618140909151,0.215465169691261,0.0105380620066592,2.59303423044645,2.58050889211874,2.61417826398527,5,5,5
"277",0.0417078579994432,0.426989737325579,0.0337906354617821,0.426181176741664,0.214393987284297,0.0104780262266485,2.59397126463142,2.58153432121934,2.61514275477213,5,5,5
"278",0.0415439322872211,0.426973199721377,0.0338101395555916,0.426181960548559,0.213330455885263,0.0104184113315653,2.59501712479245,2.58252907158521,2.61620703471184,5,5,5
"279",0.0413704200755833,0.426964017547517,0.0337953129606327,0.426181067296085,0.212274540717366,0.0103591514911633,2.59596142247193,2.5835145183846,2.61716206681147,5,5,5
"280",0.0412140744771241,0.426957186732284,0.0337884703478144,0.426180748228564,0.21122615864865,0.0103004192236901,2.59701445370059,2.5845339840869,2.61819322403041,5,5,5
"281",0.0410443654467447,0.426945811203117,0.0337890435152555,0.426180669423112,0.210185255266033,0.0102420738578726,2.59794209467446,2.58552593314506,2.6191479760388,5,5,5
"282",0.0408962957907386,0.426943941530318,0.0338065518547331,0.426180807180506,0.209151746561012,0.0101842486537211,2.59898025405426,2.58651949371428,2.62016988701578,5,5,5
"283",0.0407299463559681,0.426931696327085,0.0337431222451797,0.426181209059386,0.208125552042709,0.0101268058389398,2.59993692131548,2.5875128522863,2.62113579580998,5,5,5
"284",0.0405868792312383,0.4269247849988,0.033814089040766,0.426180889165348,0.207106652574248,0.0100697331281042,2.60094343268465,2.58848630018465,2.62211773576542,5,5,5
"285",0.0404277310199766,0.426915560527392,0.0338095780859685,0.426180941056242,0.206094961120923,0.0100129839969262,2.60186878381951,2.58947524769769,2.62304968044569,5,5,5
"286",0.0402885130710125,0.426911243463833,0.0338203614980401,0.426181031577639,0.205090385693594,0.009956782669023,2.60286380278707,2.59043460487603,2.62403448231335,5,5,5
"287",0.0401361595990417,0.426902169075208,0.0338167468738729,0.426181822527633,0.204092899789003,0.00990113436226658,2.60379071607258,2.59137524547369,2.62494779141557,5,5,5
"288",0.0400001129240204,0.426883147314615,0.0338479328471438,0.426184654168422,0.203102387195282,0.00984587565137213,2.6047973336244,2.59237290344289,2.62593399495298,5,5,5
"289",0.0398556727149177,0.426885202281866,0.0338487104728599,0.42618172863313,0.202118831651797,0.00979097880752711,2.60567091779524,2.59330937625003,2.62684418582525,5,5,5
"290",0.0397308415552581,0.426874002729316,0.0338398910771379,0.426182259683959,0.2011421413309,0.00973644921288136,2.60663962794042,2.59422117188759,2.62778197017679,5,5,5
"291",0.0395886526331999,0.426865485678726,0.0338963806764415,0.426181045701043,0.20017229764309,0.00968238318633585,2.60751707978748,2.59513807276669,2.62869087074107,5,5,5
"292",0.0394657170940028,0.42686007037931,0.0338640315218154,0.426181622898564,0.19920916683503,0.00962877161927567,2.60845660678687,2.5960957824343,2.62964297751973,5,5,5
"293",0.0393337502210398,0.426849273625915,0.033902128494473,0.426180847241612,0.198252734620376,0.00957550955815328,2.60933172349774,2.59698101743838,2.6305291088029,5,5,5
"294",0.039218828413415,0.426844163579315,0.0338720105333306,0.426182060050611,0.19730292502725,0.00952254843400435,2.61026430031202,2.59788175207342,2.6314454623483,5,5,5
"295",0.039092716496295,0.426836702773098,0.03390841345411,0.426181341291015,0.196359708780785,0.00946988176820995,2.61107018189728,2.59870927407218,2.63233005326182,5,5,5
"296",0.0389825646647237,0.426830517418845,0.0339008870013772,0.426181642898793,0.195423010630108,0.00941771986432677,2.61198792019592,2.59961149912844,2.63320312162008,5,5,5
"297",0.0388596395810227,0.426820704264775,0.0339091381877869,0.426181506610946,0.194492764111285,0.00936604026829868,2.61281260276823,2.60042528661534,2.63409456924614,5,5,5
"298",0.0387512028430858,0.426817784127387,0.0339443740972746,0.426182793318381,0.193568923019975,0.00931472405537587,2.61367127199902,2.60128870629976,2.63496790011788,5,5,5
"299",0.0386315945345923,0.426808991081401,0.0339925746647232,0.426181870716411,0.192651438320796,0.00926382043654772,2.61445635986997,2.60208291034375,2.63578685633381,5,5,5
"300",0.0385242025061226,0.426798124583698,0.0339711213362081,0.426182058722946,0.191740250817172,0.00921325726229977,2.6153395319448,2.60289987866171,2.63665431391468,5,5,5
"301",0.0384168230417559,0.426797355219961,0.0340224670251307,0.426181550079927,0.190835293305153,0.00916311850509344,2.61607775100877,2.60368041232823,2.63747380431111,5,5,5
"302",0.0383126347887639,0.42679029477429,0.0339678638833983,0.426180825824753,0.189936508179254,0.00911337852545679,2.61699268627639,2.60455481459359,2.6383569554609,5,5,5
"303",0.0382001932671519,0.426781788605273,0.0339958896451587,0.426180314461368,0.189043856414367,0.0090639950988044,2.61772567130919,2.60531084411286,2.63915356705341,5,5,5
"304",0.0381059325992797,0.426770484929976,0.0339558420680295,0.42618126756602,0.188157253074796,0.00901495397432839,2.61860654537993,2.60612857647432,2.64002314174789,5,5,5
"305",0.0379957251322907,0.426767474112586,0.0339819505987857,0.426181303115961,0.187276686949931,0.00896630922512787,2.61931454383855,2.60687285472375,2.64080054479421,5,5,5
"306",0.0379017710513395,0.426758682493369,0.0339695549179721,0.426181847645953,0.18640207643565,0.00891794051629619,2.62017742289395,2.60767270906011,2.64164570811769,5,5,5
"307",0.0377876643642706,0.426763565659177,0.0340236427432282,0.426181415628599,0.185533385491228,0.0088698988546651,2.62091942713021,2.6084345084592,2.64245726518583,5,5,5
"308",0.0377032137346308,0.426745709133872,0.0339867112732164,0.426182309041443,0.184670534766297,0.00882210031020259,2.62173744475789,2.60919948212767,2.64327992993698,5,5,5
"309",0.037600983584747,0.426741488990859,0.0340101980166383,0.426181186548511,0.183813481790429,0.00877463434335507,2.62249437551927,2.60998449829436,2.6440932206835,5,5,5
"310",0.0375053659085685,0.426739613402389,0.0340129268408938,0.426182076587435,0.182962189625411,0.00872750755805229,2.62330158293122,2.61072607345596,2.64489851512457,5,5,5
"311",0.0374108306524518,0.42673089177463,0.0340434077435913,0.426181432918933,0.182116596080206,0.00868083279486753,2.62405203269314,2.61149064000549,2.64570923587641,5,5,5
"312",0.0373252123017838,0.426725717571073,0.0340308527714947,0.426182412971785,0.181276646563345,0.0086345217489211,2.62484257579381,2.61223969614612,2.64652156817441,5,5,5
"313",0.0372294232229925,0.426724349998815,0.0340571872660217,0.426181425342867,0.180442270873487,0.00858859000368473,2.62561493852967,2.61299879881555,2.64734938422711,5,5,5
"314",0.037140105203564,0.426709545477375,0.0340643998107679,0.426181090261683,0.179613444236317,0.00854297303859941,2.62640964345815,2.61374970697029,2.64813326584483,5,5,5
"315",0.0370557503025873,0.426709378025182,0.0340937110534642,0.426180909077038,0.178790084678235,0.00849772373100122,2.62716783882735,2.61451219710745,2.6489724199064,5,5,5
"316",0.0369676315438845,0.42669629668874,0.0340987482855953,0.426181117432196,0.177972144507942,0.0084527760146853,2.62799395077498,2.6152728166723,2.64978397091632,5,5,5
"317",0.0368857043226071,0.426694199670624,0.0340664819483663,0.426181729223039,0.177159606036555,0.00840824332498891,2.62874856085008,2.61602537481018,2.65058654044735,5,5,5
"318",0.0368027179853911,0.426687954177849,0.0340836697454578,0.426182735648047,0.176352393696078,0.00836410188671277,2.62956631225833,2.61679552647714,2.6514090740584,5,5,5
"319",0.0367189421125595,0.426692061119152,0.0340964661498786,0.426181726841063,0.175550460432727,0.00832024729519787,2.63030257296908,2.61752072297947,2.65219272197978,5,5,5
"320",0.0366406751678515,0.426673811066194,0.0340901393454075,0.426181624279406,0.174753761172765,0.00827668937029247,2.63112544650615,2.61829660365576,2.65301080536099,5,5,5
"321",0.0365605324675888,0.426671806281274,0.0340847633816246,0.426181243714442,0.173962241339129,0.00823346025193705,2.63184744749761,2.61902633212894,2.65378716328862,5,5,5
"322",0.0364827485079815,0.426680113217429,0.034047289585481,0.426181491795731,0.173175867986914,0.00819061164871371,2.63264000927558,2.61974603993453,2.65460721756403,5,5,5
"323",0.0363995887506347,0.426663721659449,0.0340964743843472,0.426181110032185,0.172394576533046,0.00814808158152724,2.63335267141195,2.62047348399011,2.65536227217362,5,5,5
"324",0.0363288549832662,0.426657068876455,0.0340427228466396,0.426180643085195,0.171618334680653,0.00810586821375259,2.63413824980837,2.62121373032981,2.65616170379914,5,5,5
"325",0.0362450581158571,0.426653522695818,0.0341056539751679,0.426180691772057,0.170847064217681,0.00806397131109821,2.63484715611709,2.62190507309205,2.65692233096917,5,5,5
"326",0.0361761966070067,0.426648451254517,0.0340865039565025,0.426181682611054,0.170080769858702,0.00802237193514849,2.63562688736768,2.62265042686917,2.6577129609088,5,5,5
"327",0.0360923616677313,0.426644392674731,0.0341099701566033,0.426180572370837,0.169319346949683,0.00798106053508457,2.63632274923477,2.62334620091573,2.65846696576876,5,5,5
"328",0.0360205847234028,0.426634997450287,0.0340736150085216,0.426181139118062,0.168562793128437,0.00793996698511212,2.63706339032889,2.62405414153525,2.65921437643133,5,5,5
"329",0.0359443700676399,0.426632214416435,0.0341181871543232,0.426180265081253,0.167811064656059,0.00789909746658018,2.63777126008871,2.62476791270439,2.65998447867323,5,5,5
"330",0.0358709343219427,0.426626408872333,0.0340780186570447,0.426180895928424,0.167064100029318,0.00785846559417258,2.63853116595728,2.62549774143663,2.66074336137399,5,5,5
"331",0.0357958672094221,0.426623205273846,0.0340979386014122,0.426181704385357,0.166321846047069,0.0078181914108747,2.63918958277574,2.62617740472652,2.66148720856691,5,5,5
"332",0.0357283077313054,0.42661586417227,0.0340949967115887,0.426183249955555,0.165584289516048,0.00777818280142839,2.63999168659786,2.62696486287607,2.66228648988005,5,5,5
"333",0.0356544550224093,0.426609718304036,0.0341082627709555,0.426181600567003,0.164851401216166,0.00773841748759196,2.64064244511606,2.62763283284411,2.66297957895979,5,5,5
"334",0.0355753979241054,0.42661200836345,0.0341454130006236,0.426181616045952,0.164123095625909,0.00769889656887257,2.64139183122969,2.62836201291146,2.6637493589745,5,5,5
"335",0.0355120856426674,0.426600623808558,0.0341366115034566,0.426180991352007,0.163399370864568,0.00765959059251231,2.64206247806421,2.62905658037013,2.66448555243862,5,5,5
"336",0.0354471879194901,0.426595652470725,0.0341408084227133,0.426181139573699,0.162680187373348,0.0076205715676822,2.64281661531903,2.62980809181947,2.66524760500165,5,5,5
"337",0.0353762688635716,0.426592193760387,0.0341399461608891,0.426181045277967,0.161965506117713,0.00758176569022545,2.64346545048174,2.63048072047454,2.66594010609183,5,5,5
"338",0.0353033617786661,0.426586256998808,0.03413249896014,0.426180916051311,0.161255271633055,0.00754317721412306,2.64422199830835,2.63121896422115,2.66670128283434,5,5,5
"339",0.0352498419125555,0.426583857577052,0.0341193789714523,0.426180410341969,0.160549503196864,0.00750490384371372,2.64490347848242,2.63191127021592,2.66740837273463,5,5,5
"340",0.0351831845672855,0.426576104660164,0.0341466626145562,0.426180068256088,0.159848116645247,0.00746694340439125,2.6456173894442,2.63259759580804,2.66813975342732,5,5,5
"341",0.0351223061861751,0.426577961008881,0.0341449163266212,0.426180765790581,0.159151090610861,0.00742926772656544,2.64629985877777,2.63330110530117,2.66884487593583,5,5,5
"342",0.0350602862126054,0.426574502711182,0.0341082507989412,0.426181953851155,0.158458404525485,0.00739186057581143,2.64702396622401,2.63399087285704,2.66956803075811,5,5,5
"343",0.0350054039274314,0.426564424819599,0.0341758925512227,0.426181799055121,0.15777002622365,0.00735468795223038,2.6476926095557,2.6346568684648,2.67026717271724,5,5,5
"344",0.0349423578875163,0.426558797498115,0.0341140238710697,0.426182608943095,0.157085892023431,0.00731778046694154,2.64839061293796,2.63537985140765,2.67097455367711,5,5,5
"345",0.0348939280465452,0.426557111725052,0.0341820899942783,0.426181215104514,0.156406020898544,0.00728108520967824,2.64907155997008,2.63602753022687,2.67164386092761,5,5,5
"346",0.03482583405058,0.426554228774863,0.0341642292652302,0.426181314324602,0.155730324451233,0.00724465067152569,2.6497423543273,2.63669207305839,2.67234825128041,5,5,5
"347",0.0347779140267139,0.426548689619555,0.0341657054083445,0.426180957435925,0.155058816266884,0.00720845544990784,2.65043116075292,2.63738977738203,2.67304203066984,5,5,5
"348",0.0347165915297323,0.426542487691087,0.0341741906021601,0.426181641828463,0.154391439872956,0.00717243690915015,2.65106623779292,2.638014155864,2.67367376881221,5,5,5
"349",0.0346686632548627,0.426542330080825,0.0342058049046592,0.426181405780487,0.153728166025989,0.00713671187517695,2.65176393509596,2.63869853413315,2.67436414145616,5,5,5
"350",0.034603182811545,0.426538667464878,0.0341926805196761,0.426182259030644,0.153068950033571,0.00710129731810877,2.65244575715221,2.63939397077124,2.6750643307959,5,5,5
"351",0.0345564791255835,0.426531115661153,0.0341912899803117,0.426182714303636,0.152413789339236,0.00706606322792491,2.65307283300089,2.64001184605845,2.67567273660329,5,5,5
"352",0.0345012055875537,0.426535780630182,0.0342016980717675,0.426182667628572,0.151762631753881,0.00703108646456019,2.65373990124225,2.64066643588967,2.67635731860702,5,5,5
"353",0.0344435493865598,0.426523688490609,0.034252579176648,0.426180510496199,0.151115451105493,0.00699647008472959,2.65438224940376,2.64133376606675,2.6769845891199,5,5,5
"354",0.0343904022592053,0.426520011283387,0.0342342089734196,0.426180359849343,0.150472229926639,0.00696214426070907,2.65500989778731,2.6419750907369,2.67761126130024,5,5,5
"355",0.0343419761875416,0.426520647041203,0.0342171787748963,0.426180325158457,0.149832923234452,0.00692811034571306,2.655651713605,2.64260180878125,2.67824412881174,5,5,5
"356",0.0342802662013211,0.426517698525179,0.0342054751057709,0.426181380585345,0.149197507248706,0.00689425765303658,2.65625401412075,2.64324603902232,2.67886876618743,5,5,5
"357",0.034238026105933,0.426512944005259,0.0342198455552635,0.42618051137332,0.148565961153107,0.00686069632745245,2.65684896546916,2.64385600636169,2.67947929105215,5,5,5
"358",0.0341775216808482,0.426509070389486,0.0341977555015021,0.426181067236379,0.147938236512545,0.00682736249139099,2.65746574746178,2.6444908784071,2.68009688472768,5,5,5
"359",0.0341346112750332,0.426512112955062,0.0341976834831259,0.426181419930766,0.147314308735265,0.00679433020692433,2.65811168101467,2.64515863911086,2.68074066585317,5,5,5
"360",0.0340777446498493,0.426498312582787,0.0341821728333005,0.426180878461494,0.146694152707288,0.00676152431092769,2.65869929515808,2.64579399526236,2.68134377670184,5,5,5
"361",0.0340346884426063,0.426502292536761,0.0342262654599219,0.426180320377401,0.146077730236208,0.00672897037529918,2.65932076592744,2.64641799904322,2.68193924234818,5,5,5
"362",0.0339781852105805,0.426494481480968,0.0342336293387804,0.426180732739794,0.145465006412477,0.00669666659956081,2.65992173826951,2.64705456072675,2.68254400665803,5,5,5
"363",0.0339337157235343,0.426496357519987,0.0341978228116634,0.42618058372439,0.144855973283546,0.00666457043429031,2.66051216175811,2.64767529688917,2.68313709713603,5,5,5
"364",0.0338782443254598,0.426488818144325,0.0342312033711895,0.426181341072086,0.144250573879084,0.0066327256463431,2.66109340874628,2.64828822569531,2.68373369491018,5,5,5
"365",0.033833114510716,0.426490944686951,0.0342383625860797,0.426181991069657,0.1436487906653,0.00660119674107962,2.66171724068943,2.64891240525377,2.684328689145,5,5,5
"366",0.033780363973801,0.426477134121288,0.0342653091727199,0.42618320808916,0.143050597488315,0.0065698589349904,2.66226869582619,2.64953007860493,2.68490191670055,5,5,5
"367",0.0337310043690293,0.426484767794161,0.0343173376125047,0.426181288609613,0.142455963713742,0.00653875886991889,2.66285044770636,2.65010272543215,2.68548369207798,5,5,5
"368",0.0336839078123789,0.426470803527578,0.034240277628997,0.426181414186381,0.141864846653901,0.00650777636949196,2.66344529040791,2.65075389828783,2.6860753997582,5,5,5
"369",0.0336339800626929,0.42647308198014,0.0342630565989017,0.426180038982242,0.141277238871685,0.00647699433673654,2.66402790163885,2.65133101476553,2.68664830776083,5,5,5
"370",0.0335813029904393,0.426464500448225,0.0342379823927995,0.426180681131414,0.140693091932841,0.00644642231478287,2.66458408299252,2.6519256102323,2.68721561769767,5,5,5
"371",0.0335348777675206,0.426468897565803,0.03424120935723,0.426180408783074,0.140112396811641,0.00641605101219117,2.66517930296728,2.65254774601616,2.68782479436739,5,5,5
"372",0.0334881189190862,0.426460545242989,0.0342523252958054,0.426181337394432,0.139535116654846,0.0063858014215149,2.66575264758843,2.65313750650396,2.68839145300621,5,5,5
"373",0.0334410371100737,0.426469749355204,0.0342535561184934,0.426181311335404,0.138961230572998,0.00635572094866077,2.66633720710248,2.65373192715523,2.68897793195336,5,5,5
"374",0.033392663143415,0.42645434770481,0.0343101943057895,0.426181024210212,0.138390687867288,0.00632579254560528,2.66691414871801,2.65433777158972,2.6895551604764,5,5,5
"375",0.0333481267361614,0.426464617063687,0.0342796722188459,0.426182263812204,0.137823509548081,0.00629620074381976,2.66748437275258,2.65492214092432,2.69015388135584,5,5,5
"376",0.0333008130353747,0.426452232394161,0.0342971023927767,0.426181976084186,0.137259640692655,0.00626683085318008,2.66801853127702,2.65549621240248,2.6907069737975,5,5,5
"377",0.0332575283976172,0.426452554249445,0.0342676630078041,0.426180653667657,0.136699063972065,0.00623764954599459,2.66860298774098,2.65607860140482,2.69128403524147,5,5,5
"378",0.0332113497535597,0.426443716169507,0.0342668792156928,0.426180037026857,0.136141739175386,0.00620864141196864,2.66914293034562,2.65663985237737,2.69184715379896,5,5,5
"379",0.0331635733853946,0.426452082841561,0.0342759041139989,0.426180048319183,0.135587672720133,0.00617989633723437,2.66966518556873,2.65720768102868,2.69240427036935,5,5,5
"380",0.0331166983832022,0.42643464561472,0.0342649443690303,0.426180297911198,0.135036796924908,0.00615128671017379,2.67021770167858,2.65776272437237,2.69296436779379,5,5,5
"381",0.0330830219155603,0.426445732947749,0.0342799454582833,0.426180463646646,0.134489119915914,0.00612297334122142,2.67077201846311,2.65833077572919,2.69352969503691,5,5,5
"382",0.0330337580475467,0.4264329059348,0.0342711902502178,0.42618081617543,0.133944595598355,0.00609486008178045,2.67128281586284,2.65886533799043,2.69407773685075,5,5,5
"383",0.0329954844280661,0.426432806064718,0.0343064160880702,0.426181522175099,0.133403226137494,0.00606690212305405,2.67183267961962,2.65940761429748,2.69462008083617,5,5,5
"384",0.0329535474779641,0.426427957509196,0.0342767289855539,0.426182975455159,0.132864977802672,0.00603910988372502,2.67235933413019,2.6599592067859,2.6951731246327,5,5,5
"385",0.0329173473087515,0.42643167081411,0.0343307974505845,0.426181929502149,0.132329809138476,0.00601151159828117,2.67289473666192,2.66050504200875,2.69573056220525,5,5,5
"386",0.0328710231349567,0.426423365297613,0.0342722447266553,0.426181135205866,0.13179771637688,0.00598405469993052,2.67340711655851,2.66101780546142,2.6962545118629,5,5,5
"387",0.0328415740623573,0.426426094296875,0.0342926538139257,0.426180626177574,0.131268697998543,0.00595675915957783,2.67395391938826,2.66158671485759,2.69680736791939,5,5,5
"388",0.0328014335225292,0.42641947509063,0.0342718563038732,0.426180606571548,0.130742700684212,0.00592959200623661,2.67447041542094,2.66208142096605,2.69734370430669,5,5,5
"389",0.0327707735156159,0.426420528453211,0.0342768100226132,0.42618065880347,0.130219709463999,0.00590255798508743,2.67503604953007,2.66265011501068,2.69790694750206,5,5,5
"390",0.032731902379553,0.42641328591097,0.0342920357982925,0.426181706702546,0.129699710811587,0.00587561003914006,2.67551087240092,2.66312593503683,2.69841307183149,5,5,5
"391",0.0326959535001967,0.426417785204591,0.0343396410094548,0.426181945689662,0.129182674813508,0.00584880693744771,2.67602847731361,2.66367226853864,2.69893603306841,5,5,5
"392",0.0326691182329935,0.426408746917138,0.0342942309731657,0.426181694573826,0.128668599728162,0.0058221569946762,2.6765316301297,2.66414702216458,2.69946094354015,5,5,5
"393",0.0326406438055058,0.426418412769833,0.0343508481134997,0.426180780907165,0.128157437060127,0.00579566483357108,2.67707201926913,2.66469018953707,2.70000038965234,5,5,5
"394",0.032608041141875,0.426399657511427,0.0342963355638191,0.426180044396287,0.127649181666747,0.00576928166567325,2.67755699407503,2.66516994882124,2.70051763872719,5,5,5
"395",0.0325823020031064,0.426414925651218,0.0343291666229596,0.426180379695716,0.127143817854814,0.00574310525679456,2.6780707050214,2.66568452037824,2.70102536520032,5,5,5
"396",0.0325586233746233,0.426401635352849,0.0343180274449621,0.426180357535491,0.126641323149245,0.0057170703231042,2.67856846688252,2.66617322746177,2.70153797750328,5,5,5
"397",0.0325337045089904,0.426404928010483,0.0343661548330892,0.426182377763619,0.126141663233583,0.00569117640422934,2.67906196439109,2.66668984770372,2.7020465424225,5,5,5
"398",0.0325052392897947,0.426402834860268,0.0343167977173516,0.42618113324009,0.125644851216546,0.00566546708309895,2.67957499484581,2.66715237879955,2.70254538732502,5,5,5
"399",0.0324816176907953,0.426399184829164,0.0343468066271937,0.426181016928858,0.125150837065763,0.00563994738932289,2.68003244275853,2.66761649443251,2.70300987778893,5,5,5
"400",0.0324583896353325,0.426389335189853,0.0343076887419512,0.426180898581079,0.124659608723549,0.00561462914904526,2.68052817660849,2.66812457796736,2.7035510499924,5,5,5
"401",0.0324356947236198,0.426401286528479,0.0343581819998101,0.426181153504732,0.124171152222546,0.00558950378184953,2.68101716357641,2.66858444320569,2.70401808150932,5,5,5
"402",0.0324133148111125,0.4263845295225,0.0343652885704166,0.426181360284253,0.12368543780659,0.00556451293040044,2.68153382920519,2.66906950542149,2.7045286077918,5,5,5
"403",0.0323978357395886,0.426392292455783,0.0343684309962136,0.426181168649441,0.123202446584773,0.0055396780274829,2.68195548938627,2.66953304616271,2.70500155124643,5,5,5
"404",0.0323691978374897,0.426384427721188,0.0344144628182667,0.426181278043656,0.12272215263893,0.0055149875820637,2.68249489660193,2.67003935992625,2.70552751211485,5,5,5
"405",0.0323504206711749,0.426392696844176,0.0343882161798967,0.426180433835024,0.122244554753942,0.00549057035595146,2.68295493692178,2.6704955505498,2.70596894417886,5,5,5
"406",0.0323338610648836,0.426373498036233,0.0343534190700018,0.426181991240685,0.121769604586348,0.00546631873242631,2.68345720004846,2.67098508112459,2.70651286322586,5,5,5
"407",0.0323170051181558,0.426393185035377,0.0343639151160311,0.426180692487159,0.121297324934711,0.00544225375145674,2.68390265703413,2.67143210114535,2.70696690393805,5,5,5
"408",0.0322896024462192,0.426381210629161,0.0343272873901441,0.426181795909846,0.120827646499407,0.00541828083318613,2.68441696384569,2.67191296516737,2.70748234242537,5,5,5
"409",0.03228208228877,0.426381008235089,0.0343405455865136,0.426181282237236,0.120360599430126,0.00539450567005717,2.68484994441227,2.67238939738873,2.70791766996357,5,5,5
"410",0.0322554598363976,0.426376404604702,0.0343566089196196,0.426182699949191,0.119896151534287,0.00537086633199918,2.6853731767543,2.67286933063016,2.70842356545865,5,5,5
"411",0.0322437713502509,0.426376876942926,0.0343801308177818,0.426180565747274,0.11943428267328,0.0053474330248387,2.68577787102796,2.67328818816627,2.70884988617777,5,5,5
"412",0.0322190840593507,0.426371983374147,0.0343356675413428,0.426180906428226,0.118974964204278,0.00532416747613368,2.6862634119149,2.67374414786248,2.70931402499536,5,5,5
"413",0.0322095675813232,0.426383036207751,0.0343886553241097,0.426180873464785,0.118518205047244,0.00530107024561599,2.6867167071839,2.67422899534161,2.70976555256891,5,5,5
"414",0.0321878043847907,0.426365686619381,0.0343907058096317,0.426180319894434,0.118063959395301,0.00527808664764184,2.68717061900832,2.67465210719273,2.71020677576769,5,5,5
"415",0.0321823156749813,0.426370472964588,0.0343836740812937,0.426180608987632,0.11761222623795,0.0052552801509872,2.68760015655198,2.6750823211462,2.71063071435469,5,5,5
"416",0.0321582897075824,0.426368025807696,0.0343027777503442,0.426180817455947,0.117162972297756,0.00523263597171797,2.68806533764014,2.67554582775501,2.71109740166296,5,5,5
"417",0.0321477908288534,0.426371799343916,0.0343511969107484,0.426180790788509,0.116716201994609,0.00521021064917621,2.68853696402108,2.67597966064364,2.71152540465901,5,5,5
"418",0.0321312249996697,0.426358968082286,0.034330440155277,0.426181405996281,0.116271876654042,0.00518790905028782,2.68896080115352,2.67640214110212,2.71194326026893,5,5,5
"419",0.0321230457552021,0.426360635395442,0.0343640127039287,0.426181037278364,0.115829996640389,0.00516571882559469,2.6893794396993,2.67683997661361,2.71236414186924,5,5,5
"420",0.0321021321374224,0.426359728134649,0.0343691023457125,0.426181320922089,0.115390524493251,0.005143607936485,2.68983192897246,2.67725005411419,2.7128193015337,5,5,5
"421",0.0320928626859542,0.426363989626048,0.0344140818982653,0.426181468279704,0.114953452975268,0.00512167421245119,2.69029072104205,2.67771808975969,2.71321348957628,5,5,5
"422",0.0320742567489016,0.42635237844726,0.034376399703975,0.42618075496632,0.114518766414712,0.00509987366688824,2.69070471738717,2.67811032517703,2.71362140124179,5,5,5
"423",0.0320660120074685,0.426356973998036,0.0343860680313211,0.426180656128379,0.114086446205821,0.00507823465191104,2.69114150673791,2.67854909518025,2.71406954758521,5,5,5
"424",0.0320465868200897,0.426353157972675,0.0343671513887171,0.426181254793187,0.113656467078437,0.00505676400000649,2.69155390220457,2.67894136193472,2.71447512632133,5,5,5
"425",0.0320396953053178,0.426351020525941,0.0343846702739544,0.426181699798625,0.113228831743797,0.00503546694280471,2.69202939914027,2.67941741764598,2.71489929567765,5,5,5
"426",0.0320167729698212,0.426352998078407,0.0344123844695881,0.426182136081437,0.112803500841198,0.00501429035246398,2.69242370227719,2.67979848688764,2.71531110246066,5,5,5
"427",0.0320151615987834,0.426350011630918,0.0343889243852471,0.426181002848218,0.112380480482394,0.00499323608615998,2.69283981128418,2.68018877579788,2.71568578516388,5,5,5
"428",0.0319935886139138,0.426349066896153,0.0343955384953962,0.426181671348389,0.111959742051652,0.00497230619775207,2.69327279408737,2.68061148509308,2.71611692085582,5,5,5
"429",0.0319808584494387,0.426346975196158,0.0343891410108695,0.426180517195929,0.111541268131971,0.00495148837060211,2.69367332808429,2.68099382837912,2.71650439817256,5,5,5
"430",0.0319715934252457,0.426341534776185,0.034386965462678,0.426181780293212,0.111125039117082,0.00493073606377137,2.69409217120211,2.68141086675404,2.71691101053949,5,5,5
"431",0.0319624590389266,0.426336383797472,0.034392269114095,0.426181022309248,0.110711054324885,0.00491008858742614,2.69451446206282,2.68180571369546,2.71730179641018,5,5,5
"432",0.0319410186029768,0.426344634071342,0.0344166945439579,0.426181550271573,0.110299271096719,0.00488958183314298,2.69490137713501,2.68218116566938,2.71771733362612,5,5,5
"433",0.0319316061989712,0.426343689385792,0.0344544982824595,0.426181103569888,0.10988969562055,0.00486919762338106,2.69528210981938,2.68255209429786,2.7180546730415,5,5,5
"434",0.0319168054089555,0.426336672919307,0.0343792424689655,0.426180923461277,0.109482303229657,0.0048489342476824,2.69570797276148,2.68297785515648,2.71849019732374,5,5,5
"435",0.0319034975665597,0.426334662682947,0.0344270399571091,0.426180422391917,0.109077080266849,0.00482879916618156,2.69608623427896,2.68331242410818,2.71884367276087,5,5,5
"436",0.0318928820869073,0.42634585560797,0.034356997959645,0.426181179277164,0.108674013988316,0.00480881431356833,2.6964543790809,2.68368553536733,2.71920909743867,5,5,5
"437",0.0318753937629353,0.426333735086766,0.0344050771625678,0.426181309813503,0.108273083640614,0.0047889327971572,2.69684680783629,2.68407188621533,2.71957163641828,5,5,5
"438",0.0318658382844887,0.426330536930781,0.0343956627347365,0.426182697800636,0.107874269871714,0.00476915403445644,2.69725402378312,2.68444351341729,2.71999271592739,5,5,5
"439",0.0318535653928968,0.426332833412056,0.0344329304188651,0.426181240670861,0.107477570665823,0.00474950977769473,2.69758929388591,2.6847645908949,2.72028372528829,5,5,5
"440",0.0318342715183529,0.426331992624115,0.034432404928444,0.426182101597764,0.107082974431347,0.00473001808057527,2.69797783859963,2.68513943028874,2.72066570538105,5,5,5
"441",0.0318240176566319,0.426330265187661,0.0344500663036422,0.426179897427739,0.106690440863855,0.00471059306700322,2.69830597269799,2.68544126192047,2.72098351735087,5,5,5
"442",0.0318139673146445,0.426331351884497,0.0344244460078318,0.426181010421657,0.106299989538509,0.00469129313782274,2.69867730362901,2.68578874015765,2.72134324490203,5,5,5
"443",0.0318007947592811,0.426326204887794,0.0344831985730622,0.426180781256199,0.105911593683414,0.00467210949164276,2.69903728436494,2.68610675700609,2.72166149261313,5,5,5
"444",0.0317825977564871,0.426328559154148,0.0344023062701824,0.426181134152808,0.105525221278802,0.00465299688812448,2.69938460170534,2.68643764825865,2.72202266543301,5,5,5
"445",0.0317732272930766,0.426327080644638,0.0344540614932776,0.426179856020799,0.105140867071472,0.00463398603905663,2.69971768709254,2.68674667939754,2.72230793682437,5,5,5
"446",0.0317614001037331,0.426323829887988,0.0344307583805265,0.426180511985974,0.104758549949665,0.00461512342924597,2.70008610002892,2.68708264127455,2.72265786392301,5,5,5
"447",0.031746545945954,0.426321058290788,0.0344516623792094,0.426180407591945,0.104378223395016,0.00459632489559908,2.70039093154718,2.6873417950651,2.72294032484979,5,5,5
"448",0.0317379917702792,0.426317041512921,0.0344399544232424,0.426180393149653,0.103999877718489,0.00457761624564135,2.70075119620834,2.68767437544919,2.72328050151184,5,5,5
"449",0.0317228301403824,0.426323709951407,0.034472161837947,0.426181366244819,0.103623504678539,0.00455907665969596,2.7010857899502,2.68799755610929,2.72358716960882,5,5,5
"450",0.0317144953155392,0.426320750628018,0.0344126007548267,0.426180873546262,0.103249091645513,0.00454064881640293,2.7014499308384,2.68830374750529,2.72392799522797,5,5,5
"451",0.0317041611087124,0.426317257981288,0.0344430308329066,0.426180743959369,0.102876622248581,0.00452233895619503,2.70177768009643,2.68860056348589,2.72422212162908,5,5,5
"452",0.0316931683604294,0.426310146226121,0.034350976149983,0.426181403218999,0.102506082600478,0.00450414386129883,2.70211175086173,2.68894936636663,2.724576598506,5,5,5
"453",0.031684746180799,0.426318577891395,0.0343949610748462,0.426181141028821,0.102137453180232,0.00448606470220247,2.7024685951229,2.68923985311557,2.724879742158,5,5,5
"454",0.0316776135321966,0.426310929802313,0.0344354216189663,0.426182561373913,0.101770731581538,0.00446805378192122,2.70284727123762,2.68956706119361,2.72523763916808,5,5,5
"455",0.0316681322287196,0.426319617237797,0.0344471613099371,0.426181635199215,0.101405891585122,0.00445015281453459,2.70313193069384,2.68987616913864,2.72551430461421,5,5,5
"456",0.0316631737077817,0.426310905143776,0.0344304534608131,0.426181698065894,0.101042935214856,0.00443238107871768,2.70348543739621,2.69019229561275,2.72586956156507,5,5,5
"457",0.0316568043061976,0.426310795765127,0.0344487734375729,0.426180506946325,0.100681826851769,0.00441470405199307,2.70383287507169,2.6904899177768,2.72618943322125,5,5,5
"458",0.0316534120335804,0.4263075555043,0.0344328404003011,0.426180105888331,0.100322582717235,0.00439710301700696,2.70415904392386,2.69082771030197,2.72652163781262,5,5,5
"459",0.0316425174362625,0.426313117823933,0.034463450473266,0.426180343711509,0.0999651625152512,0.00437960793952114,2.70447829311363,2.69111484803337,2.72681618240755,5,5,5
"460",0.0316420462933169,0.42630230379509,0.0344210911755173,0.426180310830873,0.099609568296918,0.00436219887508726,2.70483099661655,2.69142296884938,2.72716823043481,5,5,5
"461",0.0316330372644083,0.426310093614032,0.0344468092390624,0.426180062183194,0.0992557695539117,0.00434494093478127,2.70515952360242,2.69175534617477,2.72747731107159,5,5,5
"462",0.0316302557329539,0.42630049471891,0.0344349144330055,0.426181309208666,0.0989037718741217,0.00432779684058515,2.70550252034445,2.69207496794737,2.72782977293582,5,5,5
"463",0.0316244322291412,0.426303788038488,0.0344595277701514,0.426182099798549,0.0985535497840463,0.0043107732718134,2.70581420585917,2.69236143350256,2.72810659472854,5,5,5
"464",0.0316180977616402,0.42630135412704,0.0344447696347511,0.426182814286946,0.0982051131242163,0.00429384506844221,2.70613361333006,2.69267698169792,2.72843595341064,5,5,5
"465",0.0316107368577549,0.426308290366897,0.0344599143432869,0.426181413170861,0.0978584186047095,0.00427705270315121,2.70649515820897,2.69300086621876,2.72876056894275,5,5,5
"466",0.0316133036204702,0.426291512836023,0.0344318937016178,0.426181260994406,0.0975134769486577,0.00426038438324289,2.70683138908286,2.69332399194429,2.72911708251578,5,5,5
"467",0.0316027889430439,0.426302843155671,0.0344592255236983,0.426180734440548,0.0971702739759998,0.00424386728694953,2.70709175603891,2.69357818452029,2.72935250365029,5,5,5
"468",0.0315980119880188,0.426296660336268,0.0344706255040174,0.426180571628973,0.096828795829809,0.00422740415310402,2.70745728829021,2.69390314755154,2.72972011213633,5,5,5
"469",0.0315948191023605,0.426296147287928,0.0344669624376774,0.426180192958532,0.0964890231480402,0.00421100996181656,2.70775663069557,2.69419077860283,2.73001229504589,5,5,5
"470",0.0315915323230957,0.426291762764391,0.0344428046721877,0.426182480938449,0.0961509604377159,0.00419471728056309,2.70805932319587,2.69448250729445,2.73034222526297,5,5,5
"471",0.031583767470998,0.426301337586579,0.0344640001887388,0.426180904380804,0.0958145750988386,0.00417854434399084,2.70837436511848,2.69474877648655,2.73060557309465,5,5,5
"472",0.0315889980185503,0.426292344907039,0.0344547954320156,0.426180263069408,0.095479881846,0.00416244685963696,2.70870295582522,2.69507214869631,2.73096150782851,5,5,5
"473",0.0315775434800556,0.426294079659649,0.0344654488050243,0.426180858419475,0.0951468442995791,0.00414645055747853,2.70899679408798,2.69534887349969,2.7312513634654,5,5,5
"474",0.0315747753745068,0.426291280654341,0.0344138877966631,0.426181762168059,0.0948154677168066,0.00413049613660521,2.70928927917257,2.69564319038389,2.7315465564399,5,5,5
"475",0.031574153228283,0.426288096547881,0.034449069601212,0.426181092971689,0.0944857383509627,0.00411461717584571,2.70960282886635,2.69591861681828,2.73183713993139,5,5,5
"476",0.0315666019857145,0.426287716048664,0.0344411521638181,0.426181299927179,0.0941576548168385,0.00409884465011418,2.70992730950167,2.69623988306805,2.73216698902603,5,5,5
"477",0.0315648423126319,0.426294487417798,0.0344556677245442,0.426181302265671,0.0938311808271406,0.00408314159206652,2.7102305558653,2.69650213316031,2.7324461765847,5,5,5
"478",0.0315655967471397,0.426283758154591,0.0344433877013928,0.426181078141279,0.0935063234535126,0.00406748650748584,2.71054670853528,2.69682155659305,2.73275616767161,5,5,5
"479",0.0315600038519291,0.426291170580706,0.0344603592491097,0.426180802974453,0.0931830779427042,0.00405193080985244,2.71082534617405,2.69708853180244,2.73302223400048,5,5,5
"480",0.0315597680098112,0.426285426010987,0.034411597427101,0.42618158015868,0.0928614301640505,0.00403641418538697,2.71119294753102,2.69743084400924,2.73337480316002,5,5,5
"481",0.0315577407209638,0.426290315329473,0.034469005767094,0.426180422842781,0.0925413690369352,0.00402096777459254,2.71144668263292,2.69767016426377,2.73361954029171,5,5,5
"482",0.0315572287830557,0.426279742617692,0.0344714068889305,0.426181481051462,0.0922228762025137,0.00400560297730068,2.71178702510044,2.69800935967121,2.73393887504409,5,5,5
"483",0.031551212542835,0.426286577846028,0.0344587814756509,0.426180302837756,0.0919059472497286,0.00399034426939993,2.71209720803932,2.69829627659113,2.73423836688116,5,5,5
"484",0.0315602140870097,0.426283288615272,0.0344678463684138,0.426181606632782,0.0915905876004677,0.00397516308309293,2.71242510124508,2.69860950544519,2.73454580546179,5,5,5
"485",0.0315512538244713,0.426289102503354,0.0344662829968698,0.426181627178175,0.0912767753895303,0.00396011009926417,2.71269557119764,2.69885653732328,2.73480760742394,5,5,5
"486",0.0315546621967154,0.426276989627645,0.0344801241097133,0.426182165566658,0.0909644996420935,0.00394512620576443,2.71305217349819,2.69921574463301,2.73513457287792,5,5,5
"487",0.0315573105983858,0.426282392953551,0.0344982921830466,0.426180995264433,0.090653751222272,0.00393027567629772,2.71334503310025,2.69946647356548,2.73543215419322,5,5,5
"488",0.0315614028880738,0.426278316282654,0.0344169255213395,0.426181763189167,0.090344538604482,0.00391549531133106,2.71363800063125,2.69975996840346,2.7357028575028,5,5,5
"489",0.0315594334714521,0.426282510155898,0.0344602131655761,0.4261804666063,0.0900368301892595,0.00390079679441369,2.71396174617615,2.70006150257589,2.73601864319321,5,5,5
"490",0.0315657419602402,0.426275860255361,0.034424154684118,0.426180180853047,0.0897306296924384,0.00388615047863705,2.71427087267311,2.70036475393381,2.73630992013766,5,5,5
"491",0.0315674550625554,0.426281685018084,0.0344996421694117,0.426180430371781,0.0894259281641067,0.00387160354890681,2.71454923062913,2.70062399764252,2.73658756475718,5,5,5
"492",0.0315714258917116,0.426268559189867,0.0344181068598963,0.426180667965018,0.089122702856873,0.0038570976431973,2.71487258026573,2.70094771427758,2.73688762011611,5,5,5
"493",0.0315742535671519,0.42628584239742,0.0344569937773096,0.426181218215635,0.0888209645286075,0.00384270754449445,2.71513196338149,2.70117314927511,2.73714553612051,5,5,5
"494",0.0315773523064065,0.426269593039974,0.0343931444877634,0.42618160471642,0.088520681694775,0.00382834609640648,2.71544642609542,2.70150165175227,2.73746128522653,5,5,5
"495",0.0315807174245301,0.426274782559212,0.0343998517257911,0.426182448813591,0.0882218498966141,0.00381410131794396,2.71573852514945,2.70177470362811,2.73774206513864,5,5,5
"496",0.0315890495573825,0.42626721899819,0.034452010503724,0.426183018520717,0.0879244699407351,0.00379989558343152,2.71603144675391,2.70206709627654,2.73803136900724,5,5,5
"497",0.0315842152208893,0.426276590814893,0.0344763980825272,0.426181548431515,0.0876285218336802,0.0037857750260385,2.71627893931508,2.70231426282079,2.73828178972014,5,5,5
"498",0.031592376708342,0.426270102604833,0.0344424028246666,0.426181339230179,0.0873339934956074,0.00377172206747878,2.71660310094735,2.7026389448461,2.73858946685033,5,5,5
"499",0.031597868954883,0.426272870682525,0.034479525791139,0.426180332131366,0.0870408851846561,0.00375776100600134,2.71689091196973,2.70288801840015,2.73888967837696,5,5,5
"500",0.031601877505009,0.426265313573857,0.0344763201696138,0.426181136087273,0.0867491848123722,0.0037438730558067,2.717170988592,2.70318549850902,2.73917435906328,5,5,5
"501",0.0316027349947106,0.426271223995773,0.034497538994264,0.426181895996611,0.086458878332302,0.00373008745549008,2.71744909210337,2.70345017997798,2.7394511986633,5,5,5
"502",0.0316128785352867,0.42626444842648,0.0344722690985905,0.426182591202715,0.0861699641785575,0.00371635275970195,2.71776128942217,2.70374398135085,2.73974094319776,5,5,5
"503",0.0316123770679569,0.426271116115618,0.0344887018678681,0.426180555901195,0.0858824244499925,0.00370269055159633,2.71802571765516,2.7039829715064,2.74002477935846,5,5,5
"504",0.0316176159602998,0.426260151772629,0.0345068662338507,0.4261807583963,0.0855962498064792,0.00368908577238458,2.71833446803815,2.70429839222212,2.74031461708653,5,5,5
"505",0.0316270664164366,0.42627382692947,0.0345086263764992,0.426180503998657,0.0853114468837909,0.00367560030903663,2.71857947238639,2.70452679600273,2.74057421620148,5,5,5
"506",0.0316258259536487,0.426262879495914,0.034485917907031,0.426181083243515,0.0850279916153854,0.00366216758148596,2.71884986677779,2.704809599264,2.74085495551554,5,5,5
"507",0.0316336319879844,0.426264605051359,0.0345207563147484,0.426181361596332,0.0847458830980774,0.00364882161984081,2.71911270517111,2.70505262765339,2.7411103011504,5,5,5
"508",0.0316374188660935,0.426257568219823,0.0345037624876791,0.426183208055074,0.0844651093108563,0.00363551144185992,2.71940059796897,2.70533182234263,2.7414161379132,5,5,5
"509",0.0316467835152291,0.426269899103654,0.0345303078225185,0.426180237146464,0.0841856668341159,0.00362229743790893,2.71962676152237,2.70556913604298,2.74163916012057,5,5,5
"510",0.0316457474274103,0.426252388655906,0.0344792624669337,0.42617988304994,0.0839075439039878,0.00360913920958228,2.7199336543284,2.70585714849,2.7419501659069,5,5,5
"511",0.0316581891841804,0.426265892165143,0.0344964654804623,0.426180207707411,0.083630738801284,0.00359608524159538,2.72015052378717,2.70606043941238,2.74217726507427,5,5,5
"512",0.0316596918726832,0.42625667307352,0.0345011952533778,0.426180401515982,0.0833552308889718,0.00358306812350528,2.7204645080813,2.70638647810437,2.74248641718546,5,5,5
"513",0.0316702221264561,0.426266514931254,0.0344963419446537,0.426180076213928,0.0830810189657077,0.00357016112746555,2.72068872577831,2.70661729123541,2.74271530302858,5,5,5
"514",0.0316731440312723,0.426248702842145,0.0344649845930419,0.426180193774838,0.0828080931938127,0.00355726233165388,2.72098298330009,2.70688834005228,2.74302488369783,5,5,5
"515",0.0316873745553565,0.426273512116285,0.0344896289748702,0.426180881962281,0.0825364631898905,0.00354449049727112,2.72119321400671,2.70711012102809,2.74323879472377,5,5,5
"516",0.0316781854033154,0.426245455544929,0.0344637441834605,0.426182408094377,0.0822660894080163,0.0035317334149132,2.721491398554,2.70741315963685,2.74352987488625,5,5,5
"517",0.0316910295277559,0.426258129322988,0.0345055985507352,0.426181334711973,0.0819969847566612,0.00351906428938531,2.72171403233196,2.70763125445912,2.74376909737338,5,5,5
"518",0.0316925788822791,0.426250811396982,0.0344823698638987,0.426182519059737,0.0817291355235207,0.00350646925495346,2.72199304977196,2.70792278039654,2.74405696427228,5,5,5
"519",0.0317044088891998,0.426261429078523,0.0344914130372802,0.426181561925294,0.081462537965459,0.00349398899144338,2.72222059073237,2.70813770917809,2.74428338910981,5,5,5
"520",0.0316985968321978,0.426242758835637,0.0345329342640035,0.426181558371795,0.0811971732969858,0.00348151513283529,2.72252431611309,2.70844039738106,2.74458286276808,5,5,5
"521",0.0317110549991305,0.426263918996409,0.0345003133288484,0.4261802301825,0.0809330423480903,0.00346914807296561,2.72268872596884,2.708614361073,2.74477406854823,5,5,5
"522",0.0317088342158249,0.426249199111632,0.0344826083998411,0.426180306373188,0.0806701328396531,0.00345679884343142,2.72299155214345,2.7089163698595,2.74508718948723,5,5,5
"523",0.0317227296691191,0.426261204039096,0.0345275685469058,0.426181307081388,0.0804084510058217,0.00344455066606514,2.72316325143428,2.70908676652974,2.74528448444061,5,5,5
"524",0.0317161041292979,0.426244528018568,0.0344680229903223,0.426181332199987,0.0801479707694843,0.00343230364982283,2.72345426073012,2.7093914589207,2.74558020112608,5,5,5
"525",0.031720448716861,0.426254087030178,0.0345332117466511,0.426181279282061,0.0798886897201321,0.00342011944126386,2.72361749364949,2.70955821492981,2.74577369115308,5,5,5
"526",0.0317178815716727,0.426244800820798,0.0345019077734075,0.426181175559321,0.0796306180980335,0.00340796621552231,2.72390136754141,2.70985047724538,2.74605222267029,5,5,5
"527",0.0317261876885017,0.426257125103567,0.0345238680877053,0.426180637471585,0.0793737187425347,0.0033959108737911,2.72408552607659,2.71003590618799,2.74627965798484,5,5,5
"528",0.0317195559401152,0.426244478331015,0.0345282189646568,0.426180842673335,0.0791180086475144,0.00338388057079908,2.72435518383764,2.71033919389935,2.74656212464445,5,5,5
"529",0.0317273402697375,0.426254034170719,0.0345623047031799,0.426180888610306,0.0788634642833605,0.00337193379260675,2.72453213207434,2.71049333320746,2.74674732013927,5,5,5
"530",0.0317217917850516,0.426242490759863,0.0345036391070811,0.426180250223864,0.078610092667853,0.00336003135158569,2.72480016504986,2.71078046241764,2.74702568721613,5,5,5
"531",0.0317326188638608,0.426258271016356,0.0345157490553945,0.426180360403014,0.0783578714638858,0.00334821181781569,2.72500271304879,2.71098138830701,2.74727380400173,5,5,5
"532",0.0317252306563704,0.426234185988308,0.0344658062263499,0.426180169130392,0.0781068039476466,0.00333639339455749,2.7252700362867,2.71127140787232,2.74753203630173,5,5,5
"533",0.0317325169935694,0.426256044413132,0.034532052034747,0.426180994240315,0.0778568710098639,0.00332467586962415,2.7254412098396,2.71143185100108,2.74771343968473,5,5,5
"534",0.0317346772880206,0.426239987040195,0.0344951066504389,0.426182199011899,0.0776080882222917,0.00331296913115203,2.72571867182117,2.71172140895434,2.74800924899343,5,5,5
"535",0.0317400013136394,0.426259111139387,0.0344975618821402,0.426181260185441,0.0773604304512187,0.00330137504394779,2.72593326984698,2.71190658670992,2.74821857173578,5,5,5
"536",0.0317396401031264,0.426237655378274,0.0344742257483692,0.426181751336908,0.0771139030712019,0.00328980537499313,2.72617595599969,2.7121532418039,2.74849403228624,5,5,5
"537",0.0317450320019973,0.426252253029664,0.0345329716564629,0.426180558306522,0.0768684913357505,0.00327832092748248,2.72637509797435,2.71234892553206,2.74869286858585,5,5,5
"538",0.0317518153413976,0.426237169362996,0.034484216111646,0.426180526507501,0.0766241963298366,0.00326686325744352,2.72665127148366,2.71261614733315,2.7489786944609,5,5,5
"539",0.0317486654633062,0.426247476279485,0.0345165083633098,0.426180393841383,0.0763810058152835,0.00325550350672354,2.72687266884241,2.71282488152189,2.74918101926501,5,5,5
"540",0.0317506360569289,0.42624052157551,0.0344880695327171,0.426180733018889,0.076138926159193,0.00324421584200152,2.72710407525894,2.7130617597553,2.74945644576684,5,5,5
"541",0.0317580196380916,0.426246123995837,0.0345482872812352,0.426181143391546,0.0758979287982742,0.00323300245347824,2.72733616463751,2.713276615853,2.74966432781583,5,5,5
"542",0.0317589612031312,0.42623875129842,0.0344620334660824,0.426181597795698,0.0756580213599571,0.00322182314537334,2.72760806677851,2.71353106674131,2.74994150322603,5,5,5
"543",0.0317565661381787,0.426244296403435,0.0345209754467577,0.426180306886713,0.0754191989510058,0.00321071601651429,2.7278046481683,2.71371991582317,2.75014459283357,5,5,5
"544",0.0317660534552645,0.426239586177953,0.0344731166977538,0.426179685317558,0.0751814604434378,0.00319965269071115,2.72801441639803,2.71395089133886,2.75038729280456,5,5,5
"545",0.0317633783726002,0.426240538546142,0.0344731855745571,0.426180884731344,0.0749447819582038,0.00318862772199391,2.72824906582794,2.71415903163942,2.75060958313154,5,5,5
"546",0.0317700271202537,0.426240013946752,0.0344761005674139,0.426182051863555,0.0747091680228764,0.00317765249310198,2.72848528776838,2.71439743941017,2.75085892739959,5,5,5
"547",0.0317735187421608,0.426248211214448,0.0344964850204306,0.426180924725866,0.0744746096662415,0.0031667303111878,2.72870478454292,2.71460724430057,2.75107669272164,5,5,5
"548",0.0317798239098742,0.426234150555416,0.0344961358328893,0.426182847940225,0.0742411116281543,0.00315584677124464,2.72894146893854,2.71483905097101,2.75134570796972,5,5,5
"549",0.0317739198811507,0.426245311281,0.0345175772363251,0.426181068630195,0.0740086549075194,0.00314511432387399,2.72913397897314,2.71500624491619,2.75149727762098,5,5,5
"550",0.0317921292677745,0.426236438349704,0.0345085966597703,0.426182453527091,0.0737772435298067,0.0031344220646935,2.72938406362304,2.71527246056024,2.7517953553117,5,5,5
"551",0.0317821658241134,0.426244440428619,0.0345247774423974,0.426180439868525,0.073546866143075,0.00312379025271475,2.72957519910363,2.71544786358275,2.75196415245492,5,5,5
"552",0.031791140463901,0.426240133147986,0.0345065217041781,0.426180258997577,0.0733175214779356,0.00311319867801169,2.72977565014652,2.71564687653511,2.75218576298159,5,5,5
"553",0.031791137252864,0.426234135014822,0.0345222464938768,0.42618033984053,0.0730891907842572,0.00310267168462686,2.73000306706104,2.71585504168314,2.75239527309874,5,5,5
"554",0.0317999514109912,0.426233535618577,0.0344647391538444,0.426181661585566,0.0728618908285773,0.00309221644377283,2.73021374105702,2.71609816699273,2.75264338551983,5,5,5
"555",0.0317976685635786,0.426247205529519,0.0344913303384785,0.42618159290087,0.0726355864620387,0.00308182873083279,2.73039424614056,2.71624428898741,2.75280711199128,5,5,5
"556",0.0318065979348185,0.426229295905496,0.0344842415969321,0.426183371637239,0.0724103014981236,0.00307146146803616,2.7306090393431,2.71646744977994,2.75306201577193,5,5,5
"557",0.031805309485812,0.426238281794983,0.0344871831076412,0.426181543882037,0.0721860110872554,0.00306113808239405,2.73080260525259,2.71665315747671,2.75321804902618,5,5,5
"558",0.0318172803413176,0.426237488098297,0.0344639270018227,0.426181134621042,0.0719627209929254,0.0030508456803276,2.73101740888833,2.71689572573266,2.75347831769149,5,5,5
"559",0.0318120215392143,0.426234948448561,0.0345194449283639,0.426180226914643,0.0717404161485503,0.00304060873030365,2.73120580661623,2.71704346684454,2.75365713103733,5,5,5
"560",0.0318227839831927,0.426232216219908,0.0344878158832199,0.426180172285409,0.0715191030119444,0.00303041769981321,2.73141588147303,2.717288016825,2.75388526942749,5,5,5
"561",0.0318195615422168,0.426239894850153,0.0345206296763011,0.426181556056154,0.0712987551041519,0.00302026145892031,2.73162374694028,2.71746108587619,2.75406878118452,5,5,5
"562",0.0318285842109713,0.426228756068848,0.0344577275291338,0.426182365561298,0.0710794010289881,0.00301015180185549,2.73177783940994,2.71767447216182,2.75427174952442,5,5,5
"563",0.0318270949063123,0.426232760969278,0.0344630337070414,0.426180935574384,0.0708609982189759,0.00300008176976641,2.73201943988401,2.71787060495075,2.75448526651341,5,5,5
"564",0.0318320610005555,0.426233232326797,0.0344985995553075,0.426180393436501,0.0706435639675915,0.0029900559796856,2.73223749868573,2.7181276293273,2.75470493469783,5,5,5
"565",0.0318305239070277,0.426236596181394,0.0345174110232164,0.426180725612526,0.0704270794672837,0.00298007258781297,2.73241264469385,2.71826379979268,2.754875745924,5,5,5
"566",0.0318368066522687,0.426228775046256,0.0344350694811507,0.426180692858422,0.0702115602729535,0.002970120852125,2.73259375916881,2.71850534486735,2.75507703005698,5,5,5
"567",0.0318352988490628,0.426236171467634,0.03447609021595,0.426180413542941,0.0699969670256789,0.00296019558040606,2.73286152955057,2.7187422708722,2.75532994863014,5,5,5
"568",0.0318422683649211,0.426226823835376,0.0344244419128781,0.426179889753602,0.0697833254773704,0.00295032130774192,2.73301552422497,2.71892597995598,2.75549310017164,5,5,5
"569",0.0318389202803151,0.426232690210103,0.0344697822351389,0.426179929871131,0.0695706076047245,0.00294051456094963,2.73323836909595,2.71912752393655,2.75569877002628,5,5,5
"570",0.0318484563049509,0.426238039402933,0.0344812640549085,0.42618071702294,0.0693588223019802,0.00293076502209416,2.73342858584031,2.71938683099064,2.75591110551029,5,5,5
"571",0.0318499250898324,0.42622667865179,0.0344927640056249,0.426180135970131,0.0691479518568806,0.00292103783047798,2.73367191994411,2.71958832880081,2.75615123886721,5,5,5
"572",0.0318533943118397,0.426223838339784,0.0344766349800185,0.426180523022934,0.0689380046516233,0.00291134653959779,2.73384404236696,2.71979568974315,2.75630442898266,5,5,5
"573",0.0318591876949703,0.426234329526239,0.0344862836411906,0.426182150445305,0.0687289510673964,0.0029017148367903,2.73410270285655,2.72005472169451,2.75657302322916,5,5,5
"574",0.0318594478343335,0.42622920032956,0.0344174381958719,0.426181872375643,0.068520818862692,0.00289213281342893,2.73423756135531,2.72021002265478,2.75671387660008,5,5,5
"575",0.0318674906908307,0.426223843707496,0.0344969140477094,0.426181053276323,0.0683135713778662,0.002882571019175,2.73447545264908,2.72045218853398,2.75697102119856,5,5,5
"576",0.0318693536573169,0.426235135069847,0.0344507547817376,0.426180873560278,0.0681072308868564,0.00287306911924901,2.73462448111537,2.72064833294877,2.75710782437949,5,5,5
"577",0.0318715174809585,0.426222975721903,0.0345071769509653,0.426181295685925,0.067901764540334,0.002863566269454,2.73488128128133,2.72085671307636,2.7573636837346,5,5,5
"578",0.0318848251695492,0.426223509584448,0.0344764484181279,0.426181732973409,0.0676971991518653,0.00285411428663901,2.73503318067462,2.72107625895608,2.75754186528503,5,5,5
"579",0.0318813579512545,0.42623510698918,0.0345271214034009,0.426181488319987,0.0674934946868516,0.00284471168428352,2.73526453697934,2.72128513988174,2.75775778851929,5,5,5
"580",0.0318851946406015,0.426227793058751,0.034500524291172,0.426181279353885,0.0672906826888408,0.00283534868000967,2.73539054330873,2.72144486095741,2.75791144954133,5,5,5
"581",0.0318939282120029,0.426221291871322,0.0344821502872773,0.426180040800901,0.0670887308047176,0.0028260287761786,2.73563127550252,2.72167552285509,2.75815326586001,5,5,5
"582",0.0318964143982238,0.426238237440331,0.0344957241451278,0.426180193750704,0.0668876547323664,0.00281677561270849,2.73576851006206,2.72185344059682,2.75830150742656,5,5,5
"583",0.0318960341773421,0.42622114084598,0.034480220691004,0.426181018318321,0.0666874261127405,0.00280752535301115,2.7359842403261,2.72205632529408,2.75853630107317,5,5,5
"584",0.0319038383139012,0.426221666219585,0.0345329534772191,0.4261824222666,0.066488077004253,0.00279832119187257,2.73613266898974,2.72224275411363,2.75867986054346,5,5,5
"585",0.0319012736978873,0.426232422233942,0.0344653525347623,0.426180536918444,0.0662895616618647,0.0027891723885119,2.73635644679855,2.72241838867547,2.75888629245385,5,5,5
"586",0.0319146018639214,0.426225047932393,0.034496440006957,0.426180347161608,0.0660919127059125,0.00278006500028172,2.73649042479378,2.72260485251224,2.75906366711419,5,5,5
"587",0.0319151733873549,0.426217430597292,0.0344922197887521,0.426180953606228,0.0658950965154635,0.00277101163408788,2.73670257105571,2.72279952971394,2.75926413064344,5,5,5
"588",0.0319185844559126,0.426230084887869,0.0344776680697427,0.42618200081775,0.0656991313090182,0.00276203167120881,2.7368285815547,2.72297178267658,2.75939245657374,5,5,5
"589",0.0319197921752077,0.426221988891087,0.0344800023469836,0.426181163675734,0.0655039895055479,0.00275305716244484,2.73704381927129,2.72314182733337,2.75960870478935,5,5,5
"590",0.0319331921869978,0.42621745709693,0.0345010195415263,0.426182436408932,0.0653096948391659,0.00274410868756869,2.73717977396315,2.72334528492034,2.7597784846031,5,5,5
"591",0.0319246851458257,0.426229876919579,0.0344739583982688,0.426180608007964,0.0651162124931031,0.00273520744783878,2.73737409350253,2.72351410216927,2.75995725800455,5,5,5
"592",0.0319373969799984,0.426217491353318,0.0344362263813593,0.426182266960329,0.0649235639069839,0.00272634044552889,2.73753650899132,2.72370822940732,2.76013873666483,5,5,5
"593",0.031937133043326,0.426221841826569,0.0344491452579954,0.426180926570085,0.0647317301223126,0.00271751424536554,2.737720839711,2.7238817854379,2.76033369384421,5,5,5
"594",0.0319457838758193,0.426228529384415,0.0344820626181227,0.426180814644314,0.0645407137628378,0.00270875396059478,2.73789346350381,2.7240836763525,2.76050529095539,5,5,5
"595",0.0319403780688239,0.426221371956376,0.0345022826083251,0.426180013057856,0.0643505033463468,0.00270001620162658,2.73808310903943,2.72424454349542,2.76069904793025,5,5,5
"596",0.0319547161611984,0.426216918005446,0.0344467936873533,0.426180705042916,0.0641611105492854,0.00269130562250608,2.73822510927719,2.72444875584061,2.760872197887,5,5,5
"597",0.0319475109165228,0.42622941853108,0.0344644368298977,0.426180050295506,0.0639725096190009,0.00268264307713867,2.73841688115733,2.72460192462209,2.76104163919884,5,5,5
"598",0.0319535624877536,0.426220738782287,0.0344341096613634,0.426180598760065,0.0637847165340828,0.002674034087709,2.73853888792939,2.72475699251814,2.76120026424341,5,5,5
"599",0.0319556322504376,0.426218694328426,0.0344865359513099,0.426181204313381,0.0635977131241715,0.00266549475872646,2.73873997085349,2.72494692760277,2.76138653177971,5,5,5
"600",0.0319596497822615,0.426220222897566,0.0344756548400842,0.426183381813063,0.06341150342897,0.00265702241863763,2.73887074295708,2.72511141240479,2.76154675130241,5,5,5
"601",0.0319531479028687,0.426218278794025,0.0345085131259476,0.426181631878578,0.0632260763854764,0.00264860274453871,2.73905720133503,2.72527151247728,2.76172219101323,5,5,5
"602",0.0319709035753047,0.426218941920283,0.0344772310294318,0.426181715135326,0.0630414347973624,0.00264022274045517,2.73918923162701,2.72545372533594,2.76188996372769,5,5,5
"603",0.0319568892068854,0.426221920471358,0.0344990734280631,0.426180745652295,0.0628575668356802,0.00263187416605598,2.7393683811759,2.72559692769629,2.76203804026674,5,5,5
"604",0.0319694490252522,0.426218200339847,0.0344936063547244,0.426180486509621,0.0626744709357488,0.00262355473843212,2.73950817699857,2.72579225751152,2.76222581558449,5,5,5
"605",0.0319725297108125,0.426217808152305,0.0345404502322805,0.426180278135449,0.062492140472922,0.00261526188320149,2.73971472579113,2.72597882594708,2.76240702342814,5,5,5
"606",0.0319742158490271,0.42622436886711,0.0344695698256386,0.426179772006288,0.0623105774092961,0.00260702021375769,2.73982612665707,2.72610192324746,2.76253405606971,5,5,5
"607",0.0319732507016769,0.426216169731944,0.0345504399641245,0.426180945603874,0.0621297626309405,0.00259879479676772,2.74004569772863,2.7263254369213,2.76275903652202,5,5,5
"608",0.0319944746164089,0.426220389149047,0.0344608625815188,0.426180417113335,0.0619497092009297,0.00259064292801497,2.74018902094806,2.72651075040627,2.76291708196685,5,5,5
"609",0.0319841132369472,0.426219983416254,0.034491499290628,0.426181232412635,0.0617704011763914,0.00258252617032262,2.74036896420981,2.7266366269225,2.76306956097047,5,5,5
"610",0.0319941897180659,0.426216978211081,0.0344527285221482,0.426182009344782,0.0615918422172995,0.00257447041686054,2.74049652744755,2.72681735051075,2.76324408453782,5,5,5
"611",0.0320021610126124,0.426215570493859,0.034494037769795,0.42618171777149,0.0614140170004196,0.00256643724602879,2.74071896966156,2.72701303296513,2.76344677748675,5,5,5
"612",0.0320044622512204,0.426219292055188,0.0344958240382507,0.426181653759385,0.061236935426123,0.00255846064781562,2.74084269086093,2.72714722234271,2.76356934716539,5,5,5
"613",0.0320108260596465,0.426215595436296,0.0345053962542124,0.426180440685916,0.0610605866771437,0.00255050220243985,2.74103432582544,2.72732027366841,2.76377309031942,5,5,5
"614",0.0320232989132374,0.426214046500469,0.0344689861831181,0.426181286401456,0.0608849791639884,0.00254258814312186,2.74113500018555,2.72745486120907,2.76389367475598,5,5,5
"615",0.0320215505779834,0.42621872938042,0.0344926724714443,0.426180143938722,0.0607100802194163,0.00253470508449588,2.74138543109713,2.72766019211865,2.76410334577419,5,5,5
"616",0.0320351060484799,0.426215119929932,0.034490905643178,0.426180708418818,0.0605359123923273,0.00252684725436869,2.74148103887634,2.72780794655885,2.76423916646728,5,5,5
"617",0.0320420083555717,0.426213832247095,0.0344776338470952,0.426180920540797,0.0603624645553343,0.00251903313647983,2.74168378116736,2.72797814889775,2.7644485936829,5,5,5
"618",0.0320411376995978,0.426215458767161,0.0344859207237883,0.426181993739987,0.0601897314048356,0.00251125938235003,2.74178635817156,2.7280882504001,2.76454247003999,5,5,5
"619",0.0320516355700738,0.426214901843015,0.0344931150751433,0.426180757958301,0.0600177079846699,0.00250352832235223,2.74201069042592,2.72830129109076,2.76475371072409,5,5,5
"620",0.0320645194946868,0.426211928960028,0.0344949849943809,0.426180319751155,0.059846390850216,0.00249582526089837,2.74213130677892,2.72845818022817,2.76490584399439,5,5,5
"621",0.0320582414310833,0.426216889935313,0.0345104274775113,0.426180149180399,0.0596757727638036,0.00248815479911707,2.74231830282817,2.72858922021794,2.7650711108668,5,5,5
"622",0.0320731931172458,0.426214179791185,0.0344938597169178,0.426180698166375,0.0595058617084332,0.00248051615469741,2.74241563838963,2.72873490527495,2.76519197002563,5,5,5
"623",0.032081453089373,0.426213799109662,0.0344836692033298,0.426181283020495,0.0593366422535127,0.00247292162213164,2.74265187636246,2.72892111412909,2.76539909736312,5,5,5
"624",0.0320832422101801,0.426216228897368,0.0344613988080895,0.426181755423541,0.0591681066433716,0.00246536893146654,2.74274728789322,2.72905823921298,2.7655241126749,5,5,5
"625",0.0320870135916061,0.426218157812132,0.0344918565531562,0.426180791989477,0.0590002710293579,0.0024578603390587,2.74292301063281,2.72917407442216,2.76568391048272,5,5,5
"626",0.0321048429009718,0.426212355465781,0.034486449335848,0.426181917003601,0.058833120700362,0.00245038479937798,2.74303133466067,2.72933722347284,2.76582672844981,5,5,5
"627",0.0321007280885319,0.4262138512874,0.034471561796729,0.426180843254307,0.0586666397609596,0.00244294021016445,2.74326053839312,2.72949329239389,2.76600702148933,5,5,5
"628",0.0321094704320793,0.426215295954778,0.0345056148910068,0.426181116525948,0.0585008412600547,0.00243552641613864,2.74330598203352,2.72961881778789,2.76607834388673,5,5,5
"629",0.0321167644264043,0.42621107838013,0.0345016659784378,0.426180761872626,0.0583357213595496,0.00242815511352884,2.74351177141149,2.72975163100666,2.76627296096156,5,5,5
"630",0.0321229357944342,0.426215134216278,0.0344865578257685,0.426181624119214,0.0581712632600183,0.00242085877709725,2.74359500541473,2.72988578836293,2.76635187066981,5,5,5
"631",0.0321251744828073,0.42621559180868,0.0344797193543503,0.426181062300673,0.0580074708589861,0.00241361695496101,2.74379983251117,2.7300369243759,2.76650608939016,5,5,5
"632",0.0321347524357433,0.426209082798163,0.0345000273662647,0.426182669619135,0.0578443405358357,0.00240640174869938,2.74387851941229,2.73015920460441,2.76662378525697,5,5,5
"633",0.0321318281039448,0.426206232209247,0.0345296708689757,0.426181630500358,0.0576818647272166,0.00239921004267374,2.74405577276664,2.73027739360113,2.76676280882432,5,5,5
"634",0.0321465004020909,0.426215302393192,0.0345082049523664,0.426182541083266,0.0575200455246187,0.00239208701267069,2.74414449634983,2.73040494295861,2.76687161896591,5,5,5
"635",0.0321494935601911,0.426208319097254,0.0345439359212668,0.426181493866988,0.0573588760591212,0.00238497411073185,2.74435307040879,2.73056623292746,2.76705661035418,5,5,5
"636",0.0321554144723933,0.426211667673644,0.0344680168730145,0.426180820563598,0.057198346416073,0.00237790727115716,2.74441807136389,2.73068148265615,2.76713204618031,5,5,5
"637",0.0321589431799779,0.426211294858845,0.034513397123797,0.426180129098042,0.057038468149398,0.00237086877139342,2.74460266837745,2.73081125350937,2.7672861525238,5,5,5
"638",0.0321719513922616,0.426212282423103,0.0345113526647689,0.426181102078785,0.0568792314672206,0.00236387194659754,2.74468140422039,2.73092819349982,2.76740199351508,5,5,5
"639",0.0321696808857449,0.426211341799862,0.0345428934452589,0.426180400197038,0.0567206262972407,0.00235688438059606,2.74489303086083,2.73108870018645,2.76754749869739,5,5,5
"640",0.0321798234980002,0.42620987436605,0.0345089344338558,0.426180354272434,0.0565626519418524,0.00234991943924612,2.74496417598721,2.73122930565398,2.76767232965067,5,5,5
"641",0.0321839020591052,0.426208789313809,0.0345652062794376,0.426181533187188,0.0564053137611256,0.00234297804610545,2.74513757702191,2.73135277152271,2.76781024550196,5,5,5
"642",0.0321922246659558,0.426213092933822,0.0345229758902898,0.426181784233284,0.0562485968394017,0.00233607723426466,2.74522910638791,2.73146997949095,2.76792371825147,5,5,5
"643",0.0321945739200911,0.426214268684947,0.0345344859604973,0.426180956334202,0.0560925070912042,0.00232921742175762,2.74541482912571,2.73161951730961,2.76807253009629,5,5,5
"644",0.0322059610841026,0.426205785224604,0.0344459201330665,0.42618087360721,0.0559370315053053,0.00232237813888847,2.745514757468,2.73177503914719,2.76821965500986,5,5,5
"645",0.0322022109776697,0.426212697904173,0.0345068674754162,0.4261803669757,0.05578217444635,0.00231557097138624,2.74564882548321,2.73187384295824,2.76830310380583,5,5,5
"646",0.032218935972751,0.426210428281958,0.0344714855280353,0.426181029356404,0.055627934689668,0.00230879124207112,2.74574989179633,2.73200579155825,2.76844273759692,5,5,5
"647",0.0322142207418479,0.426204290985958,0.0344984343966681,0.42618050999111,0.05547430332493,0.00230201325629975,2.74594555256671,2.73216970837911,2.76858590174862,5,5,5
"648",0.0322216656695692,0.426210847118602,0.0345120156777874,0.426181406142145,0.0553212783212447,0.00229528772773774,2.74599143692965,2.73225196043728,2.7686598436808,5,5,5
"649",0.0322261073704572,0.426211245493104,0.0345186102343492,0.426180914991423,0.055168863482352,0.00228858503012525,2.74615237501221,2.73238747942832,2.7687836513011,5,5,5
"650",0.0322353065181398,0.426201342599289,0.0345324720229894,0.426181157265441,0.0550170440137066,0.00228188503796445,2.74626309188339,2.73252025009135,2.7689450606128,5,5,5
"651",0.032237508628877,0.426210704412486,0.0345507790176056,0.426180688614124,0.0548658188528718,0.00227521414514043,2.74644460273292,2.73267221699327,2.76905772642838,5,5,5
"652",0.0322460679472126,0.426207131799958,0.0345394554599439,0.42618102557701,0.0547151916283287,0.00226857979660899,2.74650370776438,2.73276293947945,2.76915914584264,5,5,5
"653",0.032244550286388,0.426207955308053,0.0345551659433996,0.426181783976327,0.0545651588520704,0.00226196430094644,2.7466537764559,2.73288734042867,2.76929634272401,5,5,5
"654",0.0322560727602313,0.426206543438225,0.0345711277053315,0.426183619670826,0.0544157067403138,0.00225540096192262,2.74676541751905,2.73301663281573,2.76940880192571,5,5,5
"655",0.0322615563865258,0.426206700718854,0.0345415798079983,0.42618101893652,0.0542668388781067,0.00224886754362219,2.74695570614191,2.7331741761897,2.7695795847262,5,5,5
"656",0.0322701336663085,0.426206725186113,0.0345580994963198,0.426181237705947,0.05411855446991,0.00224236698142471,2.74702780783382,2.73328244296949,2.76969362603747,5,5,5
"657",0.0322691017368979,0.426214146782607,0.0345538467168069,0.426180094355708,0.0539708497516626,0.00223590145470909,2.74716130403214,2.73337379378199,2.76978552731907,5,5,5
"658",0.0322827595322408,0.426203615881549,0.0345085562179854,0.426180396573886,0.0538237188281257,0.00222944497271266,2.74726392021558,2.73350897049403,2.76992580877187,5,5,5
"659",0.0322830474606694,0.426207436262677,0.0345369641628098,0.426180087994015,0.0536771602126379,0.00222301013021098,2.74746228154628,2.73368892377628,2.7700950300466,5,5,5
"660",0.0322938757164081,0.426205950460598,0.0345420512201149,0.426182493956199,0.0535311706579705,0.00221661167762466,2.74750097691737,2.73374373287304,2.77016792905452,5,5,5
"661",0.0322955357395245,0.426209335339394,0.0345408088624642,0.426181189818839,0.0533857543490696,0.0022102335801325,2.74764475049058,2.73384993559408,2.77029964229641,5,5,5
"662",0.0323043174221413,0.426202259272632,0.0345377821948039,0.426181329266173,0.0532408920554264,0.00220386769878311,2.74777702507354,2.7340186776412,2.77046877718706,5,5,5
"663",0.0323023916978673,0.426202765690219,0.0345106085621023,0.426181001373134,0.0530965977473134,0.00219752051845751,2.74794562099953,2.73419203024876,2.77061019566804,5,5,5
"664",0.0323105801572971,0.426206987879607,0.0345468022098675,0.426180791840985,0.0529528608513558,0.0021912370221791,2.74803114155177,2.7342775106712,2.7707253077284,5,5,5
"665",0.0323124151306547,0.42620874878215,0.0344744790227071,0.426180714243531,0.0528096817400787,0.00218497152265418,2.74818479933587,2.73444202397794,2.77088421426982,5,5,5
"666",0.0323241995700927,0.426200623698037,0.0344985077046025,0.426180387994251,0.0526670521205682,0.00217872725156049,2.74829995276492,2.73457806498528,2.77102230402187,5,5,5
"667",0.0323261131198753,0.426206318222875,0.0345479060577791,0.426180352807692,0.0525249782889083,0.0021725254438143,2.74848999987851,2.73475485610119,2.77119710932555,5,5,5
"668",0.0323403201187616,0.426205142808871,0.0345274042633152,0.426179806058792,0.0523834508283539,0.00216637918487073,2.74857738022512,2.73487494043872,2.77133820957408,5,5,5
"669",0.0323373213644061,0.426204499910966,0.0345140462775793,0.426179730594786,0.0522424744837684,0.00216025427587685,2.7487544955801,2.73502510676811,2.77147705641119,5,5,5
"670",0.0323460109328732,0.426208997433476,0.0345066924574953,0.426180897285861,0.0521020373578182,0.00215416313775757,2.74882974388118,2.73511332068304,2.77158415600014,5,5,5
"671",0.0323561246585223,0.426205129453913,0.0345041110398585,0.42618117357362,0.0519621457631382,0.00214808831522767,2.74903077672313,2.73531192334895,2.77179246189782,5,5,5
"672",0.0323646650695642,0.426199737621373,0.0345656544387315,0.426182089665696,0.0518227913144053,0.00214204054870815,2.74914790629426,2.73545078316963,2.77192823730114,5,5,5
"673",0.0323697868137924,0.426208057883262,0.034528380877321,0.426180351897053,0.0516839739952097,0.0021360267080438,2.74930095041885,2.73555245885446,2.77207583975886,5,5,5
"674",0.0323857630347826,0.426206505323158,0.0345188184576155,0.426182698696687,0.0515456878491005,0.00213004125907801,2.7493866992035,2.73568109947832,2.77219136032417,5,5,5
"675",0.0323849434929062,0.426199517364993,0.0345511645141474,0.426181081911596,0.0514079335223098,0.00212405645913366,2.74961457259017,2.73588436807703,2.77239618208748,5,5,5
"676",0.0323966749877874,0.426206212490805,0.0345291005287573,0.426181801597437,0.0512707044601181,0.00211812155390578,2.74968359739861,2.7359472893188,2.77250625894224,5,5,5
"677",0.0324018402487582,0.426206026469698,0.0345625927296936,0.426180898269036,0.0511340072746368,0.00211221017897317,2.74982938063018,2.73607925793482,2.77265076842427,5,5,5
"678",0.0324186504467321,0.426201752731471,0.0345689984807403,0.426181610330327,0.0509978288809053,0.00210633064589072,2.74995335357837,2.73621947385792,2.77278597205565,5,5,5
"679",0.0324114422319965,0.426205011175509,0.0345539750197833,0.426180033775686,0.0508621722034795,0.00210047058593338,2.75011348371347,2.73633552094705,2.77293869574511,5,5,5
"680",0.032429732519847,0.426203011160766,0.0345251314046151,0.426180081077084,0.0507270350791584,0.00209465136496917,2.75017393501913,2.73640999434696,2.77305663634253,5,5,5
"681",0.0324340420348659,0.4262014174439,0.0345696853453884,0.426179845271308,0.0505924141726284,0.00208884267388076,2.75036948940801,2.736573133489,2.77323437155276,5,5,5
"682",0.032444088010482,0.426208646937666,0.0344752552994064,0.426181188984917,0.0504583059167929,0.00208306290783161,2.75041429618022,2.73662502416147,2.77330107566748,5,5,5
"683",0.0324443166805829,0.426208442012674,0.0345416387327858,0.426181284059415,0.0503247122786156,0.00207730940247824,2.75057663774421,2.73676123375831,2.7734618840864,5,5,5
"684",0.0324608543950927,0.426200636884532,0.0344785797902222,0.426182312989109,0.0501916279201286,0.00207157890603898,2.75067268364604,2.73684684525983,2.77356698981518,5,5,5
"685",0.0324609501378655,0.426201555823286,0.0345461706464234,0.426180924295987,0.0500590486727374,0.00206585559104133,2.75082180112493,2.73695339601495,2.77369775638684,5,5,5
"686",0.0324774376088408,0.426204336888403,0.0345246699292062,0.426181537522806,0.049926977002359,0.00206016307070372,2.75087154319464,2.73702488249126,2.77380250682319,5,5,5
"687",0.0324725578207761,0.426199866161873,0.034543522046461,0.426181001207135,0.0497954061753891,0.00205446968640471,2.75105861098318,2.73715755248567,2.77393135981854,5,5,5
"688",0.032486708266816,0.426201966922893,0.0345017862918209,0.42618092727217,0.0496643326269765,0.00204880026957333,2.75114026392775,2.73725753879578,2.77403519793855,5,5,5
"689",0.0324959086367486,0.426203074715603,0.0345813826488076,0.426180866057525,0.0495337564219334,0.00204314298290664,2.75127813741925,2.73734599607695,2.77418215158865,5,5,5
"690",0.0325053793144173,0.426197625115197,0.0345279604387563,0.426181400182105,0.0494036745928245,0.00203750138265668,2.75136048291784,2.73743915848753,2.77426601840503,5,5,5
"691",0.0325015478782768,0.426205019305423,0.0345168864712353,0.426181558033512,0.0492740851654655,0.00203187593775767,2.75151135580055,2.7375568467236,2.7743914254164,5,5,5
"692",0.0325187508586859,0.426204317084446,0.0345211981810605,0.426181790814809,0.0491449852464419,0.00202627946581591,2.75158290399199,2.73763595299095,2.77449807536618,5,5,5
"693",0.0325213517520523,0.426201043272079,0.0345225617589173,0.426180856130331,0.0490163703055318,0.00202068893381785,2.75173714470091,2.73777030921623,2.77461484145707,5,5,5
"694",0.0325286755133132,0.426201901351027,0.0345186557332427,0.426180590164331,0.0488882430088108,0.00201512221622502,2.7517627691454,2.73782963341906,2.77467819526749,5,5,5
"695",0.0325295943932178,0.426205264188292,0.0345249932028774,0.426180250537756,0.0487605974257334,0.00200957742017588,2.7519348712716,2.73796087237095,2.77483938597164,5,5,5
"696",0.0325478280425798,0.426197037844369,0.0345225850502293,0.42618065571051,0.0486334289856804,0.00200405456836694,2.75204649644027,2.73806701295742,2.77493084346334,5,5,5
"697",0.0325463790739651,0.426196745502847,0.0345430412741648,0.426181603587868,0.0485067306887606,0.00199854431714014,2.75219429863312,2.7382208160094,2.77507883010811,5,5,5
"698",0.0325517493767863,0.426205015561848,0.0344986684542827,0.426182248813485,0.0483805159254303,0.0019930933623894,2.75222934041715,2.7382551495311,2.77516543217684,5,5,5
"699",0.032560858222769,0.426194114738535,0.0345261524771691,0.426180816327871,0.048254764103819,0.0019876448056706,2.75247023872058,2.73844708403795,2.77532664096903,5,5,5
"700",0.0325640591663806,0.4262012435895,0.0345222771998096,0.426181352715368,0.0481294851359688,0.00198224018991444,2.75250929484977,2.73851883188475,2.77541376463971,5,5,5
"701",0.0325650663374466,0.426197673520759,0.0345322613255701,0.426181545435038,0.048004669285272,0.00197684171059181,2.75265940241603,2.7386305425844,2.77555906223579,5,5,5
"702",0.0325808729252362,0.42620069485649,0.0345462625088898,0.426183084813255,0.0478803210455033,0.00197147465247205,2.75274078126949,2.73873963804467,2.77563715130367,5,5,5
"703",0.0325764599037991,0.426198509493421,0.0345260769821171,0.426181373616566,0.0477564329470718,0.00196610989009616,2.75293782451874,2.73888679828398,2.77580861010363,5,5,5
"704",0.0325831089843749,0.426206834239551,0.0345035055854026,0.426181151005422,0.0476330112311464,0.00196079114155323,2.75292827310522,2.73891788369801,2.77583272044602,5,5,5
"705",0.0325948613625846,0.42619193884911,0.0345328314047698,0.426180245307744,0.0475100432717757,0.00195545577179668,2.75313968224534,2.73909506353616,2.77600663330912,5,5,5
"706",0.0325933560597586,0.42619800300003,0.0345399596778457,0.426179795071638,0.0473875340962044,0.00195017373463136,2.75318098194154,2.73917183104941,2.77609960477098,5,5,5
"707",0.032595290349421,0.426203787483112,0.0345590024973259,0.426180445520642,0.0472654819597814,0.00194491917736711,2.75333954066152,2.73928079051737,2.77620421767128,5,5,5
"708",0.032611669893285,0.42619847202046,0.0345480511986492,0.426180832018207,0.0471438786511081,0.00193968248513793,2.75340099781517,2.73939243372634,2.77630282745805,5,5,5
"709",0.0326047333292539,0.426192531448779,0.0345519345782765,0.426180403007763,0.0470227252855112,0.00193446244697415,2.75353926081489,2.73950649030102,2.77644614743759,5,5,5
"710",0.0326114133363694,0.426207208897317,0.0345534697378953,0.426180641458847,0.0469020253167495,0.00192930434293292,2.75357538458074,2.73956706890629,2.7764947103389,5,5,5
"711",0.0326159718084753,0.426197881951918,0.0345469093426846,0.426181020124084,0.0467817640170796,0.00192415236391619,2.75380021829046,2.73975038600334,2.77667086422672,5,5,5
"712",0.0326225350733701,0.426195430491728,0.0345476015779868,0.426181395820414,0.0466619480561801,0.0019190250285257,2.75382156612082,2.73980302921835,2.77675093370833,5,5,5
"713",0.0326200842078471,0.426198160875803,0.034589746034688,0.426182099878307,0.0465425768773524,0.00191391003106162,2.75394064797756,2.73990530180164,2.7768332509686,5,5,5
"714",0.0326331576892668,0.426205555800842,0.0344878818825575,0.426182370728759,0.0464236388595856,0.00190883282934667,2.75406074324437,2.74007118810233,2.77699033088864,5,5,5
"715",0.0326333282690137,0.426194242606067,0.0345517673806021,0.426181324795657,0.0463051420839379,0.00190377760897092,2.75419394690637,2.7401663997999,2.77708884934314,5,5,5
"716",0.0326350371722287,0.426201372893116,0.0344950082865724,0.426180424514637,0.0461870859657199,0.00189878859166365,2.75419740340682,2.74022028123259,2.77714041214611,5,5,5
"717",0.0326446371796582,0.42619331227664,0.0345385597885527,0.426180321501819,0.0460694529019901,0.00189379141865642,2.75437718579174,2.74036701750192,2.77729677155543,5,5,5
"718",0.032647835435982,0.426201245090383,0.0344762479908273,0.426180093010938,0.0459522561283112,0.00188882799786738,2.75440547424931,2.74044308422752,2.77738212189411,5,5,5
"719",0.032649891179892,0.426198914746299,0.034522206245719,0.42618074613594,0.0458354925479444,0.00188388416819341,2.75455166170288,2.74056388417251,2.77748618594817,5,5,5
"720",0.0326560638625879,0.426199748132545,0.0344852243930537,0.426181343321482,0.045719148766575,0.00187899065822461,2.75462410456301,2.74065146330677,2.77759544896689,5,5,5
"721",0.0326596913995012,0.426195139542481,0.0345005812611544,0.426180915432948,0.0456032329290136,0.00187413141703696,2.75471324184581,2.74073510923489,2.77769141074607,5,5,5
"722",0.0326611580718165,0.426203686769565,0.0345189986384714,0.42618149982297,0.0454877456416757,0.00186932753529556,2.75473109420189,2.74080342156055,2.77776137055123,5,5,5
"723",0.0326689726432555,0.426189721713027,0.0345151430497077,0.426181569540874,0.0453726760594459,0.00186451459170944,2.75494507679535,2.74099182357866,2.77793003640159,5,5,5
"724",0.0326739574933318,0.426203196639935,0.0345108066988068,0.426181230431355,0.0452580267741221,0.00185973688968466,2.75492976630554,2.74100692704547,2.77798717624201,5,5,5
"725",0.0326745905130749,0.426195729947186,0.0345240955961725,0.426180636076272,0.0451437974486373,0.00185496081914222,2.75503666527566,2.7411192195745,2.77809051124941,5,5,5
"726",0.0326859716242636,0.426199916760864,0.0345125859611178,0.426180829681512,0.0450299795446288,0.00185021351778397,2.75513474721933,2.74122318523671,2.77819688714793,5,5,5
"727",0.0326927540924914,0.426190811374281,0.034537206119368,0.426180418351495,0.0449165767598883,0.00184547622429415,2.75529012575709,2.74138208333543,2.77835057857333,5,5,5
"728",0.0326946378149543,0.426206979534807,0.0345142787518387,0.426182534095093,0.0448035858641605,0.00184078129908516,2.75530156611586,2.74140768415775,2.77842053182694,5,5,5
"729",0.0327036035154032,0.426195199999083,0.0345386982786538,0.426181352456319,0.0446910013811949,0.00183608409519437,2.75546750875702,2.74156769200617,2.77854627649139,5,5,5
"730",0.0327124080117671,0.426201775735005,0.0345443328114695,0.426181589562754,0.0445788276300814,0.0018314202325066,2.75551773772458,2.74163410061821,2.77864416119145,5,5,5
"731",0.0327136454862827,0.426192396635,0.034585553640112,0.426180549167723,0.0444670612549853,0.00182676221475719,2.75566595980879,2.74176239123541,2.77874473615321,5,5,5
"732",0.0327286230501191,0.42620320731687,0.0345034093799141,0.426181345329408,0.0443556899906854,0.00182213066679204,2.75576323072698,2.7418775260948,2.7788946338019,5,5,5
"733",0.0327247259194971,0.426192281191739,0.0345527676757617,0.426180662564596,0.0442447308231556,0.00181750040893314,2.75582195122089,2.74193662613153,2.77890727199563,5,5,5
"734",0.0327323577660826,0.426200649061318,0.0345266426931452,0.426180714187156,0.0441341677194793,0.00181291284970631,2.75592111688171,2.74202820363778,2.77905363208135,5,5,5
"735",0.0327417830338343,0.426192939258058,0.0345153442218588,0.426180667582282,0.0440240013035124,0.00180832389386282,2.75604715677473,2.74216190631381,2.7791399997251,5,5,5
"736",0.0327468686252398,0.426204259105513,0.0344971690883932,0.426181785015504,0.0439142308360919,0.0018037711651121,2.75612842749119,2.74224657239738,2.77925970692676,5,5,5
"737",0.0327459301406532,0.426190562953678,0.0345373129809724,0.426181878586996,0.0438048595554853,0.00179921417229389,2.75621311156632,2.74231640946336,2.77930868100119,5,5,5
"738",0.0327606757284141,0.426196102269399,0.0345635483308529,0.42618107317098,0.0436958723707313,0.00179466944581591,2.75635907889506,2.74245820028303,2.77950142582179,5,5,5
"739",0.0327598296536255,0.426194092148755,0.0345587034364613,0.426180730869412,0.0435872838057259,0.00179013717831134,2.75642550231391,2.74254083258295,2.77950869912411,5,5,5
"740",0.0327705982723611,0.426205754244541,0.0345210024687161,0.426180628281448,0.0434790802323945,0.00178563166223228,2.75652377858239,2.74264769900997,2.77965709738751,5,5,5
"741",0.0327745639481582,0.426190375878599,0.0345272701668853,0.426180270830582,0.0433712638702252,0.00178111573368234,2.75663596508592,2.74276191036772,2.77972534936013,5,5,5
"742",0.0327852503829173,0.426199142320369,0.0345074165663846,0.426181550963502,0.0432638338612114,0.0017766277074886,2.75673640526782,2.7428705338104,2.77987395282296,5,5,5
"743",0.0327866550559849,0.42619286387254,0.0345366144545363,0.426180871818805,0.0431567876883961,0.00177214475727588,2.75681618741617,2.74296518140907,2.77988722458506,5,5,5
"744",0.0327992742807414,0.426198018484571,0.0345180853617385,0.426181135204835,0.0430501179534994,0.00176769735015248,2.75694491559289,2.7430922169076,2.78007601454195,5,5,5
"745",0.0327985004570169,0.426195481092034,0.0345353450895618,0.426180486473764,0.0429438377689971,0.00176326940364901,2.75699355407894,2.74315996462176,2.78008502242578,5,5,5
"746",0.0328057392486797,0.426199673563119,0.0345275244314298,0.42618013637687,0.0428379278681371,0.00175885542972831,2.75711299719248,2.74329311060467,2.78023476557723,5,5,5
"747",0.0328125985506441,0.426192208620887,0.0345262096439386,0.426180714586609,0.0427324038519466,0.00175445303745669,2.75716333666852,2.7433376064369,2.78026258380555,5,5,5
"748",0.0328181471107916,0.426202755649642,0.0344900408733993,0.426181035601753,0.0426272471420058,0.00175007860602328,2.75729274126078,2.74348307869046,2.7804194461717,5,5,5
"749",0.0328186777987212,0.426188535549956,0.0345455507087473,0.426181348112609,0.0425224711190943,0.00174571817695007,2.7573444714839,2.74355020447115,2.78043647391695,5,5,5
"750",0.03283314579699,0.426200781653668,0.0345169038125261,0.426181945321429,0.0424180631147657,0.00174141833803215,2.75747823628285,2.74367452480529,2.78061606932735,5,5,5
"751",0.0328306442005955,0.426194756249069,0.0345473703237186,0.4261806805097,0.0423140302730875,0.00173713294246036,2.75755018799547,2.74375248902428,2.78062785183136,5,5,5
"752",0.0328381437051073,0.426201138403721,0.0345298280722582,0.426180018795023,0.042210361518435,0.00173287011973877,2.75762513123677,2.74384846486441,2.78076071338881,5,5,5
"753",0.0328414784637032,0.42618859286228,0.0345395268173266,0.426181164502034,0.0421070655283078,0.00172859934182179,2.75771242598188,2.74394543587967,2.78082362643825,5,5,5
"754",0.0328519548411597,0.426205021693677,0.0344240418531136,0.426182795451791,0.0420041318451681,0.00172436439967599,2.75782578903295,2.74405484747927,2.78097173002081,5,5,5
"755",0.0328447162459728,0.426191898821603,0.0344681785864357,0.426180411287627,0.0419015671569898,0.00172012574946456,2.75789601456312,2.74412987557218,2.78098499892315,5,5,5
"756",0.0328615586849447,0.426195328779907,0.034506511747583,0.426180071129733,0.0417993593912491,0.00171589456501609,2.75799439785006,2.74427051501465,2.78113480757003,5,5,5
"757",0.0328579648886955,0.426186583346041,0.0345452543618148,0.426181410795581,0.0416975222297557,0.00171166818265961,2.75800745537419,2.74427873944172,2.78113680370201,5,5,5
"758",0.0328710576963839,0.426200880275096,0.0344881951617133,0.426183167980009,0.0415960362134172,0.00170746427405288,2.75818716144596,2.74447674497127,2.78133040508982,5,5,5
"759",0.0328667936432656,0.426191520712886,0.0345084477116309,0.426181349725077,0.0414949150915218,0.00170327036398327,2.75822060719327,2.744514942138,2.78133148715914,5,5,5
"760",0.0328799588041895,0.426202449114727,0.0345231857103537,0.426182159624007,0.0413941510518376,0.00169911184314625,2.75824594012462,2.74459024142524,2.78143204033149,5,5,5
"761",0.0328784452761976,0.426187160702984,0.0345331257579056,0.426180788509314,0.0412937452895934,0.00169495925081142,2.7583428624894,2.74468182940723,2.78146444593096,5,5,5
"762",0.0328867410209938,0.426199600496088,0.0345635246642868,0.426181708551266,0.0411936866479935,0.00169084150413001,2.75845898856465,2.7447983847755,2.78160362367239,5,5,5
"763",0.0328869608029919,0.426191660506758,0.0345483735754174,0.426180194407834,0.0410939897709165,0.00168673902491479,2.7584683785308,2.74483684989469,2.78161079538072,5,5,5
"764",0.0328985125620011,0.426201350335932,0.0345330536120961,0.426181002729619,0.040994640408352,0.00168266291327251,2.75854766824828,2.74493177485957,2.78169837650179,5,5,5
"765",0.0328956141784014,0.426184326890941,0.0345546969623474,0.426180359049563,0.0408956477020019,0.0016785799971642,2.75857606156689,2.74496486078453,2.78171957127561,5,5,5
"766",0.0329042034457464,0.426198222372581,0.0345363829960326,0.426180802535136,0.0407969939428308,0.00167451995160683,2.75871219355086,2.74509078896834,2.78186554453393,5,5,5
"767",0.0329027087294766,0.426193862002579,0.0345232408154733,0.426180805134348,0.0406986934768948,0.00167047865993014,2.75872131149147,2.74512710774203,2.78183810437887,5,5,5
"768",0.0329110701096471,0.426201642311473,0.0344933501459911,0.426182195259795,0.0406007350609038,0.00166645973758484,2.75880474069988,2.74523786626725,2.78196949774388,5,5,5
"769",0.0329079611648823,0.426186757262095,0.0345291008766551,0.426181021820607,0.0405031270007035,0.0016624416769494,2.75881578639638,2.74525212430651,2.78195391333423,5,5,5
"770",0.0329188352719255,0.426199684912047,0.0345402620146163,0.42618246219619,0.0404058492371583,0.00165844573111085,2.7589678327316,2.74538567134438,2.7820879551245,5,5,5
"771",0.0329179695864224,0.426191243620028,0.0345595737051877,0.426180888937433,0.0403089208399083,0.00165445742281067,2.75896801742255,2.74543203160382,2.78208049736702,5,5,5
"772",0.0329239561809201,0.426203278154374,0.034563812982882,0.426180542056833,0.0402123258642462,0.00165049659437294,2.75904373885808,2.74552573053477,2.78217837466894,5,5,5
"773",0.0329266420289274,0.42618369120098,0.0345981202033814,0.426180309317752,0.0401160741915403,0.00164653448241708,2.75908345047069,2.74556391945988,2.78217624138478,5,5,5
"774",0.0329348208372386,0.42619965543322,0.0345274755249117,0.4261803094706,0.0400201475070676,0.00164260655708925,2.75921663329967,2.74569080143295,2.78232805661022,5,5,5
"775",0.0329312101837902,0.426193107106393,0.0345458543698531,0.426180194981328,0.0399245632901943,0.00163869427167185,2.75921615559936,2.74572709516317,2.78229575467011,5,5,5
"776",0.0329404826676797,0.426199117623489,0.0344995161888703,0.426181533003153,0.0398293063994103,0.00163479103197584,2.75930875031956,2.74584399220963,2.7824156632751,5,5,5
"777",0.0329419669736487,0.426190387195026,0.0345348294633375,0.426181470434292,0.0397343861212251,0.0016308917895142,2.75933412184469,2.74586125743994,2.78240519615918,5,5,5
"778",0.0329466169773459,0.426199299949905,0.0345289709336958,0.42618186207265,0.0396397857148647,0.00162700754590533,2.75945608505657,2.74600265036947,2.78253186355863,5,5,5
"779",0.0329471732741458,0.426186477605419,0.0345554325569661,0.426180762348036,0.0395455194358956,0.00162312302951861,2.75946869759953,2.74602650181089,2.78253106219748,5,5,5
"780",0.0329545263859543,0.426202299276835,0.03452652253846,0.426182500474106,0.0394515752383989,0.00161926151988018,2.75957425190356,2.74616472922679,2.78263262559524,5,5,5
"781",0.0329558121678893,0.426186923396998,0.0345647371199329,0.426180910198931,0.039357961443708,0.00161539894773333,2.75959420559375,2.74618116145335,2.78267153439553,5,5,5
"782",0.0329651062611182,0.426203397233104,0.0345445566327434,0.426181444248134,0.0392646653454548,0.00161156490012676,2.75968659044891,2.74627754080843,2.78275310199475,5,5,5
"783",0.0329620984044716,0.426187966973683,0.0345279359389538,0.426179946538309,0.0391716942642012,0.00160773821035709,2.75972145326791,2.74632689391362,2.78275237527054,5,5,5
"784",0.0329704621466038,0.426194869560505,0.0345755856265376,0.426180814283215,0.0390790398615964,0.00160392441314861,2.75980342933121,2.74644726532232,2.78289132824931,5,5,5
"785",0.0329706830743772,0.426190280583969,0.0345582035223552,0.426180487964555,0.0389867104016403,0.0016001185224202,2.75980790453798,2.74643475348422,2.78287879528597,5,5,5
"786",0.0329843345726609,0.426202988092699,0.0345261978369412,0.42618091255115,0.0388946894453328,0.00159633194596298,2.75994278165103,2.74657446298084,2.78300692728031,5,5,5
"787",0.0329812576174727,0.426187093274848,0.0345360536119384,0.426181499682047,0.0388029908088902,0.00159254307577156,2.75992505017611,2.74656350008894,2.78298048073948,5,5,5
"788",0.0329905940812672,0.426198119120936,0.0345212625553734,0.426182411815684,0.0387116012399927,0.00158876827666599,2.76004441281212,2.74672749133089,2.78313524553646,5,5,5
"789",0.032992146023852,0.426194802522419,0.0345565832874996,0.426180381068108,0.0386205292800897,0.00158500426658742,2.76004784465845,2.74669993590953,2.78311194572032,5,5,5
"790",0.0330052152320098,0.426198874120676,0.0345409373868535,0.426181005470931,0.0385297624617103,0.00158124963575312,2.76018211080309,2.74684263225551,2.78324928947608,5,5,5
"791",0.0330028138260674,0.426187872227908,0.0345617869529705,0.426179901965143,0.0384393127603067,0.00157749658869755,2.76018640809114,2.7468582706717,2.78325076330164,5,5,5
"792",0.0330175868597607,0.426197257349091,0.0345150109532239,0.426180185731085,0.0383491654021073,0.00157375799395953,2.76032601740685,2.74700085645237,2.78339655004371,5,5,5
"793",0.0330140758485304,0.426189386226991,0.0345302535583379,0.426180954903812,0.0382593262521653,0.00157002117865923,2.76032260087483,2.74698526992819,2.78336998119307,5,5,5
"794",0.0330307190190135,0.426196588450604,0.0345170212017921,0.426181983002186,0.0381697865785009,0.00156629509356965,2.76047483579515,2.74714902862645,2.78355355732964,5,5,5
"795",0.0330254460677632,0.426191273694374,0.0345387309563879,0.426181463848801,0.0380805571673243,0.00156259750352461,2.76046683697251,2.74713453568267,2.78350118800696,5,5,5
"796",0.033040762770333,0.426194708427834,0.0345442191713086,0.426181977770192,0.03799162442376,0.00155890826829935,2.76060145160737,2.74728470816362,2.78366805613626,5,5,5
"797",0.0330415436826526,0.42619323230521,0.0346065691273331,0.426180471503044,0.0379029995401645,0.00155523180303024,2.76059671683733,2.74727726039264,2.783657014906,5,5,5
"798",0.0330558651145176,0.426194781657599,0.0345300328856759,0.426179949960126,0.0378146628508473,0.00155155908093041,2.76073938715859,2.74739754912431,2.78378553904686,5,5,5
"799",0.0330534532649527,0.426190335988015,0.0345605183781245,0.426180003990279,0.037726631591194,0.0015479169270366,2.76075415614441,2.74743403848301,2.7837897224096,5,5,5
"800",0.0330682795930794,0.426196524350682,0.0345551623277442,0.426181921641373,0.0376388939768893,0.00154429840620723,2.76087282452308,2.74754647419871,2.78393861764878,5,5,5
"801",0.0330696182712885,0.426189678903774,0.0345678797807207,0.426182378645927,0.0375514545082322,0.00154068889305459,2.76088613031679,2.74753666297304,2.78391224094414,5,5,5
"802",0.0330855165870053,0.426196054889619,0.0345444499793705,0.426183443114357,0.0374642985654237,0.00153709232979327,2.76103249180685,2.74769023362467,2.78407104650792,5,5,5
"803",0.0330820518587239,0.426190803274136,0.0345366137861376,0.426181599540331,0.0373774459473044,0.00153351120858691,2.76102435906488,2.74768334367604,2.78406368582465,5,5,5
"804",0.0330965348856234,0.426193128172156,0.0345398317086293,0.426180613670217,0.0372908758173859,0.00152994460926315,2.76116040680667,2.74781875544687,2.78419059270837,5,5,5
"805",0.0330970301668087,0.426190834692647,0.0345824963861912,0.426179870123213,0.037204601865828,0.00152640742689986,2.76115516690311,2.74780804054982,2.78418721719986,5,5,5
"806",0.0331089914029871,0.426195787081705,0.0345686056040902,0.426180821519777,0.0371186129964743,0.00152288401095108,2.76128501636303,2.74793746257433,2.78432203476155,5,5,5
"807",0.0331069675919281,0.426190152998219,0.0345932649235089,0.426181183358994,0.0370329172184189,0.00151936690396659,2.76129766380758,2.74793997487374,2.78430331753811,5,5,5
"808",0.0331185924306144,0.426195381393783,0.0345579212043118,0.426181277981406,0.0369475013980049,0.00151587000864262,2.76142308240852,2.74808451485434,2.7844573765459,5,5,5
"809",0.033116803205534,0.42618787407834,0.0345804977248183,0.426181217848146,0.0368623779113613,0.0015123844297204,2.76143407285914,2.74807262313196,2.78445589210491,5,5,5
"810",0.033124914171524,0.426195420335814,0.0345451830123319,0.426181153570949,0.036777535565127,0.00150892246281437,2.76153431229729,2.74817039346495,2.7845326922319,5,5,5
"811",0.0331258308647297,0.426191292486427,0.0345644406236083,0.426180804226891,0.0366929787309493,0.00150546634340409,2.76155029291328,2.74818509099734,2.78455449685856,5,5,5
"812",0.0331333588326321,0.426190721864564,0.0345358659257612,0.426180276422714,0.0366087027416201,0.00150201493433583,2.7616614801019,2.74832587492166,2.7846882966779,5,5,5
"813",0.0331288480203625,0.426187870274273,0.0345345438880626,0.426180681955926,0.0365247120514957,0.00149857163686706,2.76166454224809,2.74830208700156,2.78463310380243,5,5,5
"814",0.0331386662059886,0.426199069399547,0.034482916033163,0.426181167550585,0.0364409931515807,0.00149515099684067,2.76179063586161,2.74843455878506,2.78477849862697,5,5,5
"815",0.0331365444169742,0.426191450570659,0.0345488441225165,0.426180837002773,0.0363575610041372,0.00149173752895276,2.76177812448569,2.74841568065054,2.78478236650474,5,5,5
"816",0.0331399843213169,0.42619196470375,0.0344849521924809,0.426181107295575,0.0362744006944144,0.00148832673671051,2.76190607476616,2.74857887508337,2.78487751960045,5,5,5
"817",0.0331364791605179,0.426187804318605,0.0345376807671593,0.426181178652002,0.0361915214128792,0.00148492398038963,2.76189244233986,2.74853840147072,2.78485783558126,5,5,5
"818",0.0331432369607312,0.426194180877255,0.0344667928595798,0.42618117261782,0.0361089131301021,0.00148153764320669,2.76199277567024,2.74867743231279,2.78499662932321,5,5,5
"819",0.0331381815626401,0.42619195119139,0.0345285806072165,0.426180239757466,0.0360265826213081,0.00147815989793637,2.76203840456488,2.74868620156116,2.78500321906819,5,5,5
"820",0.0331404509779539,0.426196280650229,0.0344602925688388,0.426181402841782,0.0359445216670603,0.00147479069918827,2.76212409399077,2.74881298918498,2.78509479440316,5,5,5
"821",0.0331408200738391,0.4261864858115,0.0344826829254315,0.426180990978127,0.035862735683524,0.00147141926083266,2.76210147841435,2.74880795676752,2.78509290183192,5,5,5
"822",0.0331450632007892,0.426193759413413,0.0345130261066172,0.426182681251632,0.035781215101579,0.00146805980914411,2.76223166938969,2.74895028647179,2.7852113002372,5,5,5
"823",0.0331401008658538,0.426193455527302,0.0345472574006175,0.426180955343168,0.0356999687370071,0.00146471306453388,2.7622503695235,2.74893564257871,2.78522031405658,5,5,5
"824",0.0331452303667971,0.426191611141452,0.0345291446658239,0.426180976906234,0.0356189870535512,0.00146136816551945,2.76232140756136,2.74907421708063,2.78531632525266,5,5,5
"825",0.0331406184916957,0.426188219673696,0.0345591708543003,0.426180361573259,0.0355382763910335,0.00145803515340759,2.76233545660288,2.74908761283695,2.78530726528219,5,5,5
"826",0.0331457859719604,0.426193375002044,0.0345171997290832,0.426180767445755,0.0354578252345672,0.00145471276268955,2.76242976603063,2.74919100421658,2.78541769555247,5,5,5
"827",0.0331408203065121,0.426191748927558,0.0345481124874417,0.426180726565272,0.0353776438428086,0.00145140402712901,2.7624524485797,2.74921792363445,2.78544355745779,5,5,5
"828",0.033143976731036,0.426189158833529,0.0345436166311621,0.426180603162297,0.0352977222147124,0.00144809476081298,2.76254830923021,2.74934357403668,2.78553110079172,5,5,5
"829",0.033146286434556,0.426189494476519,0.0345129527253583,0.426181723579187,0.0352180656854178,0.00144479942884412,2.76251783055403,2.7493172038007,2.78552073498038,5,5,5
"830",0.0331484242121075,0.426191893176044,0.0345122280339147,0.426180699155129,0.0351386649495833,0.00144151327377845,2.76257336141831,2.74942161695213,2.78560193167562,5,5,5
"831",0.0331403661789492,0.426193375433844,0.0345156383146813,0.426181615696448,0.0350595284567839,0.00143823686182043,2.76262265586306,2.74943295068426,2.78562175801745,5,5,5
"832",0.0331469426499906,0.426195062221123,0.0344865171082944,0.426182690300372,0.0349806457797609,0.00143497482844335,2.76271160899756,2.74956519461386,2.78573515753201,5,5,5
"833",0.0331503006237625,0.426188052607985,0.0345356925507317,0.426181288002124,0.0349020250557633,0.0014317253347253,2.76268566928447,2.74954667691497,2.78571369280247,5,5,5
"834",0.0331468565936125,0.426194597049776,0.0345328896863538,0.426180953839635,0.0348236560334786,0.00142848931707501,2.76277440906475,2.74964615614498,2.78580433440203,5,5,5
"835",0.0331487425477817,0.426195522650959,0.0345357936509844,0.426180316856251,0.0347455479322901,0.00142527287835026,2.76280870280569,2.74967828588628,2.78584221644207,5,5,5
"836",0.0331518214843052,0.426190791648031,0.0345182293818017,0.426180524358199,0.0346676899324426,0.00142205601200324,2.76284089954,2.74977012545065,2.78592171474905,5,5,5
"837",0.0331511012446696,0.426187106250796,0.0345340741506768,0.426180920426204,0.0345900899692881,0.00141884467342357,2.76288718822031,2.74979952522823,2.78592386826146,5,5,5
"838",0.0331587134863323,0.426195890994343,0.0345377470333209,0.426181163596823,0.0345127391892148,0.00141566868766102,2.76293128388545,2.74986753351905,2.78600991816581,5,5,5
"839",0.0331526407933268,0.426191063734767,0.0345493804540334,0.426181209819678,0.0344356408458877,0.00141250155211786,2.76296870101356,2.74992175285705,2.78604434432919,5,5,5
"840",0.0331572634796832,0.42618914885476,0.0345325334989151,0.426181267938491,0.0343587899426682,0.00140934231199802,2.76304515743997,2.75001783319531,2.78611819596414,5,5,5
"841",0.0331646126441328,0.426187276092431,0.0345393790031776,0.426181159052708,0.0342821939260994,0.00140621399616303,2.76306719075642,2.75003352563832,2.78614246571947,5,5,5
"842",0.0331627811852895,0.426194434568917,0.0345663053043545,0.426181484327052,0.0342058405990099,0.00140309571705183,2.76311546952467,2.7501148386943,2.78621949241555,5,5,5
"843",0.0331631427559033,0.426189570693269,0.0345548933794223,0.42618044559403,0.0341297422210767,0.00139998397446484,2.76315896352955,2.75013042009987,2.78623744450766,5,5,5
"844",0.0331654538532455,0.426190502116012,0.0345160264524462,0.426182310601461,0.0340538830063195,0.00139688176994873,2.76324378870233,2.75026680181637,2.7863567599625,5,5,5
"845",0.0331652491404822,0.426186489710464,0.0345173836889233,0.426181029722703,0.0339782716839007,0.00139379907637677,2.76328160973338,2.75027119815706,2.78637041822354,5,5,5
"846",0.0331601363063204,0.426199523483517,0.0345146228385141,0.426181310865766,0.0339029067278389,0.0013907417846229,2.76332166716037,2.75033921262915,2.78644700516534,5,5,5
"847",0.0331704705035502,0.426192423650764,0.0345374320029145,0.426180496918705,0.0338277888763364,0.00138769692511914,2.76335633667629,2.75035111415316,2.78647450432809,5,5,5
"848",0.0331658781615819,0.426188156942022,0.0344907550761937,0.426180490994045,0.0337529059500449,0.00138466551006899,2.76347200959099,2.75050005687909,2.78662877005289,5,5,5
"849",0.0331682701792015,0.426189268607897,0.0345280710491488,0.426180374316782,0.0336782750905313,0.00138165273077351,2.7634798250241,2.75050222832517,2.78661962802188,5,5,5
"850",0.0331704175922171,0.426199470230869,0.0344358210312292,0.42618206959092,0.0336038781480642,0.00137865673848886,2.76354795448288,2.75058314617108,2.78672099336732,5,5,5
"851",0.0331757826535757,0.426189212967767,0.034527100569136,0.426181679058568,0.0335297256970244,0.00137565792653649,2.76359794313675,2.75060378697085,2.78676264059544,5,5,5
"852",0.0331705522294071,0.426192265078989,0.0345357485096945,0.426181040935404,0.033455808003742,0.00137266671779523,2.76368013909513,2.75072666319399,2.78686301907112,5,5,5
"853",0.0331797332754043,0.426186941831654,0.0345408174394421,0.426180702148779,0.0333821335298616,0.00136969630755029,2.76372296231702,2.75074294748263,2.7869049181068,5,5,5
"854",0.0331812858871706,0.426197895673988,0.0345215754432533,0.426180504281387,0.0333086906880857,0.0013667399442126,2.76380806449654,2.75083496773176,2.78700517077057,5,5,5
"855",0.0331882398781339,0.426190026689835,0.0345641791626801,0.426180449935231,0.0332354904876094,0.00136378928129333,2.76380285780517,2.75083882795801,2.78700810662506,5,5,5
"856",0.0331892015514123,0.426190272236973,0.0344650078051336,0.426181915531574,0.0331625188776806,0.00136083706572598,2.76393234137776,2.75096705103945,2.78713729196298,5,5,5
"857",0.033194420328343,0.426186054792139,0.0345393804578329,0.426182111235131,0.0330897877256171,0.00135789147865711,2.76395445466664,2.75099388781766,2.78716731164567,5,5,5
"858",0.0331986767753066,0.426198078083156,0.0345494405631601,0.426181319533037,0.0330172851249089,0.00135496295569876,2.76402013797385,2.75106706357092,2.78725264798252,5,5,5
"859",0.0332053490773176,0.426191749356627,0.0345404078099007,0.42618055487995,0.0329450170164508,0.00135203505171133,2.76406200320078,2.7511051738949,2.78728001506423,5,5,5
"860",0.0332047681235405,0.426187052483261,0.0345149209550249,0.42618151197482,0.0328729775136939,0.00134910475887468,2.76415720466946,2.75123244151127,2.78739524397516,5,5,5
"861",0.0332117640325078,0.426190042574575,0.0345239070886389,0.426180283295794,0.0328011724878823,0.00134618663667491,2.7641871798734,2.75123354146574,2.78743144136175,5,5,5
"862",0.0332077773664841,0.426197084167682,0.034543913467241,0.426181335148064,0.032729590895846,0.00134328105444326,2.76424491357179,2.75131322484689,2.78747031784241,5,5,5
"863",0.0332158484250657,0.426189003416796,0.034532594665017,0.426180615241477,0.0326582418476965,0.00134037580481106,2.76428852895502,2.75136707547242,2.78753416320135,5,5,5
"864",0.0332192967134636,0.426191650079216,0.034548057863872,0.426181625737817,0.032587116285146,0.00133747664148215,2.76435407228975,2.7514450977542,2.78761819426424,5,5,5
"865",0.033219751062547,0.42618817311754,0.0345756161883609,0.426181247660671,0.0325162224162942,0.00133458793915503,2.76441436955257,2.75151144202675,2.78766666216241,5,5,5
"866",0.0332211012322477,0.426193893153311,0.0345322062945872,0.426181788048813,0.0324455465917963,0.00133171270510857,2.76446762168232,2.75156676932002,2.78771173991037,5,5,5
"867",0.0332310680101983,0.42619040936894,0.0345701582598088,0.426181017067405,0.0323751027137275,0.00132884167091529,2.76449227813774,2.75160187950957,2.78777944125956,5,5,5
"868",0.0332277009074856,0.426190351587931,0.034542900247234,0.426181009655553,0.032304875757122,0.00132597422080888,2.76458582757474,2.75173693147612,2.78786073940813,5,5,5
"869",0.0332327553750526,0.426187873200534,0.0345858528292127,0.426180637977576,0.032234877261007,0.00132311655720946,2.76463680042972,2.75175485903275,2.78790606477272,5,5,5
"870",0.0332361453632825,0.426195339713099,0.0345213952659731,0.426181035776754,0.0321650966271856,0.00132027771871601,2.76468349259091,2.75181243434084,2.78796917727904,5,5,5
"871",0.0332364316171692,0.426189536664206,0.0345527347576877,0.426180573044962,0.032095538455422,0.00131744157349573,2.7646926056157,2.75187296763545,2.78799858873739,5,5,5
"872",0.0332427255035904,0.426191015108626,0.0345394761581812,0.426180969953233,0.0320261933438895,0.00131461694254742,2.76478557429085,2.75196918567783,2.78808216397608,5,5,5
"873",0.0332443283531634,0.426190184203182,0.0345682967647341,0.426180948821315,0.0319570764261356,0.00131180756213112,2.76482114478824,2.75199169569852,2.78813847445788,5,5,5
"874",0.0332449867783167,0.426193187759367,0.0345086085619168,0.426180440583775,0.0318881676658974,0.00130901792538335,2.7648528996334,2.7520698774746,2.78816616692502,5,5,5
"875",0.0332532466828879,0.42619212808298,0.0345791661916204,0.426180357241432,0.0318194817327481,0.00130624601065843,2.76487071097595,2.75207171804044,2.78821082550119,5,5,5
"876",0.0332541234703442,0.426192790575886,0.0344912445754743,0.426181867863185,0.0317510062880742,0.00130347566647376,2.76492796881236,2.75217041022962,2.78826111299031,5,5,5
"877",0.0332580482296127,0.426187687008128,0.0345803039460194,0.426181883341186,0.0316827526767379,0.00130071860465236,2.76497560886547,2.75222269617425,2.78833247190517,5,5,5
"878",0.0332574756314963,0.426194749063299,0.0345234199412061,0.426181599157322,0.0316147046516338,0.00129797306094948,2.76502242716632,2.75227756232663,2.78837176763458,5,5,5
"879",0.0332647279481771,0.426194014381904,0.0345230905044406,0.426180870692108,0.0315468773860732,0.00129524811474807,2.76500102805869,2.75227683664575,2.7883699629093,5,5,5
"880",0.0332636778280119,0.426190495588007,0.0345488823139542,0.426180679656345,0.0314792552310679,0.00129252041771816,2.76507882267368,2.75238986235303,2.78845151808139,5,5,5
"881",0.0332723731569079,0.426188882956172,0.0345321222108791,0.426180753332427,0.0314118517873298,0.0012898046033275,2.76513614869284,2.75240248532533,2.78852122385916,5,5,5
"882",0.0332654936301303,0.426196262602427,0.0345431599281025,0.426181780232974,0.0313446520046208,0.00128709815962053,2.76514997738588,2.75245698497748,2.78852071113116,5,5,5
"883",0.0332718735273272,0.426190538469265,0.0345266904156402,0.426180195946399,0.0312776668303155,0.00128440306689542,2.7651679541752,2.75247959697225,2.78856276639222,5,5,5
"884",0.0332777266832468,0.42618687598563,0.0345682874049897,0.426181177557946,0.0312108849246275,0.00128170197521793,2.76522513482732,2.75255807636948,2.78863626494979,5,5,5
"885",0.0332802871634062,0.426189997203955,0.0345287179677189,0.426180698884717,0.0311443184937784,0.001279015222929,2.76528038974794,2.75258956768968,2.788686219317,5,5,5
"886",0.0332748445554943,0.42619655532318,0.0344912089320724,0.42618097372199,0.031077949566661,0.00127633731376042,2.7653351912327,2.75267377168214,2.78871745725547,5,5,5
"887",0.0332842627779116,0.426190405259414,0.0345438742321247,0.426180129755281,0.0310117931162954,0.00127367525664074,2.76534568109627,2.75266379722136,2.7887417786798,5,5,5
"888",0.0332890500267467,0.426190494697123,0.0345192363792233,0.426181143779626,0.0309458365102052,0.00127101328672796,2.76538602139279,2.75274442696433,2.7888236602483,5,5,5
"889",0.0332904103631622,0.426190451786747,0.0344938332785478,0.426180076933151,0.0308800919714798,0.00126836136157799,2.76544833623113,2.75278592385099,2.78885175545959,5,5,5
"890",0.0332871954924319,0.426192634067615,0.0345264240582594,0.42617994071972,0.0308145433075942,0.00126571890826405,2.76549469817566,2.75285536884442,2.78889482671732,5,5,5
"891",0.033296211514236,0.426190202931347,0.0344959039804115,0.426181172091056,0.0307492029719171,0.00126308861548552,2.76549447018069,2.75284052964101,2.78891854316782,5,5,5
"892",0.0333008446103363,0.426188689854933,0.0345503034417192,0.426182459407007,0.0306840598537223,0.00126046420484716,2.76554637739524,2.75294080431279,2.78898576333716,5,5,5
"893",0.0333022268421191,0.426187363502281,0.0345242376653844,0.426182056733592,0.0306191251424873,0.00125785187157235,2.76559393650904,2.75294891552399,2.78902343801984,5,5,5
"894",0.0333024506304638,0.42619470032766,0.034520228996391,0.426182193504978,0.0305543849126816,0.00125525218836364,2.76563061720232,2.75301515888656,2.78906446513045,5,5,5
"895",0.0333083982884405,0.426193042422038,0.0345683368265401,0.426180370430983,0.030489850633015,0.0012526775311742,2.76565382638689,2.75301532398637,2.78907737111209,5,5,5
"896",0.0333159055642113,0.426188678371461,0.0345308160440958,0.426181856757604,0.0304255101931262,0.00125009773256646,2.76570230892302,2.75309956516237,2.78916594140295,5,5,5
"897",0.0333145960565562,0.426188947143908,0.0345824780664095,0.426180829346719,0.0303613747785028,0.00124752768260722,2.76573253685304,2.75310969619945,2.78918807302967,5,5,5
"898",0.0333148665962077,0.426195923219963,0.0345003457827706,0.426180886470504,0.0302974319342998,0.00124497106980681,2.7657659346784,2.75316370817313,2.78920884176127,5,5,5
"899",0.0333210780296199,0.426181631025264,0.0345287848688505,0.426180762972906,0.0302336876346333,0.0012424090366665,2.76584127652265,2.75319732201034,2.78927803719517,5,5,5
"900",0.0333243172181889,0.426196533592389,0.0345504692436797,0.426182630535761,0.0301701397505071,0.00123986681299093,2.76584263179287,2.75323591690029,2.78931741211688,5,5,5
"901",0.0333248157732612,0.426186416600572,0.0345876498861863,0.426180974217902,0.0301067904341234,0.00123731957550377,2.76588864445418,2.75324957709743,2.78934276010665,5,5,5
"902",0.0333293100063009,0.426189055568253,0.0344854684757721,0.426182258722254,0.030043631222435,0.00123477738700228,2.76593598246014,2.75332092949384,2.7893887631512,5,5,5
"903",0.0333304070136467,0.426188846474987,0.0345447523084061,0.426180642933233,0.0299806688412454,0.00123224490063578,2.76597469476621,2.75333154343219,2.78942180836961,5,5,5
"904",0.0333323139186897,0.426197944390754,0.0345355071489794,0.426181186663124,0.029917899169389,0.0012297387155894,2.76598986956381,2.75336824999221,2.78944400434531,5,5,5
"905",0.0333336840596745,0.426180728088447,0.0345368567564682,0.426180530509128,0.0298553244985459,0.00122722611252712,2.76606366708313,2.75339863498228,2.78951534396027,5,5,5
"906",0.0333342040024109,0.426200400964005,0.0345233179395937,0.4261810096277,0.0297929372378409,0.00122474135903833,2.7661028886339,2.75345502220397,2.78954627623978,5,5,5
"907",0.0333349849252576,0.426189584743828,0.0345614543104551,0.426180589205722,0.029730745428507,0.00122225904712364,2.7661151399989,2.75344087932953,2.7895569722772,5,5,5
"908",0.0333389184236253,0.426189703791797,0.0345276925208745,0.426181715476339,0.029668742674133,0.00121977785945632,2.76612656711171,2.7534708415908,2.78959725190867,5,5,5
"909",0.0333377365764364,0.426188053286164,0.0345491654933147,0.426180710279521,0.0296069312256023,0.00121730185854313,2.76620621715277,2.75351554958523,2.78965552197891,5,5,5
"910",0.0333388883226125,0.426194758937351,0.034573800928689,0.426181350941462,0.0295453047417611,0.00121484172791597,2.76624852365557,2.75356488898943,2.78967310186573,5,5,5
"911",0.0333440610649704,0.42618848265796,0.0345759902195393,0.426181325438157,0.0294838724596907,0.00121238736589047,2.76624954206018,2.75352927630856,2.7897144292938,5,5,5
"912",0.0333458610892003,0.426191806278098,0.0345346068830074,0.426182252053427,0.0294226217647095,0.00120994378400091,2.76629631762446,2.75359797780526,2.78975377064807,5,5,5
"913",0.03334284408264,0.426182209109063,0.0345477875501825,0.426180542736894,0.0293615595172048,0.00120749532082765,2.76635663046041,2.75359921750254,2.78979740721725,5,5,5
"914",0.0333547107018858,0.426193883634616,0.03458408946781,0.426180686602038,0.0293006826764864,0.00120506035207757,2.76637846193418,2.75365621021015,2.78982720294677,5,5,5
"915",0.0333489419213381,0.426191811092102,0.0345391532472075,0.42618069588339,0.029239991958412,0.00120263554511629,2.7664399203849,2.75367912271926,2.78987666140034,5,5,5
"916",0.0333558939061915,0.426184903819078,0.034534951553049,0.426182227024057,0.0291794799311746,0.00120020793207326,2.76646305265452,2.75371149572793,2.78988090777611,5,5,5
"917",0.0333588270640423,0.426188191443583,0.0345273313950096,0.426180557606797,0.0291191609454352,0.00119780101701494,2.76649930810974,2.75371708700669,2.78994690855491,5,5,5
"918",0.033364334884267,0.426194323669046,0.0345272018635756,0.426182551399233,0.0290590175267357,0.0011953982462018,2.76655429667637,2.75377601594951,2.78997653378861,5,5,5
"919",0.0333623836470747,0.426187273221866,0.0345568306288095,0.426181197391056,0.0289990580426775,0.00119299644121074,2.76657890532888,2.75379676142249,2.78999369160543,5,5,5
"920",0.0333668220516854,0.426189143160922,0.0345122373405958,0.426182336322522,0.0289392813771833,0.00119061789470076,2.76655872145378,2.75377243606328,2.78999663153308,5,5,5
"921",0.0333693534162916,0.42618794855831,0.03454126284877,0.426181015651071,0.0288796851151687,0.00118825244496629,2.76665177967458,2.75384066596867,2.79007684609031,5,5,5
"922",0.0333739987161426,0.426193166203095,0.034463265409872,0.426180878775288,0.0288202669057071,0.00118589795855051,2.76664354792627,2.75385608684003,2.79006014800133,5,5,5
"923",0.033369768377502,0.42618955697811,0.0345297215176468,0.426180395488439,0.0287610313286461,0.00118355021641076,2.76664969350046,2.75383480188989,2.79007429978954,5,5,5
"924",0.033378247306372,0.426190729738848,0.0345199593803183,0.426180272920477,0.0287019710674858,0.00118120718721193,2.76669348359126,2.75388488813481,2.79012110460812,5,5,5
"925",0.0333738245707752,0.426186460590563,0.034538605146499,0.426181301131459,0.0286430920977482,0.00117887071141987,2.76673482006545,2.75389520220002,2.79014887199004,5,5,5
"926",0.033379888642704,0.426195195626561,0.0344839097822158,0.426181308493511,0.0285843886425512,0.0011765524351271,2.766713299029,2.75389468865061,2.79014766856423,5,5,5
"927",0.0333776654201638,0.426189590454523,0.0345489912602499,0.42618208961878,0.0285258611573616,0.00117423603113542,2.7667949910035,2.75392583269859,2.79019963043764,5,5,5
"928",0.033382765869905,0.426192260984027,0.0345224830179587,0.426182635545623,0.0284675092073902,0.00117193819082079,2.76676715674512,2.75394595941894,2.79020129247337,5,5,5
"929",0.0333785904374544,0.426187873330467,0.0345406595919583,0.426180926179345,0.0284093343588542,0.00116964554273324,2.76679972789973,2.75393132089248,2.79023866317802,5,5,5
"930",0.0333854804486383,0.426195300972915,0.0345135247970168,0.426180220525481,0.0283513312017811,0.00116736350844648,2.76685497465747,2.75399926659003,2.79025296048691,5,5,5
"931",0.0333797290288518,0.426180623576388,0.0345210020538623,0.426179943795345,0.0282935013052021,0.00116507356694207,2.76688134257805,2.75399368113627,2.79027837071252,5,5,5
"932",0.0333899417184246,0.426190696902512,0.034526844404205,0.426180475348746,0.0282358432089535,0.00116280105608324,2.76686888157164,2.75404104854279,2.79033376921732,5,5,5
"933",0.0333823760915953,0.426187811692184,0.0345202985278951,0.426180361584509,0.0281783599053656,0.00116054187265752,2.76695988266898,2.75406524403923,2.79035236510649,5,5,5
"934",0.0333886291093895,0.426194671620576,0.0345103558366275,0.426180890530521,0.0281210485872993,0.00115829893952052,2.76692619329542,2.75405663815068,2.79034381283374,5,5,5
"935",0.0333859543104074,0.426185930764087,0.0345541290091699,0.4261804811756,0.0280639077313637,0.00115605067161073,2.76700873711174,2.7541365309821,2.79044279573674,5,5,5
"936",0.0333902540619,0.426193510987319,0.0345598115244235,0.426181257841415,0.0280069378460589,0.00115381832728362,2.76694269266333,2.75410436728925,2.79039659080743,5,5,5
"937",0.0333905623009054,0.426182073379673,0.0345621040211963,0.426181811341941,0.027950138774835,0.00115157665549981,2.76705354350113,2.75417669914151,2.79046900298242,5,5,5
"938",0.0334021127895509,0.426198624417664,0.0345346882784348,0.426183549173517,0.0278935103544009,0.00114935800509841,2.76699163115089,2.75415268897512,2.79046826720892,5,5,5
"939",0.0333920152876689,0.426181029079561,0.0345957972939965,0.426181550584248,0.0278370479289622,0.00114712084090585,2.76709676483381,2.75421945951613,2.79051725613483,5,5,5
"940",0.0334050267624642,0.426190850419802,0.0344825494769132,0.426180741673728,0.0277807542033377,0.0011449023399876,2.76707683581206,2.75423666474764,2.79054028165055,5,5,5
"941",0.0334046829155724,0.426185738671043,0.0345436508849506,0.426180388123523,0.0277246298423626,0.00114268502683379,2.76712439720966,2.75426567236599,2.79059490097298,5,5,5
"942",0.0334111205813154,0.426194255376194,0.0345252933507806,0.426180760601123,0.027668671220155,0.00114048370690134,2.76714431954683,2.75429807102935,2.79061241049191,5,5,5
"943",0.0334092021266024,0.426184364976443,0.0345523660997747,0.426180478154436,0.0276128812514318,0.00113828019127082,2.76721083185888,2.75434343445005,2.79065428905994,5,5,5
"944",0.03341719057161,0.426191517969075,0.0344761861783077,0.426181349636947,0.0275572535994327,0.00113608624601003,2.76718776317864,2.75436118208367,2.79070862205467,5,5,5
"945",0.0334152355561894,0.426187263816833,0.0344791771341704,0.426180944603092,0.0275017936605596,0.00113389328401803,2.76727389399772,2.75443581218676,2.79072212932341,5,5,5
"946",0.0334243699747384,0.426200552021142,0.0345413272962643,0.426182041460107,0.0274464985471119,0.00113172187644667,2.76726458387782,2.7544361930567,2.79074460462767,5,5,5
"947",0.0334182879045289,0.426183192855586,0.0344903916738921,0.426180273475127,0.0273913647976264,0.0011295314873076,2.76732179628581,2.75449591987901,2.79078707340761,5,5,5
"948",0.0334251925864125,0.426190072166974,0.0344960666482465,0.426180915643715,0.0273363939403641,0.0011273552249017,2.76734032824968,2.75453013648821,2.7908322475842,5,5,5
"949",0.03342612164802,0.426191536021456,0.0345097154215182,0.426180819337488,0.0272815888411731,0.00112518901734132,2.76737018401865,2.75457794808528,2.79083002861868,5,5,5
"950",0.0334352323325629,0.426196236479194,0.0345325004651713,0.42618183921308,0.0272269429064813,0.00112303287987942,2.76737906384669,2.75459325988301,2.79088224298129,5,5,5
"951",0.0334276444362818,0.426182605391264,0.0345424454475006,0.42618032417435,0.0271724581811145,0.00112087432623514,2.76746680515184,2.75465567243436,2.79089670482246,5,5,5
"952",0.0334372821116936,0.426194331447301,0.0345261435563493,0.426181640443116,0.0271181350615515,0.00111873335386742,2.76743232355706,2.75467216563094,2.79091646225988,5,5,5
"953",0.0334385245859868,0.426188530504107,0.0345364718400588,0.42618120869938,0.0270639720184935,0.00111659486206961,2.76749458436997,2.75472144472464,2.79095028858064,5,5,5
"954",0.0334423289308664,0.426194590780599,0.0345096595698471,0.426183315930178,0.027009967759472,0.00111446965231254,2.76748872592464,2.75472798160228,2.79094698904199,5,5,5
"955",0.0334408852014653,0.426188266033614,0.0345125960814907,0.426180833925382,0.0269561239684088,0.001112342140214,2.7675697856695,2.75481973521408,2.79099840249091,5,5,5
"956",0.0334472666119756,0.426190962274681,0.0345108178980346,0.426180578042326,0.0269024354529564,0.00111022643043712,2.7675496573888,2.75480189946436,2.79102258373472,5,5,5
"957",0.033442914896029,0.426192728103125,0.0345324103301024,0.426181399536936,0.0268489079061601,0.0011081170380195,2.76759296348747,2.75485697112793,2.79100338046277,5,5,5
"958",0.0334603620381426,0.426191947848289,0.0345327801011019,0.42618137982347,0.0267955361140506,0.00110601137400368,2.7676139949134,2.75487552843369,2.79105468955066,5,5,5
"959",0.0334500795463521,0.426183534884462,0.0345079003805564,0.426180642236592,0.0267423216206538,0.00110390169850816,2.76766487097515,2.75493482088991,2.79107588663214,5,5,5
"960",0.0334519197559272,0.426192210674519,0.0345569161377832,0.426179967235669,0.0266892608363676,0.0011018086113958,2.76764194135221,2.75491476633287,2.79107605039572,5,5,5
"961",0.0334621785230289,0.426194742608819,0.034517057181268,0.42618015371446,0.0266363610507012,0.00109972177953221,2.7676863108695,2.75497191128309,2.79109961525751,5,5,5
"962",0.0334668555300672,0.426191287117817,0.0344788722587729,0.42618284344752,0.0265836127276333,0.00109763550026465,2.76768657337637,2.75499200716876,2.79112333614329,5,5,5
"963",0.0334544905843205,0.426185527209312,0.0344923671761173,0.426180736560822,0.0265310168426737,0.00109555015467555,2.76776520461699,2.75504804138515,2.79115843696907,5,5,5
"964",0.0334694062263777,0.426191105484336,0.0344931731058366,0.426182641053519,0.0264785754007232,0.00109347981902047,2.7677440633534,2.75507306644077,2.79118019400089,5,5,5
"965",0.0334701939149123,0.426189198456082,0.034535269728093,0.426181051816816,0.0264262892746792,0.00109141953719277,2.7677840539985,2.75509224197571,2.79120816112962,5,5,5
"966",0.0334727638307097,0.426193234817839,0.0344744654220073,0.42618134812201,0.0263741512804303,0.00108936863969045,2.76783814218028,2.75515142072693,2.79125208837859,5,5,5
"967",0.0334726569916014,0.426184359032277,0.0344870407239546,0.426181138498563,0.0263221672811997,0.00108730968577164,2.7679225313969,2.75524866771983,2.791318160371,5,5,5
"968",0.0334766554483201,0.426194403245077,0.0345465090139066,0.426181532770866,0.0262703307022744,0.00108527026448529,2.76788638177573,2.75523134938018,2.79131686242165,5,5,5
"969",0.0334709611320268,0.42619278254251,0.0345517953548162,0.426180362245043,0.0262186475590254,0.00108323470881949,2.76794096498426,2.75524075169354,2.79133246727162,5,5,5
"970",0.0334867239637382,0.426191567883859,0.03450442474339,0.426181081246418,0.026167111473896,0.00108120023430591,2.76799882099686,2.75535300559814,2.79141448667071,5,5,5
"971",0.0334757085874665,0.426184475694395,0.0345171470370161,0.426180197794181,0.0261157234920041,0.0010791601659027,2.76804876084901,2.75536493538825,2.7914467471228,5,5,5
"972",0.0334770614968528,0.426195560509991,0.0344984728349951,0.426180666760929,0.0260644832378378,0.00107713984313451,2.76803682199399,2.75537524465747,2.79144126453411,5,5,5
"973",0.0334823714965424,0.426187374380841,0.0345299303793934,0.426180671697217,0.0260133966126856,0.00107511456595788,2.76806637561078,2.75538974076221,2.79150252811251,5,5,5
"974",0.0334912940458167,0.426191027518261,0.0345414394188936,0.426183120202989,0.0259624496476035,0.00107309274830469,2.76813508752445,2.75548480128261,2.79155786239769,5,5,5
"975",0.0334739887030422,0.426186727330566,0.0345540770383262,0.426180960597944,0.0259116522470358,0.00107107222860947,2.76816663091865,2.7554728514534,2.7915672736546,5,5,5
"976",0.0334852660637278,0.426189554230435,0.0345470902416551,0.42618117155557,0.0258609975770316,0.00106905843291905,2.76817693099208,2.75554098759947,2.79162215931387,5,5,5
"977",0.0334805020415333,0.426186354141262,0.0345371959450996,0.426180578750292,0.0258104922023479,0.00106704652590284,2.76820639474631,2.75550670182654,2.79164927943676,5,5,5
"978",0.0334912423647497,0.426192243488701,0.0345514458802355,0.426180722043711,0.0257601263241328,0.00106504454835349,2.76825330811182,2.75560216142674,2.79169096881763,5,5,5
"979",0.0334827790651735,0.426186537608591,0.0345570677257215,0.426179759246399,0.0257099065794737,0.00106304322540879,2.76832343212037,2.75564801038946,2.79176117200264,5,5,5
"980",0.0334866544581127,0.426196228598897,0.0344953338207958,0.426180081443082,0.0256598268655893,0.00106105852568061,2.76829053346417,2.75561139749876,2.79174506120196,5,5,5
"981",0.0334852469872385,0.426184958469482,0.0345395589403205,0.426181302518173,0.0256098944633401,0.00105906746384449,2.76832338778437,2.75562345993662,2.79178272943114,5,5,5
"982",0.0335006529421299,0.426192975445333,0.0344531200144576,0.426182312946126,0.0255601014538593,0.00105708779633196,2.76835365682055,2.7557020671547,2.79184000812592,5,5,5
"983",0.0334896776155367,0.426183683787187,0.0345542386253512,0.426181532915676,0.0255104501479184,0.00105510478071635,2.76840983059584,2.75569964241796,2.79188486177383,5,5,5
"984",0.0335062813628507,0.426191463166772,0.0345189586425313,0.426180588241487,0.0254609394344954,0.00105314751064378,2.7683713538784,2.75570057362132,2.79188842004335,5,5,5
"985",0.0335060223984715,0.426187908199839,0.0345817881802553,0.426180217033848,0.0254115750561055,0.00105119297031836,2.76841241154859,2.75571469219641,2.79193444190763,5,5,5
"986",0.0335127332242989,0.426194977898058,0.0345299913068299,0.426180029873533,0.0253623430061905,0.00104924901955789,2.76842546469794,2.75574486361678,2.79196297767967,5,5,5
"987",0.0335164668820319,0.426180441140613,0.0345415548074648,0.42618076287858,0.0253132548846101,0.0010472969361629,2.76846757988482,2.75576860766495,2.79200374003738,5,5,5
"988",0.0335309992072749,0.426195528964295,0.0344784543817395,0.426181500240489,0.0252643056991678,0.00104536581807929,2.76844942495915,2.75578164780014,2.79203306361183,5,5,5
"989",0.0335259158262049,0.426187479420538,0.0345062522334036,0.42618136350953,0.0252154958200402,0.00104342968372817,2.76851367852819,2.75579464526196,2.79205423389051,5,5,5
"990",0.0335412790094115,0.42619178526347,0.0344865184028484,0.42618114205227,0.0251668207169264,0.00104150081279558,2.76849763592672,2.75580254343971,2.79207919444365,5,5,5
"991",0.0335433465245319,0.426182654426988,0.034512841124766,0.426180359605559,0.0251182872573383,0.00103956883637352,2.76860228566214,2.75587473760756,2.79218856836613,5,5,5
"992",0.0335487986763154,0.426194463163336,0.0345041850496114,0.426180606963714,0.0250698877503505,0.00103765289890129,2.76856872855149,2.75588220827227,2.79214204273292,5,5,5
"993",0.0335496970312237,0.426185114546575,0.034526832723423,0.426180620644256,0.025021627268734,0.00103573361502318,2.76859414497737,2.75586438544798,2.79219723988022,5,5,5
"994",0.0335672815168344,0.426195099007421,0.0345013593076991,0.426181282500054,0.0249735022442427,0.00103382632154758,2.76860801583542,2.75591378419146,2.79224200001858,5,5,5
"995",0.0335631922490661,0.426182830204085,0.0345386214954089,0.426181245286525,0.0249255131280646,0.00103190832452305,2.76871099774536,2.75599048859951,2.79229963481688,5,5,5
"996",0.0335704959901494,0.426193484849316,0.0345320134893893,0.426181747347786,0.0248776585017053,0.00103000724235314,2.76865919254976,2.75597599724297,2.79226314635694,5,5,5
"997",0.0335770164498695,0.426188202907478,0.0345564147467002,0.426181567702073,0.0248299411998416,0.00102810513699547,2.76873749730523,2.75603596468206,2.79235806862333,5,5,5
"998",0.0335847667329085,0.42619272315152,0.034530708447452,0.426183882938535,0.0247823541742657,0.00102620866874792,2.76872814501536,2.75603957241227,2.79234063255932,5,5,5
"999",0.0335784299931117,0.426180207243268,0.0345357515712945,0.426180482102391,0.0247349019932298,0.00102430598214964,2.76879431271713,2.75609725502566,2.79239668849211,5,5,5
"1000",0.0335999640058064,0.426192232178498,0.034518369158338,0.426180955805706,0.0246875823203381,0.00102242562900556,2.76882830696257,2.75615304490356,2.79244686496624,5,5,5
"1001",0.0335917251942928,0.426194864606461,0.0345395605817655,0.426180725806949,0.0246403994977737,0.00102055544154189,2.76881034866596,2.7561119242429,2.79244105627894,5,5,5
"1002",0.0335977603018663,0.426179205056437,0.0345327726069728,0.426181667581723,0.024593342323431,0.00101867007984391,2.76885074379108,2.75618827114514,2.79247518382243,5,5,5
"1003",0.0336073984566491,0.426185153963859,0.0345353913833992,0.426180293572404,0.0245464228659903,0.00101679658054954,2.76895276381458,2.75627962542741,2.79257011351929,5,5,5
"1004",0.033608036069134,0.426192886643883,0.0345230459372886,0.426180932000105,0.024499632423134,0.00101493368645855,2.76892877194206,2.75625944823493,2.79256842172627,5,5,5
"1005",0.0336112914140371,0.426193357988491,0.0345559011156855,0.426181044055988,0.0244529748330126,0.0010130768356636,2.76896705397542,2.75630159707279,2.79258955119387,5,5,5
"1006",0.0336240041283052,0.426190295871143,0.0345211359441932,0.426182039875516,0.0244064450327808,0.00101122761357841,2.76899603009862,2.75635482443635,2.79265007252574,5,5,5
"1007",0.0336200079330625,0.426187554616899,0.0345300312031184,0.426181688544553,0.0243600492704112,0.00100937847769456,2.76907270336454,2.75638751060791,2.79269981618648,5,5,5
"1008",0.0336276973943991,0.426187924995039,0.0344968268814826,0.426181743045518,0.0243137784900294,0.00100753586191693,2.76906449645566,2.75644689540734,2.79272673778148,5,5,5
"1009",0.0336357094386861,0.426194011138341,0.0345079325493931,0.426180544459303,0.0242676434653174,0.00100570942832784,2.76909207818434,2.75643548808877,2.79275102480963,5,5,5
"1010",0.0336398079771972,0.426189111937637,0.0345077658417619,0.426180507072336,0.024221630929253,0.00100387995650802,2.76913374291135,2.75649558446926,2.79280619415887,5,5,5
"1011",0.0336412702423576,0.426190932945592,0.0345346655153864,0.426179892724743,0.0241757503424603,0.00100205628577793,2.76916451421847,2.75653395568768,2.79283033226672,5,5,5
"1012",0.0336464822467357,0.426185044364026,0.0345310461792182,0.426180307693301,0.0241299961913087,0.00100023345978228,2.76918457069775,2.75657771533027,2.79289010660583,5,5,5
"1013",0.0336498777657577,0.426193534613824,0.034535248536356,0.426180720334446,0.024084372894697,0.000998420934056221,2.76920295415472,2.75657569016332,2.79289040783672,5,5,5
"1014",0.0336569274515138,0.426193989978771,0.0345301464576345,0.426181894265961,0.0240388719081757,0.00099660931010831,2.76918799487507,2.75663214433024,2.79289631253592,5,5,5
"1015",0.0336570609437316,0.426187080131992,0.0345271639028502,0.42618027060393,0.0239935042887076,0.000994798406087072,2.76925922662263,2.7566651981938,2.79296282486125,5,5,5
"1016",0.0336586758352641,0.42618509177995,0.0344970253799728,0.426181154782504,0.023948255665614,0.000992983519803092,2.7693011672391,2.75672760996957,2.79301957349669,5,5,5
"1017",0.0336662721621212,0.426198952065715,0.03455888262568,0.426181337347827,0.0239031402689844,0.000991192179373823,2.76924328392861,2.75670465096306,2.79295734337251,5,5,5
"1018",0.0336667436664229,0.4261852380621,0.0345501302165437,0.426182801021357,0.023858146086082,0.000989387871649539,2.76927802316821,2.75678392859809,2.79304704240209,5,5,5
"1019",0.0336631248403731,0.426187620472666,0.0345457103656633,0.426181093250336,0.0238132790937215,0.000987586297840903,2.76936102772065,2.75682059305914,2.79306308042182,5,5,5
"1020",0.0336708598041545,0.426187921800717,0.0345579202718627,0.426180773817783,0.0237685343592186,0.000985790320618796,2.76931453655465,2.75684238759091,2.7930676258235,5,5,5
"1021",0.0336701671704531,0.426195450029753,0.0345466644314194,0.426180802068165,0.0237239203755659,0.000984009340124437,2.76933861270816,2.7568780393545,2.79309673236662,5,5,5
"1022",0.033677098276799,0.426187178462869,0.0345583275947697,0.426182241218544,0.0236794214250633,0.000982216522972534,2.76938439960122,2.75695072001022,2.79315599989409,5,5,5
"1023",0.0336762207194789,0.426185639547917,0.0345648672442023,0.426182633259717,0.0236350511128436,0.000980428083944829,2.76942446010382,2.7569684695544,2.79316885128193,5,5,5
"1024",0.0336771974311199,0.426185878829274,0.0345135131798652,0.426182748994348,0.0235908021492275,0.000978646267680738,2.76945847575503,2.75702095538897,2.79323322618907,5,5,5
"1025",0.0336802161799562,0.42619477451604,0.0345667516441395,0.426180246272801,0.0235466776330772,0.000976875391029586,2.76946703961669,2.75704789213962,2.79324104950148,5,5,5
"1026",0.0336849375944628,0.426185915779324,0.034530204969669,0.426180386949877,0.0235026703615439,0.000975102785624016,2.76948750996687,2.75710874787964,2.79327848789419,5,5,5
"1027",0.033681604369271,0.426189385331723,0.0345772667566743,0.426179957936315,0.0234587899394596,0.000973340359499864,2.76957138291383,2.75714340194496,2.79333351114393,5,5,5
"1028",0.0336877189278912,0.426185513272657,0.0345273830281045,0.426180517248534,0.0234150282020641,0.000971575452779871,2.76957863228163,2.75716609847132,2.79337742145731,5,5,5
"1029",0.0336912378920961,0.426188187804524,0.0345254842748144,0.426180238758569,0.0233713881558934,0.000969820350441297,2.76964651065331,2.75727804729948,2.79342250603209,5,5,5
"1030",0.0336858292454807,0.426188380565171,0.0345530792412746,0.426180201218404,0.0233278672575863,0.000968074453516876,2.76963263337549,2.75724238148035,2.79343664728543,5,5,5
"1031",0.0336919782660846,0.426191338288077,0.034598131146455,0.426180101748809,0.0232844676589188,0.000966327819301727,2.76970142736095,2.7573230740406,2.79348795506175,5,5,5
"1032",0.0336961281473315,0.426187751863954,0.0345488550047057,0.426180425399314,0.023241186335517,0.000964587859056676,2.76970966636527,2.75735978456911,2.79352406211384,5,5,5
"1033",0.0336971780104278,0.426191908405173,0.0345536487039751,0.426180462426253,0.0231980265266004,0.000962861070538834,2.76976229506719,2.75738125437017,2.79357183594015,5,5,5
"1034",0.0336999112050613,0.426186945386198,0.0345530707007219,0.426183289616353,0.0231549822846653,0.000961130318379799,2.76974905204359,2.75738368082804,2.79358684645154,5,5,5
"1035",0.0336989948822911,0.42618814571904,0.0345889235359544,0.426181174811824,0.0231120577745858,0.000959402487590522,2.76982234418608,2.75746219555902,2.79362480591538,5,5,5
"1036",0.0336980628038472,0.426193213261741,0.0345590942368878,0.426182357023745,0.0230692523029147,0.000957686899148658,2.76981006880419,2.75742819389135,2.79364637571419,5,5,5
"1037",0.033703281199728,0.426188163203163,0.0345602071149719,0.426180735805769,0.0230265644234304,0.000955968910171578,2.76985196431405,2.75746444436398,2.79367770540757,5,5,5
"1038",0.0337045853894646,0.42618396711651,0.034562429550445,0.426181316901783,0.022983989222913,0.000954253542970518,2.76984446119676,2.7574867864929,2.79369907005387,5,5,5
"1039",0.0337036001713839,0.426194334575855,0.0345799170719801,0.426180648815262,0.0229415356640775,0.000952554100071223,2.76991810104412,2.75752733576873,2.79373759462249,5,5,5
"1040",0.0337115446964862,0.426188782599349,0.0345731208466954,0.42618079773888,0.022899195498591,0.000950852961571047,2.76990407845359,2.7575262150429,2.79376850855035,5,5,5
"1041",0.0337079309964633,0.426185982334468,0.0345697966084576,0.426180750297943,0.0228569711902891,0.000949152669327769,2.76993507857163,2.7575561768307,2.7937849462412,5,5,5
"1042",0.0337084809533775,0.426190002852626,0.0345532674634821,0.426182210551809,0.0228148600308164,0.000947462909807906,2.76992806848938,2.75753646745075,2.79381098435323,5,5,5
"1043",0.0337143518876797,0.426188386010057,0.0345391183363498,0.426180533335788,0.022772865494606,0.000945772665608247,2.77000449564434,2.75761416406679,2.79386041980298,5,5,5
"1044",0.0337186350296093,0.426185410302539,0.0345762293134897,0.426181391857943,0.0227309844550526,0.000944085774630343,2.76998324701505,2.75760897032823,2.79387493201835,5,5,5
"1045",0.0337111036641738,0.426195144787279,0.0345907648196983,0.426180781681987,0.0226892182191245,0.000942417255602235,2.77001698547603,2.75760194832254,2.7938955626904,5,5,5
"1046",0.0337217105774798,0.426190018251153,0.0345252493532669,0.426180677157356,0.0226475618364829,0.000940753562125585,2.77002832881383,2.75763874586172,2.79393606315032,5,5,5
"1047",0.0337227999934451,0.426185019363947,0.0345578360011438,0.426180922094888,0.0226060200099424,0.000939097079023066,2.77011338758216,2.75771879586564,2.79397685996769,5,5,5
"1048",0.0337221901637017,0.426191740543241,0.0345203160516838,0.426180847184046,0.0225645901359303,0.000937455558807032,2.77009880597972,2.75766552268139,2.79400039717155,5,5,5
"1049",0.0337265588075384,0.426191221476362,0.0345850498483756,0.426180833196775,0.0225232734725019,0.00093581437730611,2.77013445521325,2.7577166377798,2.79402138765175,5,5,5
"1050",0.033728077440557,0.42618446593333,0.0344985591795763,0.426181106181628,0.0224820638255321,0.00093417095297732,2.77013022811855,2.75772500704277,2.79404615946023,5,5,5
"1051",0.0337284359958552,0.426192449922075,0.034578836306157,0.426180654929678,0.0224409700634697,0.000932540590692865,2.77021183423755,2.75777682997155,2.79409368025799,5,5,5
"1052",0.0337385029684085,0.426184885693068,0.0345272781173877,0.42618114666134,0.0223999852992238,0.000930908867374514,2.77019287936268,2.75776389000935,2.79411233935606,5,5,5
"1053",0.0337352631921305,0.426182803616249,0.0345578794744367,0.426181614018404,0.0223591110317434,0.000929279216329126,2.77022923127819,2.75780740282883,2.79414101373955,5,5,5
"1054",0.033742156650727,0.426195841439648,0.0345216141300506,0.42618335420748,0.0223183465876714,0.000927665180861015,2.77023325108429,2.75783005516217,2.79416857912313,5,5,5
"1055",0.0337431048725955,0.426186746264613,0.0345483424307677,0.426181520039914,0.0222776929792253,0.000926047067637215,2.77030293690095,2.75787228221136,2.79421219248637,5,5,5
"1056",0.0337506313117274,0.42618242900591,0.0345818492039305,0.426181060844175,0.0222371459603887,0.000924426925739186,2.77028303632142,2.75787709349334,2.79423323573208,5,5,5
"1057",0.033747416631361,0.426199232556635,0.0345733484719275,0.426180337650672,0.0221967118655715,0.000922830449067435,2.77033014498793,2.757918793162,2.79424712576421,5,5,5
"1058",0.0337556072539456,0.426183371229516,0.0345004574887044,0.42618039009592,0.0221563829008605,0.00092121809836232,2.77030951904154,2.75791835342882,2.794272631745,5,5,5
"1059",0.0337537959572561,0.426185870808306,0.0345549232095825,0.426180803093835,0.0221161626927968,0.000919609158744839,2.77037966119524,2.75798652813547,2.79430531156881,5,5,5
"1060",0.0337637006055598,0.42619681021011,0.0345375900374719,0.426181268126459,0.0220760496637079,0.000918016491718687,2.77039206713922,2.75798636018369,2.79433420914916,5,5,5
"1061",0.0337665690447769,0.426188934223081,0.0345576363352667,0.426180979394656,0.0220360466749135,0.000916419493766474,2.77041408042286,2.75801695821018,2.79435938393711,5,5,5
"1062",0.0337696448101429,0.426182540865202,0.034550912590131,0.426181995525621,0.0219961459338,0.000914820240011271,2.77041113852777,2.75804802071628,2.79436207755969,5,5,5
"1063",0.0337677969642856,0.426193992130845,0.0345595709764801,0.426181134903848,0.0219563564411504,0.000913238716052756,2.77047856745511,2.7580935164468,2.79440619798784,5,5,5
"1064",0.0337855475179544,0.426186864591228,0.0345257097354812,0.426181614422155,0.0219166701423469,0.000911650502901762,2.77047187690869,2.75808876340042,2.79443403622944,5,5,5
"1065",0.0337785953050746,0.426185551642575,0.0345413398103499,0.426181213998687,0.0218770896645341,0.000910062637845654,2.77051574740058,2.75816416459808,2.79445707881569,5,5,5
"1066",0.0337818557662471,0.426188660286491,0.0345216137868486,0.426182644744844,0.0218376144613805,0.000908492439095521,2.77051397095349,2.75815017668276,2.79446481102197,5,5,5
"1067",0.0337869887782268,0.426186459469097,0.0345438548910868,0.42618111793096,0.0217982459145233,0.000906921234819558,2.77055538777674,2.75819469700802,2.79450743252819,5,5,5
"1068",0.0337976494735008,0.426187489658451,0.0345159300807413,0.426180882896105,0.0217589773905284,0.000905352288967931,2.77057966027271,2.75824075895222,2.79452891100338,5,5,5
"1069",0.0337928387794524,0.426193329681587,0.0345087951071045,0.42618050220002,0.0217198189720551,0.000903797237233717,2.77061986760263,2.75827413217837,2.79456767801207,5,5,5
"1070",0.0338022552464408,0.426185508567581,0.0345458923370154,0.426181197714106,0.0216807602771641,0.000902236411754909,2.7706099129942,2.75827428925625,2.79456924624473,5,5,5
"1071",0.0338004892787739,0.426184274424593,0.0345254484060347,0.426179512453736,0.0216418040880314,0.000900674670189228,2.77068933670763,2.75835723828185,2.79463216706383,5,5,5
"1072",0.0338122392527125,0.426190763707623,0.0345396951998924,0.426179692382681,0.0216029531699684,0.000899131072228221,2.77065963663429,2.75833106502824,2.79463833747601,5,5,5
"1073",0.03380726142993,0.426188773741413,0.0345314526835476,0.426180128668798,0.0215642054278229,0.000897587644035747,2.77072440337125,2.75837909125944,2.79469446843152,5,5,5
"1074",0.033814923954983,0.426184323651109,0.0345595332531139,0.426180972272089,0.0215255550322581,0.000896040512776752,2.77072195656729,2.75841228321578,2.7946948890361,5,5,5
"1075",0.0338137903367846,0.426188283203527,0.0345389617633225,0.426180539156997,0.0214870126225834,0.000894503504750899,2.77078257744439,2.75844173610856,2.79476321391983,5,5,5
"1076",0.033821780442364,0.426190416659849,0.0345210502742466,0.426182483284426,0.0214485678120072,0.000892970715014985,2.77073357042017,2.75839228392456,2.79474649727386,5,5,5
"1077",0.0338226945145767,0.426188525378224,0.0345170941847831,0.426180646081648,0.0214102258625385,0.000891441126129711,2.77082455385661,2.75850341045183,2.79480651252918,5,5,5
"1078",0.0338224621732059,0.426186164109842,0.0345485607947881,0.42618230168221,0.021371984157093,0.000889919574295239,2.77080154141596,2.75848000827401,2.7948182933782,5,5,5
"1079",0.0338202307928501,0.426187103134241,0.0345515333488709,0.426181526726631,0.0213338426474383,0.000888401105943737,2.77085732763803,2.75849791383331,2.79485805602192,5,5,5
"1080",0.0338346812962588,0.426189331873692,0.0344927980395214,0.426182290045298,0.021295800455376,0.00088688698202799,2.77083878690113,2.75851316026572,2.79485793986464,5,5,5
"1081",0.0338256422794256,0.426192466173765,0.0345103937915275,0.426180466916466,0.0212578597596623,0.000885380048987527,2.77091913425257,2.75856152275256,2.79491935323419,5,5,5
"1082",0.0338304197326505,0.426185618893297,0.0345325411069307,0.426179929546193,0.0212200160935263,0.000883868435076207,2.77087596139069,2.75853740222449,2.79490779719234,5,5,5
"1083",0.0338282075836922,0.426185497746735,0.0345631744784354,0.426180347320267,0.0211822715739896,0.000882358386087634,2.77093288032681,2.75857717542865,2.79494097160689,5,5,5
"1084",0.0338362639742133,0.426194115503482,0.0344936354514356,0.426180403143445,0.0211446267661818,0.000880861917473497,2.77092450290479,2.75856462680393,2.79496377544965,5,5,5
"1085",0.033837073557125,0.426188597428801,0.0345052122336311,0.426180742895806,0.021107081978294,0.000879361743175933,2.77099620890936,2.75861996003426,2.79502499174304,5,5,5
"1086",0.0338409021502499,0.426191738143562,0.0344812829077268,0.426180569738607,0.0210696306937107,0.000877863168119108,2.77099410065192,2.75865633313221,2.79501612008226,5,5,5
"1087",0.0338384192094365,0.426190298805518,0.0345146547528665,0.426181191375918,0.0210322812818577,0.000876371659223607,2.77105904125974,2.75867208760646,2.79507487210011,5,5,5
"1088",0.0338502188209088,0.426188347320522,0.0344941165787275,0.426180852948591,0.0209950270693929,0.000874879430793341,2.77103027455443,2.75864382861886,2.79508023189236,5,5,5
"1089",0.0338494699647579,0.426187357000892,0.0345060994300507,0.426181179418248,0.0209578707633256,0.000873386888916861,2.77112338893127,2.75874301800894,2.79512914876133,5,5,5
"1090",0.0338546744464802,0.426191668260944,0.0344992296937584,0.426181563017877,0.0209208097207485,0.00087190213888666,2.771128328446,2.7587583982342,2.79515485959884,5,5,5
"1091",0.033856445044361,0.426184124454115,0.034511506222263,0.426180978161051,0.020883847255255,0.000870414603289016,2.77117145374843,2.75877872688183,2.79520950080842,5,5,5
"1092",0.0338665263489106,0.426194539509658,0.0345365338682053,0.426181586366226,0.0208469781453894,0.000868935598132892,2.77117557171583,2.75878742973216,2.79518960908919,5,5,5
"1093",0.0338658680550684,0.426186893115203,0.0345227034585812,0.42618117806346,0.0208102084136004,0.000867458168228252,2.77125148378182,2.75884881794189,2.79528133311689,5,5,5
"1094",0.0338775937436573,0.426185805210593,0.034497639705128,0.426182009201049,0.0207735289947767,0.000865982302751145,2.77128144657387,2.75889506177761,2.79530553517122,5,5,5
"1095",0.03387569745896,0.426188485290722,0.0345392963063698,0.426180591317028,0.0207369488367727,0.000864515966128077,2.77132367715326,2.75892689781733,2.79534038890266,5,5,5
"1096",0.0338924822715523,0.426197489263786,0.0345583037624574,0.426180201335783,0.020700461687108,0.000863059129310284,2.77135758936305,2.7589427552081,2.79535734716541,5,5,5
"1097",0.0338880783645649,0.426178843266399,0.0345561616789297,0.426181049472744,0.0206640699938832,0.000861590310928528,2.77138964703276,2.75899146140493,2.79542168275363,5,5,5
"1098",0.0339011513474223,0.426189054567443,0.0345208414491365,0.42618126001097,0.0206277691045786,0.00086013099617771,2.77141989902951,2.75903075688634,2.79542700900554,5,5,5
"1099",0.0338991781185985,0.426183641870757,0.0345736007743642,0.426180610428471,0.0205915657938786,0.000858675564404943,2.77150176977953,2.7591088433545,2.79552529384246,5,5,5
"1100",0.0339138518249898,0.426189637986315,0.0344788659675184,0.426181126627371,0.0205554518751771,0.000857223563206888,2.77147199853307,2.75906731997629,2.79548785926212,5,5,5
"1101",0.0339121386061691,0.426183905630393,0.0345243746498707,0.426181368728706,0.0205194331295724,0.000855770071373718,2.77152643981691,2.75914251113974,2.79555646054137,5,5,5
"1102",0.0339229018400214,0.426195387701122,0.0344891156820318,0.426183263753084,0.0204835044094155,0.000854327956298251,2.77157751910626,2.75919907837997,2.79559361334998,5,5,5
"1103",0.0339189954646671,0.426180542777831,0.0345719932130588,0.426181038559636,0.0204476704952684,0.000852877908023131,2.77160879859764,2.7592316714585,2.79563140730023,5,5,5
"1104",0.0339320190412449,0.426193488721523,0.0345082278173309,0.426180951842507,0.0204119244800775,0.000851439481607263,2.77160407924934,2.75922267436452,2.79560763680286,5,5,5
"1105",0.033930371793814,0.426192719341121,0.0345130099858263,0.426180306033471,0.0203762737945472,0.00085001219511488,2.77168584997769,2.75930357016919,2.7957063797593,5,5,5
"1106",0.0339354400598795,0.426184213870603,0.0345496751183495,0.426180898189732,0.0203407097678675,0.000848577383638138,2.77168143176783,2.75930525386893,2.79569878109227,5,5,5
"1107",0.0339391775161067,0.426187554756167,0.0345107260006338,0.426180659542515,0.0203052388575976,0.000847152314770783,2.7717355060146,2.75936058435537,2.79575586720888,5,5,5
"1108",0.0339484911439517,0.426193003551468,0.0345197985284028,0.426182559385626,0.0202698569787513,0.000845733541390059,2.77173094212378,2.75935972609787,2.79573506838005,5,5,5
"1109",0.0339477500847958,0.426183951082461,0.0345280842756414,0.426180099791957,0.0202345670814171,0.00084430864379742,2.7717769307364,2.75938955063621,2.79581882844171,5,5,5
"1110",0.0339565128214274,0.426195798909832,0.034523224366353,0.426180470757918,0.020199363305338,0.000842894275740913,2.77179520651153,2.75942907535647,2.7958190645538,5,5,5
"1111",0.0339569086317234,0.426183237296312,0.0345112824988583,0.426180547737123,0.0201642525695852,0.000841478286961517,2.7718442629029,2.75948007536496,2.79585911033344,5,5,5
"1112",0.0339638968748052,0.426188128665666,0.0345386448805303,0.426182987508965,0.0201292286984685,0.00084006241503698,2.77179342760635,2.75943059820739,2.79583689675947,5,5,5
"1113",0.0339616251848683,0.426193880268354,0.0345141236588076,0.426180499503802,0.0200942950657043,0.000838657699964218,2.77187484846042,2.7594943249926,2.79590590039178,5,5,5
"1114",0.0339771087202514,0.426191066950441,0.0345069957559042,0.426181007022985,0.0200594470158177,0.000837250682055368,2.77189616346013,2.75955730509044,2.79593596168196,5,5,5
"1115",0.0339704160974399,0.426176235966702,0.0345469265372477,0.426181225515202,0.0200246894690365,0.000835836423951131,2.77190599286615,2.75955333260579,2.79595074827469,5,5,5
"1116",0.0339779217913597,0.426200358214953,0.0345767215280483,0.426182207043484,0.0199900190940414,0.000834446467292027,2.77190040641858,2.75956240734961,2.79593085190059,5,5,5
"1117",0.0339791123221897,0.426185096670677,0.0346040991884033,0.426181061738573,0.0199554383538483,0.000833051275833829,2.77195187241573,2.75961042344417,2.7960021981557,5,5,5
"1118",0.0339817591267673,0.426188637588364,0.0345684263871251,0.426182224582107,0.0199209430724378,0.000831658622402864,2.77192206898566,2.75959537348193,2.79597440485265,5,5,5
"1119",0.0339820543791589,0.426185246051947,0.0345997087437528,0.426180081453399,0.0198865355111732,0.000830269469272671,2.77198508946952,2.75965388694604,2.7960202105939,5,5,5
"1120",0.0339899850315592,0.426197913701738,0.03454181439266,0.426180033134824,0.0198522153413645,0.000828898768418129,2.77197251143209,2.75965796768083,2.79600908933591,5,5,5
"1121",0.0339838379234972,0.426181101576301,0.0345282447887076,0.426179678537342,0.0198179846588412,0.000827517130756072,2.77195873107958,2.75963562657687,2.79602000658219,5,5,5
"1122",0.0339918449555012,0.426196702272798,0.0345219755628625,0.426181352592403,0.0197838376535335,0.000826146608031098,2.77196095918759,2.75965143871733,2.79599914025252,5,5,5
"1123",0.0339881750752143,0.426180273784308,0.0345675235282456,0.426180341369668,0.0197497779493418,0.000824768824962407,2.77202868524056,2.75972394340545,2.79605360480391,5,5,5
"1124",0.0339950856637621,0.426194658661828,0.0345403313220516,0.42618305751806,0.0197158048836439,0.000823404765504132,2.77199230658776,2.75967380940834,2.79603182329731,5,5,5
"1125",0.0339902615139256,0.426187167658013,0.0345691825331076,0.426181111144768,0.0196819178478654,0.00082203511971779,2.77199750252578,2.75968445525357,2.79601796269638,5,5,5
"1126",0.0339980763382361,0.426191118574627,0.0345197267478345,0.426181021835279,0.0196481128822527,0.000820670695724723,2.77204968653883,2.75975964113833,2.79606926996008,5,5,5
"1127",0.0339892490787112,0.426176606117477,0.0345674487774294,0.42618040483831,0.0196143942441027,0.000819296865313457,2.77205421847461,2.75973960923697,2.79606158311514,5,5,5
"1128",0.0339988447389525,0.426198860359506,0.0345243907226536,0.426180571222799,0.0195807596039976,0.000817947297466259,2.77204406805089,2.75973243932043,2.79604945277522,5,5,5
"1129",0.033985930970117,0.426184788972259,0.0345671829315411,0.426181043485476,0.0195472088099838,0.000816592051152698,2.77210514046332,2.75979680871015,2.79608070707479,5,5,5
"1130",0.0339916403037737,0.42618578040442,0.0344834559752743,0.426180414487374,0.0195137415826952,0.000815237964851112,2.77209845385811,2.75979175332995,2.79609808343613,5,5,5
"1131",0.0339890299961528,0.426184680420203,0.0345515771608178,0.426181329156141,0.019480357815806,0.00081388386787451,2.77217102564213,2.75984700210857,2.79612692890958,5,5,5
"1132",0.0339943195423852,0.426199744062927,0.034489848505577,0.426181208895839,0.0194470579452547,0.000812550452442218,2.77217997130015,2.75987983407593,2.79613208173518,5,5,5
"1133",0.0339795779587673,0.426184377203065,0.0345243197274882,0.426180047694329,0.0194138416216725,0.000811201597508693,2.77220141863986,2.75987731876401,2.79614625762474,5,5,5
"1134",0.033987710496214,0.426191311015069,0.0344536572084571,0.42618087507148,0.0193807070123002,0.000809860691901809,2.7722085177692,2.75990686163214,2.79613873592611,5,5,5
"1135",0.0339835502346256,0.426181976258129,0.0344898772723481,0.42618055793157,0.0193476558035656,0.000808516333302423,2.77231939129388,2.76002090051647,2.79620791985476,5,5,5
"1136",0.0339881352210134,0.426194923937854,0.0345060875310014,0.426180640969654,0.019314687504566,0.0008071860899031,2.77227276168468,2.75996198227484,2.79619122985134,5,5,5
"1137",0.0339772379958998,0.426185872154541,0.0345233808787548,0.426180515336039,0.0192818009947757,0.000805848331043579,2.77233120287573,2.76001737869681,2.79619274579244,5,5,5
"1138",0.0339879651923968,0.426186544080849,0.0345372564048216,0.426181089807786,0.0192489948594457,0.000804514475402196,2.77234882913484,2.76007506804116,2.79620956441492,5,5,5
"1139",0.0339767481827539,0.42618064840919,0.034530217256248,0.426181483859634,0.0192162717024583,0.000803175493817032,2.77239664219007,2.76010119624193,2.79625156742571,5,5,5
"1140",0.0339870677830867,0.426197674848236,0.0345179714564468,0.426181193456464,0.019183629533438,0.000801855591325451,2.77238305339225,2.76010333971568,2.79623440205249,5,5,5
"1141",0.0339765905127793,0.426186138287263,0.0345549344957869,0.42618122773405,0.0191510681567595,0.0008005293798376,2.77243393684158,2.76015585206786,2.79624536710712,5,5,5
"1142",0.0339790868472582,0.426184430360759,0.0344989603356272,0.426181681048972,0.0191185855547171,0.000799202409367761,2.77241458736482,2.76013000778434,2.79624612245834,5,5,5
"1143",0.0339730569595327,0.426183877925804,0.0345410598064492,0.426180832679947,0.0190861852194636,0.000797873742491684,2.77248353227187,2.76020737301865,2.79627072799336,5,5,5
"1144",0.0339815196342971,0.426191561949504,0.0345286971862293,0.426182634084351,0.019053863734178,0.000796558982170625,2.77246446839654,2.7601945697437,2.79626980361631,5,5,5
"1145",0.0339717756678751,0.426188211202992,0.0345418151638799,0.426182380398972,0.0190216232050121,0.000795244212259016,2.77251068374999,2.76020825617175,2.7962627708002,5,5,5
"1146",0.0339734084339164,0.426191755260133,0.0345163144168919,0.426181543102208,0.0189894605578199,0.000793931017395333,2.77245790750374,2.76018373699331,2.79623651207505,5,5,5
"1147",0.0339728794227993,0.426181272988489,0.0345772193247965,0.426181453782906,0.0189573792884527,0.000792613720553503,2.7725373235407,2.76023667633532,2.79627233468364,5,5,5
"1148",0.0339754940667108,0.426191465279635,0.0345006680015731,0.426181028841882,0.0189253774264971,0.000791307727309731,2.77251248389734,2.76019141490105,2.79627125866434,5,5,5
"1149",0.0339690640643704,0.426189234430557,0.0345455820741162,0.42618046603982,0.0188934539351903,0.000790001542479268,2.77253826369398,2.7602296368858,2.79624114702508,5,5,5
"1150",0.0339774659069303,0.426186980014816,0.0345333077862162,0.426180424135781,0.0188616079439018,0.000788701905239331,2.77253102526195,2.76022631090341,2.79624764145081,5,5,5
"1151",0.033975276069515,0.426182402670507,0.0345560914728024,0.426181040262326,0.0188298442926924,0.000787399125089683,2.77258682942663,2.7602385844892,2.79629364547841,5,5,5
"1152",0.0339801084668303,0.426193582289057,0.0344960757148078,0.426181707060221,0.0187981586859846,0.000786111174264859,2.77252085051434,2.76020563870482,2.7962578009209,5,5,5
"1153",0.0339766262187207,0.426185794228885,0.0345357841631853,0.426179702506221,0.0187665516205264,0.000784820139605347,2.77256133751314,2.76022779102465,2.79624583253863,5,5,5
"1154",0.0339809843512873,0.426183584461656,0.0345164436987107,0.426179611618343,0.0187350195743708,0.000783527663645478,2.77255324076325,2.7602224654837,2.79630582217544,5,5,5
"1155",0.0339859757575267,0.426192359350001,0.0345622473417468,0.426181561751799,0.0187035676396479,0.000782246327553637,2.77259733957364,2.76025461002237,2.79628619781566,5,5,5
"1156",0.0339887344976283,0.426185845590747,0.0344478876857546,0.426181035673464,0.0186721931168684,0.000780965250932075,2.77257523513796,2.76025362932283,2.79629998757196,5,5,5
"1157",0.0339859495815154,0.426184903846259,0.0345091327726346,0.426182345151164,0.0186408948467914,0.000779681763862727,2.77262693316587,2.76028697543297,2.79633058111529,5,5,5
"1158",0.0339896914957785,0.426188073499893,0.0344857850018847,0.426181070900601,0.0186096724278606,0.000778404507500829,2.77258819552349,2.76028118499566,2.79633288957617,5,5,5
"1159",0.0339988745690509,0.426188809847328,0.0345210831360307,0.426180263015334,0.0185785284485738,0.000777129781547148,2.772671870881,2.76033781378074,2.79636120784408,5,5,5
"1160",0.0339967234242899,0.426184576611524,0.0344641860872004,0.4261811444175,0.0185474599255906,0.000775853852341302,2.77263107264753,2.76031259679149,2.7963875616777,5,5,5
"1161",0.0339975599353209,0.426189013458412,0.0345131387635724,0.426180777069638,0.01851646770648,0.000774583961021647,2.77265645023182,2.76036365397057,2.79637882926309,5,5,5
"1162",0.0340051350825774,0.42619050828258,0.0344605062876509,0.426182529070057,0.0184855515487963,0.000773321931841708,2.77263954238042,2.76036628814514,2.79641155187987,5,5,5
"1163",0.0340021947865378,0.426182798822227,0.0345358937544335,0.426181276667914,0.0184547097082179,0.000772052397139567,2.77269633069844,2.76040114338278,2.79646005131403,5,5,5
"1164",0.0340084216477919,0.426191192702555,0.0345018294952228,0.426182472846991,0.018423944696652,0.000770795330912788,2.77265831585322,2.76037787932102,2.79642316252507,5,5,5
"1165",0.0340078106820791,0.426184969219619,0.034530413829728,0.426180395855551,0.0183932551002638,0.000769535079368777,2.77265419501938,2.76041739225153,2.79645888077177,5,5,5
"1166",0.034008609210258,0.426187772538666,0.0345059420502196,0.426180630481672,0.0183626381936125,0.000768276994540906,2.7726858885299,2.76039934570614,2.79651415825576,5,5,5
"1167",0.0340087630247467,0.426185483375779,0.0345231627079187,0.426180211036134,0.0183320978190783,0.000767025118670994,2.77266711213433,2.76041358533985,2.79646525233637,5,5,5
"1168",0.0340131471385562,0.426191824987876,0.0345405460788035,0.426181449661482,0.0183016326830781,0.000765781189817294,2.77265526447898,2.76042578731869,2.79649930780365,5,5,5
"1169",0.034006423958354,0.426181376963525,0.0345530199802687,0.426181039396482,0.018271240443543,0.000764531697124815,2.77267533533489,2.76042915535695,2.7965344660709,5,5,5
"1170",0.0340170451916618,0.426193019246368,0.0345593360998191,0.426181490054546,0.0182409225665007,0.000763297285037323,2.77266192625308,2.76042714774621,2.79652702167731,5,5,5
"1171",0.0340104569455394,0.426182867014529,0.0345450428772388,0.426181980431129,0.0182106781342555,0.000762057006845451,2.77266770262155,2.76046659525412,2.79654037433695,5,5,5
"1172",0.0340145421356906,0.42619077011036,0.0345430010901155,0.426183080907087,0.0181805083288659,0.000760827775914241,2.77265784614172,2.76042825425643,2.79655458985452,5,5,5
"1173",0.0340128272240517,0.4261853343983,0.0345531991393329,0.426181266167452,0.0181504104847112,0.000759593473601383,2.77266743861085,2.76048411109325,2.79655042795472,5,5,5
"1174",0.0340157165949055,0.426194667683948,0.0345226223265519,0.42618166257387,0.0181203863154121,0.000758371588309659,2.77264214468394,2.76046819531641,2.79657766944572,5,5,5
"1175",0.0340186862463175,0.42617814157243,0.0345596492317822,0.426180585949302,0.0180904334773375,0.000757134149653949,2.77269358509372,2.76051325395357,2.79659798903569,5,5,5
"1176",0.0340163390439093,0.426198754108564,0.0345456168338838,0.42618126650218,0.0180605545329972,0.000755918507379105,2.77262450147178,2.76045549674945,2.7965536141387,5,5,5
"1177",0.0340121868742806,0.426182458866582,0.0345567620125158,0.426181060664438,0.0180307473193033,0.00075469091005903,2.77266716971039,2.7605465936284,2.79660373197663,5,5,5
"1178",0.0340238965873981,0.426190133600496,0.0345900681546171,0.426181654893629,0.0180010110941781,0.000753472629240248,2.77266921783277,2.7604871316703,2.79662101237607,5,5,5
"1179",0.0340131075175853,0.426181145725977,0.0345733152888018,0.426181175577093,0.0179713462331525,0.000752252393058539,2.77269178635061,2.76056181826167,2.79660416000575,5,5,5
"1180",0.0340180111614305,0.426195606108794,0.0345872523541006,0.42618096236186,0.0179417539830693,0.000751049586503461,2.77266140406084,2.7605380159388,2.79662383838369,5,5,5
"1181",0.0340207943621247,0.426176431969691,0.0345895361700608,0.426180601126085,0.0179122315011635,0.000749830896319581,2.77271512112528,2.76056274749928,2.79667129140852,5,5,5
"1182",0.0340220488252952,0.426196749843558,0.034519715372942,0.426181157388566,0.0178827794696712,0.000748634263150694,2.77267748670801,2.76053711419597,2.79663934455713,5,5,5
"1183",0.0340181955887717,0.426182323952219,0.0345390929061118,0.426180306693026,0.0178533970208562,0.000747424673002373,2.77273338414712,2.76061910920293,2.79669045910378,5,5,5
"1184",0.0340260485355931,0.426192354418222,0.034527473519415,0.426180951294219,0.017824085834496,0.000746229769553908,2.7727331928412,2.76056358385677,2.79670567162643,5,5,5
"1185",0.0340195442872589,0.426182867323409,0.0345313786909718,0.426180177929467,0.0177948434315346,0.000745027560045686,2.7727404767653,2.76061986860551,2.79671575614066,5,5,5
"1186",0.0340241105629066,0.426189794605137,0.0344756395476908,0.426180940825816,0.0177656708310933,0.000743843169771163,2.77276915266291,2.76062874315497,2.79674794901793,5,5,5
"1187",0.0340255940708993,0.426182652054813,0.0345047883142749,0.426180814218842,0.0177365670815868,0.000742657891290521,2.77280988318178,2.76063609605499,2.79678161558967,5,5,5
"1188",0.0340250006118346,0.426196412847048,0.034564608629723,0.426181188644077,0.0177075339825361,0.000741489326146261,2.77276813414796,2.76062085176328,2.79676444279064,5,5,5
"1189",0.0340277832658778,0.426179447648467,0.034579466788807,0.426180935302513,0.0176785697508324,0.000740308228809883,2.7728567750476,2.76073650773642,2.79684966251364,5,5,5
"1190",0.0340309204641169,0.426193043790439,0.0345630672620232,0.426181063181578,0.0176496733325187,0.000739143173850931,2.77284297674608,2.76066863715131,2.79685371312515,5,5,5
"1191",0.0340293798741956,0.42618611465417,0.0345658585140301,0.426180173180519,0.0176208461845745,0.00073797134591469,2.77287469438874,2.76072642823746,2.79686074863353,5,5,5
"1192",0.0340315194457589,0.426193239146266,0.0345504562659078,0.426180402324593,0.0175920887574006,0.000736810090137818,2.77288164309384,2.76075040301011,2.79690035239708,5,5,5
"1193",0.0340365190807963,0.426182600251492,0.0345763184359976,0.426181110474504,0.0175633976904273,0.000735638301958219,2.77297268648571,2.76081345357776,2.79697102622137,5,5,5
"1194",0.0340384468772102,0.426192774226023,0.0345084438963917,0.426180844113099,0.0175347740389246,0.000734479786392794,2.77292314952033,2.76078649830149,2.79693698523133,5,5,5
"1195",0.0340405670915914,0.426181861994712,0.034549697064358,0.426181503236699,0.0175062191518656,0.000733318280778439,2.77302976757266,2.76090102234538,2.79699617219236,5,5,5
"1196",0.0340440243929142,0.426195211014026,0.0345452748312834,0.426181592102391,0.0174777315429129,0.000732171840110818,2.77304476001043,2.76088608760376,2.79703650956472,5,5,5
"1197",0.0340459786913376,0.426184193724968,0.0345397693430804,0.42618106419923,0.0174493119996586,0.000731016759174141,2.7730625264155,2.76094964456012,2.79703912720801,5,5,5
"1198",0.0340506076328236,0.426193894410396,0.0345386574813327,0.42618203975634,0.0174209599497565,0.00072987303094274,2.77309289298438,2.76097700458821,2.7970885274292,5,5,5
"1199",0.0340512885454129,0.426184878363596,0.0345641166151871,0.42618070415047,0.0173926761401954,0.000728720290518181,2.77315766948302,2.76102685434293,2.79710849982775,5,5,5
"1200",0.0340511513831591,0.42619464227857,0.0345425138305661,0.426181558032296,0.0173644588302776,0.000727581144185974,2.77310906101241,2.76101242438412,2.79711085119141,5,5,5
"1201",0.0340571592139069,0.426182582764328,0.0345435283892642,0.426181226719441,0.0173363100722256,0.000726431723302889,2.7731765182094,2.7611206707301,2.79714886532225,5,5,5
"1202",0.0340581063016006,0.426187938849961,0.0345685527185328,0.426181498629465,0.0173082271385301,0.000725288864620255,2.77319446003647,2.76109237170271,2.79718435566503,5,5,5
"1203",0.0340601026064587,0.426188260568536,0.0345792245006558,0.426180936378116,0.0172802128253134,0.000724147630730476,2.77319931475256,2.76114898935099,2.79715957999136,5,5,5
"1204",0.0340571693613459,0.426190946670196,0.0344720089410975,0.42618128661004,0.0172522636151284,0.000723011086365744,2.77320130460898,2.76117039653823,2.79720514251315,5,5,5
"1205",0.0340656052828363,0.42618326704641,0.0345306265892891,0.426180637017392,0.0172243844578332,0.000721869665573638,2.77327009690234,2.76124435722645,2.79725560894572,5,5,5
"1206",0.0340601113615139,0.426192538032106,0.0345110562635154,0.426182101300678,0.0171965694790464,0.000720740622403182,2.77318631281274,2.76116552908407,2.79720158482145,5,5,5
"1207",0.0340667638485569,0.426183785014491,0.0345497886328344,0.426181573759994,0.0171688238900517,0.00071960310313135,2.77325767587813,2.76130328864123,2.79724880299255,5,5,5
"1208",0.0340654357484708,0.426192964678943,0.0345570448237401,0.4261825159681,0.0171411434579266,0.000718474866201857,2.7732187599281,2.76126963644336,2.79726997911167,5,5,5
"1209",0.0340691540858571,0.426185837395505,0.0345756647471442,0.426181263751043,0.0171135297019111,0.000717343510545254,2.77324163347575,2.76129646093396,2.79725066148222,5,5,5
"1210",0.0340698928189097,0.426182814607454,0.0345628236863665,0.426180755945888,0.0170859812562755,0.000716211947857426,2.77321689933329,2.76130053673743,2.79728062840002,5,5,5
"1211",0.0340731360809499,0.426189925219011,0.0345536699349701,0.426179660092245,0.0170585015628134,0.00071508737683279,2.77324162127709,2.76137170010284,2.79728948143826,5,5,5
"1212",0.0340709767199997,0.426192612258281,0.034591806525401,0.426180657001567,0.0170310846255546,0.000713973299492188,2.77319950189433,2.76132567357844,2.79728217267617,5,5,5
"1213",0.0340778904642201,0.426181547042497,0.0345453983588889,0.426181063448291,0.0170037346649444,0.000712853122945556,2.77324392332699,2.76139428396517,2.79729912803512,5,5,5
"1214",0.0340751043201897,0.426193574190089,0.034560780797487,0.426182117994213,0.0169764497407004,0.000711746274674019,2.77320255112148,2.76136560762692,2.79731438366228,5,5,5
"1215",0.034077121829006,0.426186010629825,0.0345748022793446,0.426180622379529,0.0169492296422122,0.000710632128480382,2.77321356337908,2.76139435191678,2.79726017551323,5,5,5
"1216",0.0340789789512531,0.426188134256704,0.0344845168808416,0.426181136675002,0.0169220721683788,0.000709522092902537,2.77319522678059,2.76140935789488,2.79731148878925,5,5,5
"1217",0.0340845232135015,0.426185367511371,0.0345154003336767,0.426180148936741,0.0168949804049389,0.000708411949591481,2.77324775130662,2.7614526506778,2.797317267606,5,5,5
"1218",0.0340788151858356,0.426188444482448,0.0345401550281734,0.426180849565789,0.0168679515579382,0.000707308845288468,2.77319102962807,2.76140704189834,2.79729576304875,5,5,5
"1219",0.0340822833956812,0.426182657967768,0.0345436349919787,0.426180429214501,0.0168409873741138,0.000706199424031995,2.7732253444324,2.76146978949812,2.79730519939093,5,5,5
"1220",0.0340826981698376,0.426193384823722,0.0345469012073182,0.426182333759754,0.0168140858033658,0.000705101216522175,2.77319665110347,2.76145302591473,2.79732450671909,5,5,5
"1221",0.0340882641578223,0.426186189488849,0.0345731467173378,0.426181534687261,0.0167872488030855,0.00070399899145096,2.77323806349505,2.76148877409834,2.79732355188303,5,5,5
"1222",0.0340833354712918,0.426183263965902,0.0345427657955795,0.426182817653305,0.0167604733543414,0.000702897818442294,2.77321659191937,2.76148231190182,2.79736202795228,5,5,5
"1223",0.0340910007219769,0.426188340837766,0.0345635701856432,0.426180495401189,0.0167337627758774,0.000701801587639606,2.77326057539245,2.76154457616289,2.79737488872,5,5,5
"1224",0.0340825874126228,0.426192063044128,0.0345130564573832,0.426180590604963,0.0167071141180887,0.000700712304962381,2.77321514549787,2.7615093457346,2.79735870509602,5,5,5
"1225",0.0340854331088844,0.426182460808731,0.0345181530529272,0.426180372247903,0.016680529003856,0.000699615060009651,2.77323571083292,2.76152562955748,2.79737429282605,5,5,5
"1226",0.0340826195549527,0.426189632134856,0.0344926585678236,0.426180700168479,0.0166540056190466,0.00069852735082826,2.77324963567513,2.76154724937112,2.79741709158906,5,5,5
"1227",0.0340872396518052,0.4261829712123,0.0345127260442188,0.426180356655943,0.0166275473851886,0.000697435679390845,2.77325056007277,2.76155536601785,2.79737550823103,5,5,5
"1228",0.0340793891502154,0.426188858446126,0.0345471139507868,0.42618226828561,0.0166011486238912,0.000696348671521796,2.77324708279034,2.76156712764228,2.79744201824491,5,5,5
"1229",0.0340851218139013,0.426187901636071,0.0345844860530013,0.426181039930437,0.0165748150254497,0.000695263037040983,2.77326027740222,2.76157059448618,2.79742955064739,5,5,5
"1230",0.0340786376607489,0.426188990403411,0.0345144633598887,0.426181508884188,0.0165485419405334,0.000694181297570373,2.77325707749907,2.7615676450323,2.79744021997365,5,5,5
"1231",0.0340803404409362,0.426182221424382,0.0345537335221371,0.426180962407357,0.0165223320111739,0.00069309412070051,2.77326905070148,2.76160516713685,2.79746074048823,5,5,5
"1232",0.0340786548619803,0.426194350354685,0.0345284238291876,0.426181178595657,0.0164961825160811,0.000692018759804514,2.77329771779516,2.7616156942441,2.7975030495082,5,5,5
"1233",0.034083544180091,0.426188551498105,0.0345794964028034,0.426181221774824,0.0164700958740974,0.000690940718810096,2.77328255598175,2.7615784595267,2.7974460305367,5,5,5
"1234",0.0340734336035944,0.426186337494135,0.0345237535711751,0.426180873069508,0.0164440688761184,0.000689861855350082,2.77330261964183,2.76161472836859,2.79751013699848,5,5,5
"1235",0.034080206713811,0.426188293704774,0.0345954446579704,0.426180783503426,0.0164181060303413,0.00068879036997721,2.77332461190157,2.76162259249738,2.79748500797809,5,5,5
"1236",0.0340724390135179,0.426190712314569,0.0345046187728278,0.426180731453224,0.0163922021668618,0.000687724453482252,2.77330622210825,2.76160049892968,2.79747746270016,5,5,5
"1237",0.0340741589391293,0.426183275371566,0.0345515265634841,0.426180263326626,0.0163663608368739,0.000686654427723921,2.77332137336714,2.76160061775321,2.79749074140243,5,5,5
"1238",0.0340730983122287,0.426192383394008,0.0345048181209186,0.426180452007475,0.0163405780321461,0.000685592066735241,2.77334640545499,2.76162252229399,2.79752131413954,5,5,5
"1239",0.0340748738661164,0.426182473103735,0.0345450632647228,0.426180838483204,0.0163148574215463,0.000684524034209377,2.77333015742968,2.76159693556197,2.79746877464566,5,5,5
"1240",0.0340691563338035,0.426191929214493,0.0345122745390951,0.426182683279284,0.0162891940274648,0.000683464430520808,2.77335552220775,2.76161446732624,2.79751873892921,5,5,5
"1241",0.0340802138988119,0.426191666800305,0.0345584081558463,0.426181748609909,0.0162635928459233,0.000682408830678272,2.77335711722158,2.76158934539723,2.79748406200988,5,5,5
"1242",0.0340704273160569,0.426183335388782,0.0345850199882203,0.426181618674607,0.0162380486363025,0.000681348552446837,2.77338354665607,2.7616095292629,2.79751139477127,5,5,5
"1243",0.034074667784205,0.426182356647958,0.0345913807207492,0.426180304380805,0.0162125649662001,0.000680289192630856,2.77337386707284,2.76161589294518,2.79751168126567,5,5,5
"1244",0.0340745538439762,0.426192530421984,0.0345478907694496,0.426180784682216,0.0161871382038136,0.000679238880180733,2.77340054836584,2.76161693200964,2.79751169089154,5,5,5
"1245",0.0340742500628983,0.426181406044748,0.0345416836212143,0.426180798886787,0.0161617731350778,0.000678185394553554,2.77337359526369,2.76157860045224,2.79749690846564,5,5,5
"1246",0.0340742854289209,0.426187287128404,0.0345523486327228,0.426182444646747,0.0161364639107649,0.000677138239570552,2.77343613472196,2.76164047580533,2.79757317079237,5,5,5
"1247",0.0340728167692416,0.426185676210848,0.0345908485841185,0.426180685556204,0.0161112163846366,0.00067609602188845,2.77338176992258,2.76159506105158,2.79749460378996,5,5,5
"1248",0.0340688166357575,0.426193628194771,0.0345392341034677,0.42618036931748,0.0160860252170726,0.000675061949539424,2.77341070158116,2.76159825425873,2.79752900560943,5,5,5
"1249",0.0340789235482292,0.426183419607996,0.0345830760979575,0.426180650127665,0.0160608933329504,0.000674024886904712,2.77343973556729,2.7616151788962,2.79756481975042,5,5,5
"1250",0.0340718124436997,0.426190717832481,0.0345207221617123,0.426182629712796,0.0160358184621952,0.000672994461377086,2.77341859466554,2.76161554622807,2.79754364833778,5,5,5
"1251",0.0340695818838147,0.426182585004797,0.0345634473614149,0.426181512716813,0.0160108027967946,0.000671957449466409,2.77339938798122,2.76159657483298,2.79752118262052,5,5,5
"1252",0.0340682253166902,0.426189138843476,0.03451654542664,0.426181355953943,0.0159858431417101,0.000670928948869887,2.77345707601064,2.76164509855102,2.79758450838702,5,5,5
"1253",0.034073034949692,0.426188370391208,0.0345430355093107,0.426180428802563,0.015960943194907,0.000669903984783837,2.77342244027705,2.76161415321717,2.79753531130924,5,5,5
"1254",0.0340672568821053,0.426188287380491,0.0345505290308301,0.426181179190716,0.0159360979049755,0.000668878969412812,2.77345043769704,2.76163793681236,2.79758527072708,5,5,5
"1255",0.0340744069853099,0.42619140201124,0.0345540652724627,0.426180830871364,0.0159113104418763,0.000667858914968678,2.77344936694849,2.76165001794931,2.79757466111655,5,5,5
"1256",0.0340600045800817,0.426184755556164,0.0344898583715632,0.426181594436428,0.0158865791176458,0.000666835113171393,2.77345246603954,2.76165668532456,2.79758030273634,5,5,5
"1257",0.0340655711430546,0.426175945180744,0.0345256105585488,0.426180731581049,0.0158619039676722,0.000665807148809483,2.77344140337805,2.76162366985554,2.79755350111068,5,5,5
"1258",0.0340631161099878,0.426194929808188,0.0345367988232421,0.426181253062525,0.015837284807357,0.000664800816788991,2.77347416821958,2.7616948083196,2.79760665064645,5,5,5
"1259",0.034062708777308,0.426185601963819,0.0345769327107723,0.42618047300039,0.0158127225601999,0.000663790285767407,2.77344127935529,2.76165792124081,2.79754759200609,5,5,5
"1260",0.0340565451395078,0.426185073974896,0.0344752354215216,0.426180759536563,0.0157882137871875,0.000662780177166367,2.77345306200741,2.76165259648601,2.79759001808242,5,5,5
"1261",0.0340678194215339,0.426191499390124,0.0345571119411619,0.426179952631416,0.0157637635669111,0.000661780165726822,2.7734820151857,2.76171239070327,2.79758803154548,5,5,5
"1262",0.0340643592678634,0.426189746033581,0.0344967156145043,0.42618034923026,0.0157393659499183,0.00066078203893577,2.77345375401175,2.76170400927682,2.79760199248835,5,5,5
"1263",0.0340611321082959,0.42617691792649,0.0345503826597532,0.426179762128638,0.0157150252701822,0.000659776166057058,2.77347346902947,2.76169081403764,2.79758964511971,5,5,5
"1264",0.0340578512195561,0.426193735102158,0.0344813882464728,0.426181283655776,0.0156907376733426,0.000658784132248014,2.77347490154529,2.76174490509813,2.79761872157923,5,5,5
"1265",0.0340671637580734,0.426190126047147,0.0344995987549352,0.426180638829518,0.0156665077031762,0.000657794139583889,2.77347550598102,2.76173422441977,2.79762620164618,5,5,5
"1266",0.0340618622303906,0.426185950656479,0.034567478312332,0.426180673794267,0.0156423296956884,0.000656799544276887,2.77348478322173,2.7617593568093,2.79766610745152,5,5,5
"1267",0.0340613181549084,0.426184504379352,0.0345481308572408,0.426180851592582,0.0156182076818543,0.000655806037358764,2.77349677844112,2.76177876609392,2.7976447286897,5,5,5
"1268",0.034062650306479,0.426195013697195,0.0344981095065394,0.426181503380893,0.0155941401648204,0.000654823429097229,2.77347645205699,2.76175620423095,2.7976643653411,5,5,5
"1269",0.0340632829319883,0.426178874491354,0.0345025114461554,0.426180475417858,0.0155701272623826,0.000653829020950014,2.77351885010672,2.7617963361906,2.79769753703974,5,5,5
"1270",0.0340646758218661,0.426188454383276,0.0345343454650918,0.426180937244973,0.0155461678922132,0.00065284228762208,2.77352222266558,2.76184386367382,2.79771970398013,5,5,5
"1271",0.0340661214645012,0.426186866321178,0.0345482884830959,0.426181299761403,0.0155222642674017,0.000651859233910757,2.77349132915945,2.7618027755012,2.79770025563717,5,5,5
"1272",0.0340618309462346,0.42618731705295,0.0345224623611555,0.426181488492991,0.0154984122486533,0.000650874422779224,2.77351849404657,2.7618234357013,2.79770894825535,5,5,5
"1273",0.0340717948119667,0.426183104287621,0.0345603146922981,0.42618187605921,0.015474616128123,0.000649892307602096,2.7735625384783,2.76187627947809,2.7977517632441,5,5,5
"1274",0.0340711931281778,0.426197123669067,0.0344711619083451,0.426182732305072,0.0154508731013997,0.00064892620607826,2.77349629320609,2.76182111265611,2.79772468755353,5,5,5
"1275",0.0340660547300188,0.426180075363928,0.0345329149015293,0.426181448391551,0.0154271834124278,0.000647947381892444,2.77352224411703,2.76185075539353,2.79772051864916,5,5,5
"1276",0.0340720733950319,0.426188908468352,0.0345509938528468,0.426182010549307,0.0154035478131966,0.000646984744636425,2.77354864748574,2.76188389306893,2.7977451119887,5,5,5
"1277",0.0340800060334982,0.426191734222532,0.0345264764278182,0.42618052881548,0.0153799670700895,0.000646026384357457,2.77355315029787,2.76186150540146,2.7977536968561,5,5,5
"1278",0.0340774704747299,0.426187378259303,0.0345582354583494,0.426181141411045,0.0153564352886209,0.000645062572155852,2.77356861779817,2.76190586542893,2.79777348129725,5,5,5
"1279",0.0340800504913729,0.426184286134878,0.0345200343843711,0.42618100954699,0.0153329612582958,0.000644104332486628,2.77360419866888,2.76193766706408,2.79779646869948,5,5,5
"1280",0.0340835922657594,0.426193838132098,0.0345399375081949,0.426181007962596,0.0153095376183567,0.000643154182587868,2.77359953071972,2.76192961608969,2.7978144689243,5,5,5
"1281",0.0340868008449872,0.426180141711895,0.0345328947004197,0.426180406568743,0.0152861661996007,0.000642197423612378,2.77363356266444,2.76197360434653,2.79782399951349,5,5,5
"1282",0.0340899649270634,0.426191598679015,0.0345344856067845,0.426181685211338,0.0152628487415095,0.000641255333259871,2.77364020958225,2.76199906038639,2.79783303751259,5,5,5
"1283",0.0340879411047256,0.426189040067149,0.0345603564476796,0.42618160169326,0.0152395844309022,0.000640315747916564,2.77364275805675,2.76199140195414,2.79784856374621,5,5,5
"1284",0.0340927448761914,0.426188365616863,0.034571199708366,0.426182770048777,0.0152163686121336,0.000639373934437582,2.77369482161487,2.7620663248075,2.79788346693003,5,5,5
"1285",0.0341000685633313,0.426183248196591,0.0345637478170494,0.426181162002034,0.0151932088703565,0.000638433233987046,2.7737060352688,2.76207316791819,2.79788767044076,5,5,5
"1286",0.0340961460949051,0.426201588835861,0.0345425596520699,0.426181398287678,0.0151700997054234,0.000637505604244859,2.77370064214086,2.76206190416133,2.79787879439977,5,5,5
"1287",0.0340940977119713,0.426179012092543,0.0345322077884542,0.426180158554986,0.0151470413492143,0.000636565438424053,2.77376371363664,2.76215120717098,2.79793621369427,5,5,5
"1288",0.0341091868490716,0.42618559486373,0.0345576300789453,0.426180631871424,0.0151240342865636,0.00063563409084133,2.77379343747108,2.76216642906925,2.7979494985332,5,5,5
"1289",0.0341010010783907,0.42619060743227,0.0345223417821224,0.426179998620559,0.0151010817554497,0.000634706596351675,2.77379829337032,2.76216768794702,2.79794713506784,5,5,5
"1290",0.034101440614488,0.426191326571296,0.0345005805417124,0.426180037603016,0.0150781775183804,0.000633783266593135,2.7738167277948,2.76221234308196,2.79798174747157,5,5,5
"1291",0.0341110300438519,0.426180579599726,0.034518947904314,0.426179987472441,0.0150553252192452,0.000632855021981682,2.77390365608801,2.76228189446479,2.79804051811742,5,5,5
"1292",0.0341060802922072,0.426193572939156,0.0344984163412475,0.426181397690077,0.0150325233243246,0.000631938103552498,2.77387513268381,2.76226215406961,2.79801101360094,5,5,5
"1293",0.0341069961872746,0.426180781326143,0.0345217170284121,0.426180053000168,0.0150097736163181,0.000631014679561281,2.77391996460946,2.76228870760506,2.79803940957165,5,5,5
"1294",0.0341241327785214,0.426197377409485,0.0345013233923801,0.426180906949874,0.014987074480948,0.000630106402111141,2.77394438421593,2.76233695968047,2.79808366632047,5,5,5
"1295",0.03411449066184,0.426185611549329,0.0344965787167761,0.426181040446223,0.0149644262947918,0.000629191750193159,2.77398208624888,2.76238678064661,2.79810183819674,5,5,5
"1296",0.0341129102696158,0.426181087850085,0.0345011283530054,0.426181918868888,0.0149418282011323,0.000628277645594255,2.77396627345353,2.76236737402849,2.79809831400341,5,5,5
"1297",0.0341340615546841,0.426189435454186,0.0344901357868663,0.426180808504215,0.0149192812413976,0.000627371217722605,2.77403544441217,2.76241719251978,2.798150901908,5,5,5
"1298",0.0341269115394765,0.426194815187451,0.0344627467919021,0.426181125228828,0.0148967843249938,0.000626472182580662,2.77406805447667,2.76247540725932,2.79817636904387,5,5,5
"1299",0.0341356819815909,0.426174565029749,0.0345055324705789,0.426181196287469,0.0148743374674338,0.000625568458891446,2.77406999570485,2.76245588340379,2.79820033270003,5,5,5
"1300",0.0341412361495554,0.426190295449696,0.0345069861417137,0.426182125311553,0.0148519394994941,0.000624676722226325,2.77412610429932,2.76252109347329,2.79824510749059,5,5,5
"1301",0.0341360221029469,0.426189104003364,0.0345315993652856,0.42618076787192,0.0148295922923233,0.000623787678474375,2.7741183668198,2.76248173406461,2.79820825832615,5,5,5
"1302",0.0341413243722245,0.42618736342541,0.0345213179132762,0.426181604504058,0.0148072944607759,0.000622900982066077,2.77411509573958,2.76250220433676,2.79824860385671,5,5,5
"1303",0.0341517835068418,0.426184605869887,0.0345390794805915,0.426180745609817,0.0147850454802088,0.000622014545573202,2.77420512322462,2.7625579298161,2.79831597438843,5,5,5
"1304",0.0341433340045164,0.426190725741835,0.0345348828547631,0.426180818442013,0.0147628458913205,0.000621131558184329,2.7741596702167,2.76255970051065,2.79828252177847,5,5,5
"1305",0.0341527668583446,0.426180873219555,0.0345329064281651,0.426180970759134,0.0147406958443343,0.000620243905255724,2.77416490675596,2.7625020338928,2.79831118511252,5,5,5
"1306",0.034156548229223,0.426194700302201,0.0345380756322944,0.426181718556823,0.0147185938147483,0.000619367556478623,2.77424837521983,2.76259971587103,2.798363141104,5,5,5
"1307",0.0341545633085806,0.426183085659425,0.0345517742681085,0.426181481460016,0.014696540287079,0.000618483565822392,2.77421657193972,2.76256587926731,2.79834509037646,5,5,5
"1308",0.0341552228708345,0.426185752836332,0.0345622093905249,0.426181701657859,0.0146745344758839,0.000617603434234892,2.77420693975125,2.76256076597002,2.7983814268159,5,5,5
"1309",0.0341610004285042,0.42618519938168,0.0345514575001318,0.426180873669116,0.0146525778813028,0.000616723001746033,2.7742791829802,2.76259231449752,2.7984291877715,5,5,5
"1310",0.0341576601395905,0.426196494976743,0.0345016021662099,0.426181373736373,0.0146306684912932,0.000615852741677025,2.77427342835087,2.76262019788455,2.79841399869119,5,5,5
"1311",0.0341652279347862,0.426179322762493,0.0345336791450527,0.426180688399657,0.0146088069379917,0.000614971871772119,2.77428823772613,2.76258476042871,2.79845174574934,5,5,5
"1312",0.0341645159352023,0.426193656772098,0.0345301196324553,0.426180526344758,0.0145869925671379,0.000614102359165647,2.77432114785774,2.76264654980552,2.79851415142101,5,5,5
"1313",0.034164937655869,0.426185176075065,0.0345488525893287,0.426180973555879,0.0145652282573536,0.000613229082191191,2.77428910020696,2.7626145084742,2.79846597380256,5,5,5
"1314",0.0341637886668279,0.426193433762983,0.0344722953628124,0.426181344791399,0.0145435090497909,0.000612362279294509,2.77431806586649,2.7626105441679,2.79850405847,5,5,5
"1315",0.0341740654657711,0.426182793645034,0.0345180063245155,0.426180654679725,0.0145218380037419,0.000611488051334819,2.77435211269137,2.7626435311975,2.79854570764265,5,5,5
"1316",0.0341607626279763,0.426189477049966,0.0344694580254936,0.426179897335987,0.0145002145828358,0.000610621483579321,2.77433614215308,2.76267458300752,2.79853347861573,5,5,5
"1317",0.0341712010704443,0.426181850475276,0.0344650969285611,0.426180453581359,0.0144786387202294,0.000609749108237412,2.77436979826982,2.76265104951859,2.79855659899388,5,5,5
"1318",0.0341710950749743,0.426195441250573,0.0344718848433004,0.426180851812924,0.0144571083324544,0.00060888938891962,2.77440464028593,2.76269071320937,2.79859150065539,5,5,5
"1319",0.0341763791047681,0.426183499813202,0.0345164620385383,0.426181619977268,0.0144356279494395,0.000608022403127184,2.77440747501096,2.7627053127068,2.79859324117385,5,5,5
"1320",0.034175992385375,0.426194828645435,0.0344752086273842,0.426182520604201,0.0144141924941718,0.000607162756235513,2.77438106171835,2.76268566922916,2.79859839410597,5,5,5
"1321",0.034185196670435,0.426185956460343,0.0345138888628397,0.426181416197807,0.0143928052782726,0.000606299447764025,2.77444111716975,2.76273472292345,2.79863800661127,5,5,5
"1322",0.0341812495074836,0.426192995435529,0.0345033765727606,0.426181658745319,0.0143714657517097,0.000605442586196658,2.7744682328489,2.76276977395565,2.79865681867539,5,5,5
"1323",0.0341955968937365,0.426182324943411,0.0345480606208731,0.426181205564703,0.0143501719874816,0.000604577988547517,2.77446301615288,2.7627636404283,2.79865816804895,5,5,5
"1324",0.0341886474623392,0.426190194609769,0.0345222790323249,0.42618186632081,0.0143289251404361,0.000603723663905098,2.77444349286082,2.76279049720134,2.79866804409488,5,5,5
"1325",0.0342035945083972,0.426183716048285,0.0345375772826036,0.426180497667812,0.0143077269550106,0.000602866554391235,2.77448700699262,2.7628117171791,2.79870622206366,5,5,5
"1326",0.0341964190854772,0.426200399185309,0.0345278318396038,0.426181592786854,0.0142865746179362,0.000602022584661854,2.77445078035015,2.7628026805783,2.79867904875176,5,5,5
"1327",0.0342022957700822,0.426179847421105,0.0345849448207317,0.426180846785034,0.0142654693268838,0.000601167421267479,2.77450139112751,2.76286029947734,2.79870419793543,5,5,5
"1328",0.0342112739502531,0.426194184796186,0.0344907851090137,0.426180297668266,0.0142444120703778,0.000600323911251144,2.77448517322555,2.76286825050253,2.7987304919582,5,5,5
"1329",0.034215613286839,0.426180359832935,0.0345056387204505,0.426180122399067,0.0142233993562305,0.000599470422410986,2.77452327664717,2.76288862729341,2.79875826074479,5,5,5
"1330",0.0342086246444224,0.426193614096408,0.0345147885043879,0.426180932859273,0.0142024332879704,0.000598633312162422,2.77448639161987,2.76287664633143,2.79872003675977,5,5,5
"1331",0.0342169800238946,0.426180314151446,0.0345367767171625,0.426180174268519,0.0141815156574805,0.000597790408769117,2.77453669778821,2.76291970875386,2.7987552870544,5,5,5
"1332",0.0342233032213019,0.426194505206954,0.0345023129032016,0.426181929124504,0.0141606428366738,0.000596958022449134,2.77452558024177,2.76293411179576,2.79877776623929,5,5,5
"1333",0.0342300863211838,0.426178388410459,0.0345340009378275,0.426181142363106,0.0141398164934507,0.00059611703566459,2.77455836449287,2.76295092458223,2.79878194755196,5,5,5
"1334",0.0342186056913294,0.426193725823707,0.0345183278249329,0.426182970827227,0.0141190369982899,0.000595287860271632,2.77451708085977,2.76293421760815,2.79875236157339,5,5,5
"1335",0.0342293684206986,0.426183948614817,0.034514401893212,0.426181354217284,0.0140983025935437,0.000594451854282085,2.77457920327415,2.76299478844377,2.79878536846999,5,5,5
"1336",0.0342362797312561,0.426194871862347,0.0345201740659576,0.426181966229848,0.0140776150029808,0.000593628046903716,2.77456151235954,2.76298974493382,2.79879830459147,5,5,5
"1337",0.0342423215228901,0.426178141569672,0.0345299322203628,0.426180075856656,0.0140569731326668,0.000592793514328394,2.77457789071006,2.76298431446762,2.79878717479379,5,5,5
"1338",0.0342355144703705,0.42619673106697,0.0345325164565176,0.426180349458778,0.0140363761384086,0.000591970547466458,2.77456974553508,2.76301035963543,2.79877826407092,5,5,5
"1339",0.0342465014655904,0.426179607077167,0.0345067714290043,0.426180247042316,0.0140158251499399,0.000591142215243479,2.77461639447411,2.76302737089707,2.79879934307899,5,5,5
"1340",0.0342467945905536,0.426190719351114,0.0345655387721572,0.426181049379665,0.0139953197130861,0.00059032531217651,2.77455042726146,2.76300753165559,2.79876506995236,5,5,5
"1341",0.0342542817992283,0.42618507949675,0.0345610091457961,0.426181038767736,0.0139748583841892,0.000589505210255248,2.77460668888264,2.76303073489847,2.79879326320952,5,5,5
"1342",0.0342460612855644,0.426192336018981,0.0344846426810867,0.426182318711138,0.0139544439771389,0.000588693114436323,2.77458387141074,2.76303869966761,2.79877304332166,5,5,5
"1343",0.034257574704695,0.42618313618795,0.034567428868309,0.426180844421116,0.0139340753154851,0.000587876465136861,2.77457588714438,2.76301318188767,2.79876019614672,5,5,5
"1344",0.0342554584329346,0.426192221138929,0.0345124060364124,0.426181140628421,0.0139137499124806,0.000587063898135676,2.77458969078496,2.76305305133047,2.79877634334723,5,5,5
"1345",0.034266700526095,0.42617834622899,0.0345602190632203,0.426181061188577,0.0138934705124726,0.000586245366299254,2.77462478389026,2.76305489720588,2.79879853052816,5,5,5
"1346",0.0342514804929252,0.426191354719976,0.0345069784128588,0.426180194502169,0.0138732356495191,0.000585436875942202,2.77451728051085,2.76301533572669,2.7987413920167,5,5,5
"1347",0.034262441900125,0.426180637322837,0.0345346991655586,0.426180129855565,0.0138530449807109,0.000584620319390661,2.77462977031184,2.76307659123613,2.79881387882775,5,5,5
"1348",0.0342672267295395,0.426194710340131,0.0345037842484169,0.426180706271949,0.013832898141073,0.000583815441031421,2.77459141003222,2.76309699297763,2.79879349973515,5,5,5
"1349",0.0342639649629454,0.426182740719154,0.0345259447771493,0.426181953547365,0.0138127950338763,0.000583004465639303,2.77457304333697,2.76305413566052,2.79878602498943,5,5,5
"1350",0.0342562075609372,0.426194992110962,0.0344675752150073,0.426180334410203,0.0137927368109928,0.000582202241311447,2.77457318993031,2.76307777918736,2.79879184536545,5,5,5
"1351",0.0342682800975472,0.426179868004879,0.0345253709262972,0.426180521691754,0.0137727217038081,0.000581393019414511,2.77463894605139,2.76312602478498,2.79884202733757,5,5,5
"1352",0.0342591450252034,0.42618896583642,0.0344648487832785,0.426180342921677,0.0137527504613192,0.000580590779876156,2.77456993451158,2.7630826808729,2.79880491904957,5,5,5
"1353",0.0342690252896563,0.426181796352625,0.034501917703168,0.42618082264477,0.0137328218872024,0.000579781247773192,2.77468560711143,2.76314629812997,2.79886936435344,5,5,5
"1354",0.0342581357146558,0.426190849101823,0.0344592324654236,0.426179717236925,0.0137129365655656,0.000578980391368888,2.77462254462131,2.76314140831096,2.79884312655066,5,5,5
"1355",0.034262794910636,0.426182247230649,0.0344826252930432,0.426179967388764,0.0136930941746989,0.000578176835492383,2.77465288105147,2.76314276367983,2.79887384306123,5,5,5
"1356",0.0342610495692759,0.426191077417529,0.0344798550527505,0.42618020135312,0.0136732946373237,0.000577380073433997,2.77465446021382,2.76316047907167,2.79888352175153,5,5,5
"1357",0.0342686496932248,0.426183189707503,0.03451925144183,0.42618105509986,0.0136535371678533,0.000576578029861941,2.77471838694515,2.76317661237196,2.79892733758714,5,5,5
"1358",0.0342603573738902,0.426191555548912,0.0344776555904862,0.426180512502558,0.0136338223213296,0.000575783450924905,2.7746907993484,2.76317822407701,2.79891198732685,5,5,5
"1359",0.0342654697861743,0.426177755294568,0.0345173598918215,0.426181154640274,0.0136141494069972,0.000574980449172258,2.77471996238406,2.76318341570877,2.79892583483054,5,5,5
"1360",0.0342661469180631,0.426200229975887,0.0345316473217415,0.426180933445149,0.0135945193246219,0.00057419382280971,2.77471874669282,2.76318957513696,2.79894725897903,5,5,5
"1361",0.0342706948382379,0.426180612840398,0.0344856943106158,0.426182032157482,0.0135749301610997,0.000573395440840008,2.77476220683791,2.76319451834112,2.79898314958038,5,5,5
"1362",0.0342633404222059,0.426187934893993,0.0345039910545623,0.42618200000192,0.0135553830135063,0.000572606858589508,2.7747579849521,2.76321140702783,2.79896904791479,5,5,5
"1363",0.0342683324626523,0.426189846735716,0.0344562556370991,0.426182402251536,0.0135358786609914,0.000571822131268662,2.77474624807403,2.76320118525316,2.79895533414607,5,5,5
"1364",0.0342723854516809,0.426190539009757,0.0344834778475352,0.426181317189205,0.0135164143068929,0.00057103820623261,2.77478798773066,2.76320072974803,2.79902297316596,5,5,5
"1365",0.0342743688884383,0.426175189488289,0.0345096329762082,0.4261808622804,0.0134969911776271,0.000570245107284928,2.77484079535189,2.76323256299696,2.79904150317973,5,5,5
"1366",0.0342678440348164,0.426196837160117,0.0345250749911162,0.426180210571567,0.0134776099160706,0.000569470148852724,2.77479996551266,2.76321805855944,2.79901630874395,5,5,5
"1367",0.0342726823768622,0.426176742234041,0.0344953954193142,0.426181444932987,0.0134582692470149,0.000568684419105958,2.77484992604165,2.76323857216332,2.79903228642673,5,5,5
"1368",0.034272110924935,0.426187239553865,0.0345198032556221,0.426181003308335,0.0134389680727148,0.000567907614057783,2.7748832166888,2.76324883678637,2.7990937884951,5,5,5
"1369",0.0342703952520181,0.426187028715012,0.0345613358571737,0.42618296655142,0.0134197091772111,0.000567131760272455,2.77487492634782,2.76324323248498,2.79907432308307,5,5,5
"1370",0.034273158815984,0.426194320356611,0.0345483668579782,0.426181051597053,0.0134004902063091,0.000566360228863638,2.77486968043637,2.76326710183287,2.79907812765318,5,5,5
"1371",0.034276689150538,0.426182517720067,0.034474468528767,0.426180047406762,0.013381310235623,0.000565582635757012,2.77492001372714,2.76327494360492,2.79909306678005,5,5,5
"1372",0.0342753952490885,0.426193255183393,0.0345269421947627,0.426180106951622,0.0133621718486307,0.00056481453900975,2.77492916478145,2.76328997998333,2.79913354398812,5,5,5
"1373",0.0342775325505099,0.426178045744478,0.0345148968159512,0.42618120569757,0.0133430734816495,0.00056403564349139,2.77497203934277,2.76331760201758,2.79916524372039,5,5,5
"1374",0.0342753483244966,0.426189067619759,0.0345628393534955,0.426180649566061,0.0133240122841424,0.000563266930406703,2.77496882460248,2.76332983887693,2.79915687008487,5,5,5
"1375",0.0342800623993683,0.426189395157228,0.0345001039222595,0.426180849059185,0.013304993418883,0.000562502344206239,2.77495768653664,2.76333423592538,2.79915683690238,5,5,5
"1376",0.0342826391363489,0.426183702810942,0.0345341194394925,0.426180281080048,0.0132860128639606,0.000561733946114584,2.77498746969556,2.76336573983051,2.79920936122212,5,5,5
"1377",0.0342784922308356,0.426180754777849,0.0344559934515529,0.426180379861064,0.0132670711042039,0.000560962594131853,2.77502486343743,2.76336516488071,2.79922080871044,5,5,5
"1378",0.0342742506494873,0.426192919111525,0.0345438722921928,0.426181417877974,0.0132481688266109,0.000560202823582712,2.77500051686211,2.76337123920133,2.79921728205535,5,5,5
"1379",0.0342869546218677,0.42618445073994,0.034483054890225,0.426181013505469,0.0132293060614213,0.000559439532115069,2.77499181700534,2.76336856670032,2.79921963806991,5,5,5
"1380",0.0342809786281136,0.426184336974394,0.0345454030855723,0.426180671262164,0.0132104809389899,0.000558677780750361,2.7750202672934,2.76339630582565,2.79925231805604,5,5,5
"1381",0.0342718346598923,0.42619282218556,0.0345341488036587,0.426180829155499,0.0131916967178355,0.000557924689679856,2.77500930358548,2.76338893448197,2.79923901197178,5,5,5
"1382",0.0342838217989098,0.42618709938837,0.0345494195880007,0.426181784281633,0.0131729506064463,0.000557165125028847,2.77500260719241,2.76339636315946,2.79927439779086,5,5,5
"1383",0.0342826577829777,0.42618175012934,0.034530201129315,0.426183165874056,0.0131542429046543,0.000556405090970158,2.77502547457736,2.76341728130537,2.79927084925833,5,5,5
"1384",0.0342845984240914,0.426197531705376,0.0345778579569107,0.426180805535218,0.0131355743310533,0.000555658646056612,2.77502051071575,2.76343035079672,2.79926992693337,5,5,5
"1385",0.0342810475540261,0.426182828960469,0.0345234535075764,0.426180087667794,0.013116945633222,0.000554903293518427,2.77499397370478,2.76338728240392,2.79924568547917,5,5,5
"1386",0.0342876478352062,0.42618586521752,0.0345166530906531,0.426179542363878,0.0130983538088636,0.000554147644221348,2.77503646102006,2.76345441601771,2.79930110590553,5,5,5
"1387",0.034287242076043,0.426186930441527,0.0344685743538651,0.426181677454946,0.0130798029663356,0.000553397672113876,2.77499589821419,2.76342038221919,2.79925811814538,5,5,5
"1388",0.0342950878640729,0.426190870047381,0.0345346478078875,0.426180495327966,0.0130612892374101,0.000552648943046963,2.77500979986543,2.7634465400731,2.79927835690031,5,5,5
"1389",0.0342864612637514,0.426181413352851,0.0344882986420118,0.426181722050854,0.0130428134836229,0.000551895703028438,2.77504586554334,2.7634806121063,2.79928745584957,5,5,5
"1390",0.0342922258976302,0.426194421789411,0.0345213259619155,0.426181185108117,0.0130243775961013,0.000551153249611636,2.77500366650716,2.76345758615566,2.79928518882362,5,5,5
"1391",0.0342957393338703,0.426183309958722,0.0345196997216169,0.426180564211267,0.0130059792525779,0.000550406521749314,2.77501186465626,2.76348046322036,2.79927031694954,5,5,5
"1392",0.0343007372181365,0.426185982904971,0.0345059453515957,0.426180285606107,0.012987617571934,0.000549663521934418,2.77504751129084,2.76352886790676,2.7993112526854,5,5,5
"1393",0.034293180862886,0.426188196473064,0.0345073305841573,0.426181196634784,0.0129692962585428,0.000548927606791982,2.7750197202573,2.76351451325193,2.79928213589542,5,5,5
"1394",0.0342925614701017,0.426186769528337,0.0345559386274219,0.426181630075899,0.0129510114472987,0.000548188977556596,2.77501276219204,2.76351321649037,2.79928039351717,5,5,5
"1395",0.0343008182134835,0.426181905735459,0.0345047613892829,0.426182970373869,0.0129327638244432,0.000547448291357944,2.77505909579347,2.7635578995523,2.79929139538257,5,5,5
"1396",0.0343006258367237,0.426191909807197,0.0345305089193911,0.426181614865625,0.0129145546700552,0.000546716750810305,2.77501794090468,2.76356530890677,2.79929293878365,5,5,5
"1397",0.0342928292407887,0.426184711588851,0.0345181455086995,0.426180799617643,0.0128963837199096,0.000545980894330944,2.77500592659086,2.76354058194525,2.79926735881272,5,5,5
"1398",0.0342962262189909,0.426188335784606,0.0345522913948755,0.426181078918409,0.012878248882413,0.000545246407859634,2.77503537808982,2.7635780246791,2.79928153762552,5,5,5
"1399",0.0343000120670397,0.426189477021409,0.0345020192123697,0.426181472508472,0.0128601528850857,0.000544516423440888,2.77501917465715,2.76357978657631,2.79925693433721,5,5,5
"1400",0.0343001877554629,0.426186233165525,0.0345546347773859,0.426181093394256,0.0128420936945708,0.000543784882986231,2.77499744755211,2.76358185015262,2.79927505754952,5,5,5
"1401",0.0342935071404379,0.426178977686152,0.0345798038146575,0.426181551330113,0.0128240717497713,0.000543051309550679,2.77502544923472,2.76361309372605,2.79925065496573,5,5,5
"1402",0.0342921735056823,0.426194900866542,0.0345874819848468,0.426180935285947,0.0128060875908187,0.000542330243100742,2.77499235103956,2.76357863523671,2.79923962217265,5,5,5
"1403",0.034295804740346,0.426182575002597,0.0345439409944401,0.426181926779878,0.0127881402435381,0.000541600828917022,2.77501314848874,2.76360112003492,2.79922580361793,5,5,5
"1404",0.0342956952599552,0.426183127998883,0.0345396809650287,0.426180828588077,0.0127702289141061,0.000540872325174635,2.77503374479888,2.76364654114319,2.79927166055418,5,5,5
"1405",0.0342872934916254,0.426187390854328,0.0344823322274576,0.426181335297442,0.012752356617989,0.000540149805380419,2.77499360277022,2.76359148817579,2.79920267866106,5,5,5
"1406",0.0342899239693605,0.426192530453619,0.0345202980040233,0.426180786554965,0.0127345204277315,0.000539430322182233,2.77499160154855,2.76360055401677,2.79922639214939,5,5,5
"1407",0.0342876229330961,0.426187943356439,0.0345048703606803,0.426180105310628,0.0127167216969442,0.000538709847917707,2.77497488541929,2.76361658034237,2.79920643426189,5,5,5
"1408",0.0342903442602258,0.426191756123647,0.0345424115871239,0.426180182206469,0.0126989600038957,0.000537992802776055,2.77495441104719,2.76360108332085,2.79920112995597,5,5,5
"1409",0.034288219381955,0.426186041101447,0.0344848604843184,0.426180533640904,0.0126812359458478,0.000537274113328989,2.77493972633315,2.76358602246394,2.79916767297994,5,5,5
"1410",0.0342887767696435,0.426189355032073,0.0345296852911635,0.426180146903024,0.012663548823317,0.000536556051205894,2.77493918863516,2.7636307433405,2.79922122945678,5,5,5
"1411",0.0342911518390006,0.426189283124919,0.0345376869690612,0.426180548403569,0.012645898501517,0.000535841837136508,2.77491921974817,2.76359639846063,2.79916105221456,5,5,5
"1412",0.0342940913834226,0.426185879436316,0.0345412601217589,0.426180734155919,0.0126282836305281,0.000535126245527429,2.77490138127548,2.76360765578479,2.79917926811189,5,5,5
"1413",0.0342879124289192,0.426183671905432,0.0345483174942451,0.426182306423593,0.0126107080147364,0.000534410892562565,2.77487051258078,2.76359997046221,2.79916103819065,5,5,5
"1414",0.0342936809624959,0.426192735467624,0.034531181607813,0.426180879611937,0.0125931678635372,0.000533704321853068,2.77490218072752,2.76361796462318,2.79917117031858,5,5,5
"1415",0.0342958967681827,0.426182148109002,0.0345207367012184,0.426181234197782,0.0125756645931865,0.000532994061104797,2.77487690095829,2.76361481896594,2.7991526172658,5,5,5
"1416",0.0342963853579823,0.426186592291594,0.0345414008075683,0.426180466601943,0.0125581963575806,0.000532286992966813,2.77487595103436,2.76364778202713,2.79918694632254,5,5,5
"1417",0.0342917208728037,0.426186469020709,0.0345752673256726,0.426181746762611,0.0125407673460589,0.000531587221603624,2.77486298573287,2.76361172872379,2.79913647984265,5,5,5
"1418",0.0343003084308208,0.426190935772672,0.0345255894973922,0.426180636090205,0.0125233724925867,0.000530886651804841,2.77487436217558,2.76364933041327,2.79917692760364,5,5,5
"1419",0.0343011190838488,0.426186955478737,0.0345292520117763,0.426181772334891,0.0125060148244353,0.000530188657052788,2.77486300412312,2.7636410088771,2.79916910515374,5,5,5
"1420",0.0343042330241835,0.426187508691123,0.0345280654246261,0.426179994594069,0.012488693074617,0.0005294939757301,2.77488164759188,2.76366487524296,2.79919848416216,5,5,5
"1421",0.0343025091054662,0.426180242145993,0.0345298933952484,0.426180592172305,0.012471408011606,0.000528793887949186,2.77486685152861,2.7636515031041,2.79915405226888,5,5,5
"1422",0.0343042433904069,0.426190451029328,0.0345760002655585,0.426180718685328,0.0124541575994279,0.000528099561409645,2.77486814732708,2.76368588842417,2.79921827232637,5,5,5
"1423",0.0343132197527183,0.426187153216199,0.0344749940883762,0.426181055942397,0.012436944521734,0.000527407799646329,2.77491109578688,2.76368274453472,2.79922227540063,5,5,5
"1424",0.0343169235436233,0.426190227883897,0.0345000590701184,0.426180757628978,0.012419765333186,0.000526720992072738,2.77490253323052,2.76370473457303,2.79922867957285,5,5,5
"1425",0.034305770049637,0.426179041049507,0.0345403482190893,0.426181574319412,0.0124026226950229,0.000526027020564146,2.77487136663895,2.76368796347193,2.79921731547188,5,5,5
"1426",0.0343181895011126,0.42619308359368,0.0345518525100096,0.426181761726234,0.0123855154677631,0.00052534496547596,2.77493535133135,2.7637274886171,2.79927719156993,5,5,5
"1427",0.0343182652886723,0.426182735043962,0.0345607354140409,0.426183220253358,0.0123684430225049,0.000524660239803909,2.77493404048796,2.76372349538461,2.79925451269001,5,5,5
"1428",0.0343192507997198,0.42618461447077,0.0345483895189229,0.426181122355313,0.012351404974483,0.000523976306537166,2.77498068756645,2.76379587550047,2.79931054712518,5,5,5
"1429",0.0343182663479129,0.426187771660794,0.0345344242565652,0.426180108883862,0.0123344034050418,0.000523294369207838,2.7749804283569,2.7637593746991,2.79929918450871,5,5,5
"1430",0.0343166397419591,0.426190832305382,0.0345598490443987,0.426179863572372,0.0123174354814543,0.000522616584905877,2.7749413721483,2.76374776406445,2.79926878867131,5,5,5
"1431",0.0343223161484919,0.426182611511664,0.0345182856815323,0.426180431839941,0.012300502697459,0.000521934292336046,2.77502956661835,2.76381151715964,2.79932636714644,5,5,5
"1432",0.0343280523453507,0.426192164087282,0.0345304875119241,0.426180333756734,0.0122836042528867,0.000521258584936513,2.7750387848755,2.76381487789206,2.79934868987657,5,5,5
"1433",0.0343158529694959,0.426186893253642,0.0345053976414811,0.426180152372399,0.0122667413669212,0.000520581004547549,2.77498317428813,2.76377675699211,2.79926880645451,5,5,5
"1434",0.0343153879257086,0.426184648088641,0.0345107890475524,0.42618019752137,0.0122499111259387,0.000519902140847184,2.77503365652773,2.76381477281094,2.79932716603527,5,5,5
"1435",0.0343291683111441,0.426189387877772,0.0345012447431049,0.426180825944638,0.0122331175782079,0.000519230205178411,2.7750384544018,2.76380148889263,2.79933202479832,5,5,5
"1436",0.0343237797794127,0.426189838256861,0.0344818828434559,0.426180981125412,0.0122163572174805,0.000518558343669762,2.77502840052089,2.76382879590712,2.79930182594737,5,5,5
"1437",0.0343121238985363,0.426183194620928,0.0344799248215195,0.426182460954236,0.0121996312096669,0.0005178825276691,2.77504564369976,2.76382480391012,2.79929988475808,5,5,5
"1438",0.0343191915809493,0.426196615736451,0.0344995871877864,0.426181534420108,0.0121829401525695,0.000517216808718024,2.77503343414752,2.76382202415312,2.79931519984159,5,5,5
"1439",0.0343267595671686,0.42618117206663,0.0345267536482832,0.426182610708862,0.0121662835048392,0.000516542378704465,2.77502541334859,2.76381292679908,2.79928508342739,5,5,5
"1440",0.0343170869547152,0.426185118836344,0.0345509205640302,0.42618125803311,0.0121496596940572,0.000515870138191654,2.77506622073333,2.76386331953474,2.79931142054254,5,5,5
"1441",0.0343202129569887,0.426189045842909,0.0345355999753149,0.426181093545734,0.0121330720294525,0.000515203958019905,2.77501866382346,2.76379864946609,2.79926780749197,5,5,5
"1442",0.0343217468117825,0.426189972695352,0.0345549950772509,0.426180215896017,0.012116517391916,0.000514536624830197,2.77501927345236,2.76384541169308,2.79928508216461,5,5,5
"1443",0.0343232566780291,0.426183232961659,0.0345136531030485,0.426181600604103,0.0120999966711974,0.000513866992165157,2.77503140835703,2.76383662164873,2.79927154487311,5,5,5
"1444",0.034325746217421,0.426186359790377,0.0345200259933638,0.426180448628862,0.0120835100512273,0.000513200900495336,2.77504827253241,2.76386370567282,2.79929178826357,5,5,5
"1445",0.0343229204114267,0.426186768157893,0.0345228575339082,0.426181058924437,0.0120670578183359,0.000512534706461787,2.77498361188668,2.76382218913422,2.79922469108772,5,5,5
"1446",0.0343227255698277,0.426188655762934,0.0345566778368911,0.42618067398299,0.0120506383626368,0.000511871694021393,2.77499989996962,2.76386277013469,2.79925311598018,5,5,5
"1447",0.0343320737782148,0.426186152504143,0.034527205605721,0.426181804167225,0.0120342537075716,0.000511211289249802,2.77500598000113,2.76384461560537,2.79926444881299,5,5,5
"1448",0.0343212206420335,0.426179054741172,0.0345414746606944,0.426180714121789,0.0120179007691777,0.000510546471224116,2.7749988696156,2.76389171299873,2.79924731571832,5,5,5
"1449",0.03432473711764,0.426190964251865,0.0345047971830503,0.426181339959114,0.0120015827924161,0.000509894459623683,2.77498101215533,2.76386511383931,2.79922178485164,5,5,5
"1450",0.0343279293804112,0.42619611846071,0.0345557195863334,0.42618079319577,0.011985298605985,0.000509249954357416,2.7749785805106,2.76387729510787,2.79925925488596,5,5,5
"1451",0.0343286708895493,0.426180509090733,0.0345190363780128,0.426181123130974,0.0119690467669209,0.000508598625460377,2.77498346908659,2.76388916458068,2.79922744532905,5,5,5
"1452",0.0343263366450813,0.42618541446769,0.034568945149616,0.42618095291772,0.0119528273995496,0.000507951589215905,2.77499993897199,2.76392627733349,2.79924273605647,5,5,5
"1453",0.034336492820021,0.426193152846405,0.0345230250436552,0.426180692666723,0.0119366440017622,0.000507313277423427,2.77497900914465,2.76387546445572,2.79922571811157,5,5,5
"1454",0.0343253809369751,0.426183607701602,0.0345375155514638,0.426180539527274,0.0119204918469855,0.000506664742402241,2.77496961674037,2.76393506911153,2.79924166993589,5,5,5
"1455",0.0343345541933281,0.426185802181314,0.034479630070645,0.426180616164698,0.0119043722332915,0.000506020897250659,2.77498920716254,2.76392253789366,2.79923495215309,5,5,5
"1456",0.0343352324840584,0.426187241394628,0.0345280174865083,0.426180977143278,0.0118882866355068,0.00050537984259813,2.77501201292077,2.76395036563064,2.79927937519395,5,5,5
"1457",0.0343301917213464,0.42618529946814,0.0345038270305386,0.426180732834002,0.0118722336198199,0.000504736122555138,2.77495530303514,2.76391771277396,2.79920047152259,5,5,5
"1458",0.0343305932440708,0.426188092856587,0.0345244110792082,0.426180659693401,0.01185621270384,0.000504097114156332,2.77500304312768,2.76398607363301,2.79927186157211,5,5,5
"1459",0.0343384449169266,0.426187598822233,0.0344885047024777,0.426182735393972,0.01184022523723,0.000503458116787203,2.77498445725838,2.76394713448264,2.79925455401676,5,5,5
"1460",0.0343280459054699,0.426180933307273,0.0345232022174999,0.426181239937636,0.0118242690378361,0.000502819102333407,2.77499172557675,2.76401388101349,2.79927997081581,5,5,5
"1461",0.0343278570806836,0.426191214687642,0.0345443807498235,0.426181045928014,0.0118083445639456,0.000502188558242911,2.77496481088391,2.76395023288849,2.79922982426299,5,5,5
"1462",0.0343319159916315,0.426192537614279,0.0345764019693841,0.426181171302323,0.0117924535508444,0.000501561559925867,2.77498793501651,2.76401226676686,2.79929705399519,5,5,5
"1463",0.0343242028017275,0.426178680956228,0.0345505759836987,0.426182447368757,0.0117765925056948,0.000500922844238638,2.77497395703939,2.76400288191125,2.79926902670882,5,5,5
"1464",0.0343249427638829,0.426190964423795,0.0345599410071767,0.426180175973203,0.0117607619291511,0.000500294769589016,2.77503756148178,2.76407000068458,2.79931310559665,5,5,5
"1465",0.0343278145296644,0.426194228591752,0.0345337007315269,0.426180036473465,0.0117449648306529,0.000499671227298104,2.77497769904581,2.76399406376003,2.79927377407584,5,5,5
"1466",0.03431644471642,0.426184718662749,0.0345561398472949,0.426181038891066,0.01172919818165,0.000499041676869927,2.77496447735222,2.76406313241255,2.79931027896782,5,5,5
"1467",0.0343198339432638,0.42618333362463,0.0344669929446379,0.426181166703184,0.0117134611431822,0.000498412593489872,2.77500990438375,2.76404062531492,2.79929329681645,5,5,5
"1468",0.0343221730888613,0.42619491283845,0.0345275300193352,0.426181765058588,0.0116977563762402,0.000497799106226771,2.77500411048709,2.76405031854945,2.79932799498188,5,5,5
"1469",0.0343157379381464,0.426180363286939,0.0345085791712369,0.426182938733303,0.0116820825148564,0.000497175598887512,2.77495499114068,2.76403124082293,2.79929773663033,5,5,5
"1470",0.0343128463172681,0.426191863998609,0.0345310876040933,0.426181720210002,0.0116664382223162,0.000496563645719261,2.77498767441179,2.76406924831644,2.79932699627159,5,5,5
"1471",0.0343186072637757,0.426186116577779,0.0344974863147297,0.426182037154874,0.0116508256479536,0.000495948087479048,2.77499794364688,2.76402326633152,2.79932428374311,5,5,5
"1472",0.0343132605486448,0.426182441358031,0.034531776209557,0.426181151113683,0.0116352428487116,0.000495329872448325,2.77499620288104,2.76409694763975,2.79935985427696,5,5,5
"1473",0.0343163964544669,0.426188289646347,0.0345175667438147,0.426181559084295,0.0116196903161575,0.000494718541280692,2.77500533496617,2.76404108471905,2.79933331642138,5,5,5
"1474",0.0343141139139845,0.426195380213541,0.0345131565384922,0.426180103072474,0.0116041692922488,0.000494112890822795,2.77497621983107,2.76405150512025,2.79937549861888,5,5,5
"1475",0.0343162653713952,0.426174270852842,0.0345506733151413,0.426180633781834,0.0115886769085865,0.000493489921084722,2.77502446902381,2.76409875263943,2.799380390052,5,5,5
"1476",0.0343181164803436,0.426192136186518,0.0345033352557656,0.426179986132572,0.0115732157186735,0.000492883837574509,2.77502565543635,2.76408606913534,2.79937637044376,5,5,5
"1477",0.0343159494286718,0.426191685727178,0.0344877518928749,0.426181088890877,0.0115577850235389,0.000492278327684614,2.77501952382488,2.76404766603238,2.79938186974297,5,5,5
"1478",0.0343186745567143,0.426180627449286,0.0344944499118795,0.426180356783937,0.0115423833680835,0.000491663220935801,2.77503071603765,2.76413245938197,2.79943930480009,5,5,5
"1479",0.0343194378268387,0.426186955984539,0.0345204166608202,0.426181164139079,0.0115270113754519,0.000491054061525387,2.77508301894375,2.76410387546151,2.79940887946027,5,5,5
"1480",0.0343269974610187,0.426197892002438,0.0345482833884432,0.426181227929643,0.0115116707550216,0.000490455611476592,2.77506964542665,2.76411089626247,2.79946355557594,5,5,5
"1481",0.0343156106819357,0.426179162971843,0.0344452895013336,0.426181797809383,0.0114963588024079,0.00048984137538749,2.77506000153845,2.76411839272494,2.79942915844174,5,5,5
"1482",0.0343242126819207,0.426189151785731,0.0344636922570612,0.426180370511271,0.0114810772070171,0.000489237304855783,2.77508045595514,2.76413253467115,2.79947166830571,5,5,5
"1483",0.0343227672262787,0.426191287479545,0.0345171723598095,0.426180979332762,0.0114658257294192,0.00048863500606644,2.77507755391129,2.76407817704718,2.7994320365872,5,5,5
"1484",0.0343200747170035,0.426181683079959,0.0345227089054269,0.426180244520746,0.011450603249276,0.000488025540901604,2.77510786993055,2.76416929283664,2.79949041533061,5,5,5
"1485",0.0343197880745019,0.426187942652589,0.0344808253040041,0.426181270636577,0.0114354099953846,0.000487424851533524,2.77508052845055,2.76409796708361,2.79945135443352,5,5,5
"1486",0.0343222753940109,0.426192155903405,0.0345266385011733,0.426181089672409,0.0114202475913617,0.000486829110951104,2.77509342518584,2.76411234786629,2.79949241604621,5,5,5
"1487",0.0343142154270297,0.426181041665402,0.0345011016965058,0.426180663185818,0.011405113688664,0.000486221546924293,2.77508278622081,2.76411227187789,2.79944771600903,5,5,5
"1488",0.0343243675465,0.426189447911301,0.0345106422765825,0.42618101182697,0.0113900097164528,0.000485623648013411,2.77510228355003,2.76412831644737,2.79949800182795,5,5,5
"1489",0.0343208111782951,0.426190768216305,0.0345012444452965,0.426182982200885,0.0113749339934766,0.000485027927292103,2.77510680434554,2.76408950119645,2.79948775866729,5,5,5
"1490",0.0343186086889763,0.426181213564126,0.0345437510496408,0.426181253728569,0.0113598883619084,0.000484425739536998,2.77512171110949,2.76415308616902,2.7995270773517,5,5,5
"1491",0.0343203800899495,0.426188542860048,0.0344915916815221,0.426181167655065,0.0113448709320425,0.000483828238427741,2.77510592277062,2.76408705145736,2.79946402526954,5,5,5
"1492",0.034322967263544,0.426191374811407,0.0345202977457686,0.426180321944871,0.0113298828360817,0.000483235030362683,2.77513005157951,2.76411761823302,2.79952949234312,5,5,5
"1493",0.0343110268743593,0.426182277494167,0.0345165131261342,0.426179958599434,0.0113149230876426,0.00048263491369932,2.77514911854665,2.76415474297697,2.79952286577754,5,5,5
"1494",0.0343187902904223,0.426188597829494,0.0345188440913124,0.426180656017436,0.0112999928072236,0.000482041991870408,2.77514189453923,2.76413391327415,2.79952583904143,5,5,5
"1495",0.0343181185291635,0.426192377569985,0.0345002238379857,0.426182008125759,0.0112850917894839,0.00048145088256335,2.7751588142408,2.76411815004908,2.79953314628229,5,5,5
"1496",0.0343055897292069,0.426184257798641,0.0344808974404143,0.426180919923237,0.0112702191789314,0.000480856550000519,2.77514523233901,2.76417386502512,2.79954722604228,5,5,5
"1497",0.0343063569832408,0.426183414479703,0.0344624796058454,0.426181970249138,0.0112553744681932,0.000480263579676121,2.77513974670009,2.76411769608392,2.79951046645965,5,5,5
"1498",0.0343093337841744,0.426191936099072,0.0344940554542008,0.426181043505109,0.0112405592562617,0.00047967764978768,2.77518962614291,2.76417472933879,2.7995679136275,5,5,5
"1499",0.0342984767395065,0.426180974138139,0.0345156896066604,0.426180983145763,0.0112257719394468,0.000479085238158317,2.77517932913318,2.76417264315112,2.79953788119949,5,5,5
"1500",0.0343044862331368,0.426187747063149,0.0345248026706916,0.42618048159716,0.0112110119876418,0.000478500561787443,2.77521622619805,2.76421643725688,2.79959624750315,5,5,5
"1501",0.0343012421866909,0.426193324821356,0.0345118645524931,0.426180398067569,0.0111962825860674,0.000477923694978288,2.77521770003163,2.76418139648372,2.79956396280775,5,5,5
"1502",0.0343020221422714,0.426185914543802,0.0344914651960638,0.426179812885185,0.0111815801271323,0.000477338241434533,2.77527151179267,2.76428057355078,2.79961606412585,5,5,5
"1503",0.0343052965586293,0.426186471186869,0.0345046910564897,0.426180231690626,0.0111669058110892,0.000476754465446816,2.77529998992571,2.76426212375458,2.79962694690086,5,5,5
"1504",0.0343030269272775,0.426189817589058,0.0344843356786294,0.42618117037202,0.0111522604991996,0.00047617565956809,2.77532656395731,2.76430710601761,2.79967397307457,5,5,5
"1505",0.0342960395962798,0.426183099051057,0.034528841192403,0.426182988532538,0.0111376441308162,0.000475593854628142,2.77534101523469,2.76431086898833,2.79962877582634,5,5,5
"1506",0.0343041563346948,0.426191343395968,0.0345177101726624,0.426181291316854,0.0111230550464596,0.000475015914765342,2.77536657459449,2.76435888386578,2.79969922040914,5,5,5
"1507",0.0342990424053274,0.426187859791752,0.034497961210327,0.42618242785749,0.0111084940641552,0.00047443611850595,2.77539067059997,2.76434234711817,2.79968357078734,5,5,5
"1508",0.0342978765167799,0.426180410097086,0.0345096559174247,0.42618048807417,0.0110939606713563,0.000473851801494729,2.77543814049896,2.76442406975046,2.79973436104254,5,5,5
"1509",0.0342971282472072,0.426191783184348,0.0345004350281891,0.426181163438357,0.0110794573930628,0.000473279131268933,2.77543313253317,2.76440961599031,2.79971810736176,5,5,5
"1510",0.0343045831805637,0.42618393340168,0.0344958266368926,0.426180650042386,0.0110649809059116,0.000472700549756289,2.7754639166162,2.76446614902232,2.79975506777847,5,5,5
"1511",0.0342930891239453,0.426181056902581,0.0345195396986831,0.426180693974972,0.0110505314649089,0.000472119856807507,2.77550853139166,2.76447416227106,2.79975153018631,5,5,5
"1512",0.0343011976790931,0.426186929675793,0.0345102506533733,0.426180096379631,0.0110361105187302,0.000471542663773639,2.77555657439792,2.76454511675498,2.7998168853194,5,5,5
"1513",0.0342947436237283,0.426192270694731,0.0344690776226491,0.42618219664657,0.0110217171933464,0.000470971809426624,2.77555630337002,2.76452835340196,2.79978279604223,5,5,5
"1514",0.0342958575957243,0.426179949184964,0.0345412240367314,0.42618066534288,0.0110073509747409,0.000470393653595247,2.77555813165771,2.76456871145759,2.79980684939156,5,5,5
"1515",0.0342923530472805,0.426194175759374,0.0344818732620548,0.426181247885249,0.0109930128718573,0.000469825411759162,2.77558764658885,2.76456915076419,2.79981373176003,5,5,5
"1516",0.0342993295020599,0.426186196446544,0.0345162017222085,0.426180828062035,0.0109787014028364,0.0004692511241427,2.77565366694747,2.76463953576563,2.79987054450994,5,5,5
"1517",0.0342834561294458,0.426186212445413,0.0345622656351361,0.426181331172333,0.0109644178248904,0.000468679045385167,2.77561399538005,2.76460321809599,2.79981174744512,5,5,5
"1518",0.0342927975138232,0.426182812341454,0.0345367020273765,0.426181292580826,0.0109501621252187,0.000468105261083207,2.77564535998936,2.76465525563271,2.79987354775462,5,5,5
"1519",0.0342894769413488,0.426188343676912,0.0344893693112524,0.426181114251503,0.0109359319370491,0.000467535063965907,2.77564550935445,2.76465556975057,2.79984958025865,5,5,5
"1520",0.0342938319217018,0.426180769978252,0.034522315478302,0.42618025432693,0.0109217304955989,0.000466962590774556,2.77567233266833,2.7646888320221,2.79988252242595,5,5,5
"1521",0.034282776288278,0.426191469451493,0.0344956587831406,0.426180411358294,0.0109075563006706,0.000466395846315082,2.77563728728298,2.76466836228357,2.7998494567618,5,5,5
"1522",0.0342967322469291,0.426180840617528,0.0345135394011995,0.426180899600865,0.0108934086720745,0.000465824005022264,2.77564446982353,2.76470957503919,2.79988110767547,5,5,5
"1523",0.0342857636156135,0.426186987612188,0.0345108961426593,0.426182413166463,0.0108792879687908,0.000465259287618314,2.77564406882618,2.76470199345579,2.79986723694691,5,5,5
"1524",0.0342971263328829,0.426188791190066,0.0345573330284882,0.426180819180287,0.0108651949658978,0.00046469518642378,2.77567099460382,2.76473840777736,2.79992146136504,5,5,5
"1525",0.0342889779954937,0.42618932765946,0.0345146834064975,0.426181091787395,0.0108511280413894,0.000464133074636774,2.77561900156922,2.76470714552524,2.79986771296301,5,5,5
"1526",0.0342919101122592,0.426180122479917,0.0345211135836887,0.426180705445284,0.0108370878120821,0.000463567342966487,2.77562409756119,2.76474658060153,2.79988788643632,5,5,5
"1527",0.0342935683802671,0.426194192694356,0.034545912725728,0.426181290637861,0.0108230748791949,0.00046301094302803,2.77564617716361,2.76473925114215,2.79991400712618,5,5,5
"1528",0.0343019581067375,0.426184241535706,0.0345493153134395,0.42618084197534,0.0108090887654042,0.000462450501717337,2.77565217350369,2.76477334102597,2.79993946457137,5,5,5
"1529",0.034286763135861,0.426193301616104,0.0345761826754542,0.426181115851262,0.010795128627319,0.000461894768509497,2.7756065944479,2.76475917350058,2.79988813368517,5,5,5
"1530",0.0343008414718853,0.42618312082416,0.0345394609193193,0.426180825238519,0.0107811958422626,0.000461334501884569,2.77561485091119,2.76476662802686,2.79992896972921,5,5,5
"1531",0.034298381704226,0.426192299152798,0.0345002742987763,0.42618134720378,0.0107672886989739,0.000460782244346924,2.775627550952,2.76477176283355,2.79993419535252,5,5,5
"1532",0.0342996156267817,0.426185709722474,0.0345097270765389,0.426180765954325,0.0107534086122138,0.000460228143987385,2.77563528458997,2.76480673685541,2.79995294430447,5,5,5
"1533",0.0342935275880041,0.426191546364642,0.0344844930427261,0.426181417598937,0.010739555059569,0.000459677381876911,2.77557844803289,2.76476665870904,2.79990882881934,5,5,5
"1534",0.0343046594694311,0.426185002050996,0.0345348754389712,0.426181877179522,0.0107257279442277,0.000459124244523657,2.77558146548958,2.76478430692583,2.79992314429842,5,5,5
"1535",0.0342932636063634,0.42618832637221,0.0344814610383517,0.426183247335876,0.0107119267358212,0.000458573295184228,2.77558967301051,2.76479038733492,2.79992234875556,5,5,5
"1536",0.0343066785497527,0.426185383172511,0.03451650331806,0.426181883254671,0.010698152406306,0.000458020914512525,2.77559145953625,2.76479831171037,2.79996315744236,5,5,5
"1537",0.0342955757086607,0.426189726673494,0.0345095387598524,0.426181223136246,0.0106844043266368,0.000457472722084462,2.77553870086603,2.76474352844108,2.7998778451961,5,5,5
"1538",0.0343040668522343,0.426188147671525,0.0345254909580397,0.426180190745704,0.0106706827965696,0.000456924964221395,2.7755427554262,2.76479104566684,2.79992102517175,5,5,5
"1539",0.0343022112740709,0.426188964047418,0.0345265999921695,0.426179833503316,0.0106569874256175,0.000456378168799398,2.77553563631541,2.76477908772122,2.79990473488841,5,5,5
"1540",0.0343120295375438,0.426185463262163,0.0345227465657337,0.426180826671356,0.0106433187604692,0.000455829659594564,2.77558475432838,2.76481241444679,2.79995222158989,5,5,5
"1541",0.0342959696747398,0.426190665578326,0.0345091412934467,0.426182639046889,0.0106296768739439,0.000455285489841972,2.77549972665459,2.76475654176397,2.79986413794624,5,5,5
"1542",0.0343136775426755,0.42618309292875,0.034538127836749,0.426180634211042,0.0106160608581087,0.000454736539034994,2.77550002846724,2.76478740469518,2.79990464720091,5,5,5
"1543",0.0343086699788513,0.426190159373449,0.0345841944910769,0.426181262782155,0.0106024710912668,0.000454193420535431,2.77552149907622,2.76478166399806,2.79988378123382,5,5,5
"1544",0.0343157480776299,0.426185260926363,0.0345826759021264,0.426180739639066,0.0105889074812963,0.000453648423533681,2.77556880704918,2.76483053586519,2.79994916322451,5,5,5
"1545",0.0343077110094069,0.426186762051209,0.0345562122448834,0.426181539791135,0.0105753694210161,0.000453103970261881,2.77547162769888,2.76476464164222,2.79986865440576,5,5,5
"1546",0.0343221453248998,0.426188539341136,0.0345728555815185,0.426180077420935,0.0105618570293119,0.000452562310334192,2.77549798655036,2.76479781701901,2.79990610822818,5,5,5
"1547",0.0343157195454736,0.426186799064671,0.0345624934062743,0.426180430147078,0.0105483695046885,0.000452021888814325,2.77554927683836,2.76481998158487,2.79991973400777,5,5,5
"1548",0.0343320250766751,0.426192099722954,0.0345738743821732,0.426181010626368,0.0105349073869358,0.000451483413147213,2.77555799321169,2.76484699445156,2.79997188286367,5,5,5
"1549",0.0343219770000629,0.426186025161978,0.0345779517396226,0.426181714864103,0.0105214704979772,0.000450943185799468,2.77548897912769,2.76477791725476,2.79988651269889,5,5,5
"1550",0.0343338334048782,0.426184676968635,0.0345255529736799,0.426180120529108,0.0105080596773792,0.000450402919341064,2.77555059410919,2.76484925496303,2.79995366983182,5,5,5
"1551",0.0343323388058157,0.426189591237983,0.0345118180894401,0.42618031056245,0.0104946736679347,0.000449866075590888,2.77553384760578,2.76484056438046,2.79994093606179,5,5,5
"1552",0.0343407500337702,0.426191667282533,0.0345396954814371,0.426180631492745,0.01048131305249,0.000449331073137549,2.77556432814749,2.76485988392233,2.79997503821394,5,5,5
"1553",0.0343343067879576,0.426183920615767,0.0345044999155128,0.426181410761511,0.010467977967572,0.000448793203387754,2.77552414347313,2.76483159800245,2.79993548589586,5,5,5
"1554",0.0343459344072609,0.426186948760976,0.0345458881807355,0.426180942179671,0.0104546678949004,0.000448256072997422,2.77552440528543,2.76485883349044,2.79995517953882,5,5,5
"1555",0.0343369150158691,0.426185846247447,0.0345243510273019,0.42618244369627,0.0104413829218122,0.000447719600034868,2.77553081414745,2.76485636185252,2.79993117368095,5,5,5
"1556",0.0343513630345695,0.42618864245265,0.0345661701792048,0.426181205571326,0.0104281228169911,0.00044718667602528,2.77557297945879,2.7648797151188,2.80000036073168,5,5,5
"1557",0.0343503789119207,0.426178624054871,0.0345384488040997,0.426180261536328,0.0104148885817586,0.000446647320962279,2.77551918137423,2.76484979993255,2.79994303438699,5,5,5
"1558",0.0343514015935273,0.426199927450996,0.0345535214383514,0.426180854522308,0.0104016792308056,0.000446119781716492,2.77552239372721,2.76488506526128,2.79996408687692,5,5,5
"1559",0.0343539731426703,0.426183306052078,0.0344967138864648,0.426181388272327,0.0103884941014608,0.000445585268962267,2.77556197845902,2.76489910528883,2.79998437608504,5,5,5
"1560",0.0343654768200414,0.426185780276221,0.0345279057451284,0.426180456885707,0.0103753335223786,0.000445054558971703,2.77558618960153,2.76490875272198,2.8000148175422,5,5,5
"1561",0.0343551679000933,0.426189204380437,0.0344631725933805,0.426180524442841,0.0103621983968689,0.000444526043675397,2.77553613550341,2.76489833306841,2.79996168335,5,5,5
"1562",0.0343630764981534,0.426192560934112,0.034531511635986,0.426181463418906,0.0103490875019457,0.000444000159650515,2.77559397877254,2.76495354443842,2.8000180364647,5,5,5
"1563",0.0343724440130913,0.426178536322981,0.0344619105728609,0.426181628007973,0.0103360010267162,0.000443467392635677,2.77558710575544,2.76493536906666,2.80001253597228,5,5,5
"1564",0.0343731418780619,0.426190792556628,0.0345012687453116,0.426181209805992,0.010322937557026,0.000442942106562039,2.7756203859141,2.76496901562604,2.80004824982387,5,5,5
"1565",0.0343700437083248,0.426183639693539,0.0344879798691126,0.426181638461192,0.0103098994650157,0.000442413041518874,2.77560474381081,2.76497257808275,2.80003240509584,5,5,5
"1566",0.0343810217860624,0.426192864124892,0.0345326722836673,0.426180956623087,0.010296885794186,0.000441889925213546,2.77562887858048,2.76499715891815,2.80006267503569,5,5,5
"1567",0.0343790226595901,0.426179254049354,0.034525757656726,0.426181755460234,0.0102838946900782,0.000441359757367032,2.77566051512032,2.76501935494422,2.80006942977626,5,5,5
"1568",0.0343852871716561,0.426188014978777,0.0345179164610553,0.426181115532701,0.0102709278582641,0.000440837108801828,2.77571372795431,2.76505540936611,2.80013261919808,5,5,5
"1569",0.0343845773118963,0.426183516696277,0.0344498682317455,0.426181104194404,0.0102579845591443,0.000440309365181024,2.77567345355034,2.7650263277911,2.80008404349403,5,5,5
"1570",0.034389563406753,0.426198649629742,0.0345040525447465,0.426180309563715,0.010245064721612,0.000439792470617095,2.77571764144639,2.7650570200717,2.80014255430082,5,5,5
"1571",0.0343899781203267,0.426181137864358,0.0344977648155248,0.426179204255353,0.0102321674979298,0.000439266441814357,2.77575073085636,2.76510799416037,2.80015856910849,5,5,5
"1572",0.0344009361125305,0.426187280126228,0.0345354564523595,0.426180051224185,0.0102192938317335,0.000438746136524115,2.77580405824544,2.7650889174049,2.80020357077926,5,5,5
"1573",0.0343925205028615,0.426185599234291,0.0345341759045237,0.426180317276687,0.0102064439707187,0.000438223228465928,2.77574018517879,2.76507203482823,2.80015860837858,5,5,5
"1574",0.0344007810444964,0.426193300419852,0.0345629815839273,0.426180246309335,0.0101936160997541,0.000437704269346972,2.77581530189722,2.76513546185535,2.80024079207404,5,5,5
"1575",0.0344000923892002,0.426182324527178,0.034531392825085,0.426180492936948,0.0101808115792172,0.000437182367165279,2.77581726332098,2.76508546307857,2.80021527034775,5,5,5
"1576",0.0344057327037159,0.426186820000442,0.0345217797450472,0.426182416778961,0.0101680303304454,0.000436662922286113,2.77584749109313,2.76511911796544,2.80027445344713,5,5,5
"1577",0.0343997636498323,0.426185208575637,0.0345635495189826,0.426183596360438,0.010155272194351,0.000436142461059441,2.77581510638003,2.76510734858584,2.80024511391414,5,5,5
"1578",0.0344060985485698,0.426191688305466,0.0345350093841579,0.426180359436398,0.0101425366800724,0.000435626975142989,2.77585002137591,2.76511139954497,2.80027888077213,5,5,5
"1579",0.0344077442592869,0.426181679412067,0.0345754034816227,0.426180046409319,0.0101298239501882,0.000435106522093109,2.77585000741988,2.76508988475554,2.8002750132958,5,5,5
"1580",0.0344131306383618,0.426189215734509,0.0345372263911634,0.42618006627111,0.0101171333591454,0.000434590859274109,2.77593065942315,2.76515898790439,2.80036347735646,5,5,5
"1581",0.0344097331971758,0.426179948187841,0.0345305472420676,0.426179914971993,0.0101044667761534,0.000434069483936761,2.77589870612824,2.76512762591378,2.80030306345977,5,5,5
"1582",0.0344146618887159,0.426193467053743,0.034547742426819,0.426180338289881,0.0100918221394486,0.00043355693251812,2.7759142320232,2.76511212774529,2.8003597020223,5,5,5
"1583",0.0344212716698205,0.426187112932673,0.0345209464569145,0.42618168373996,0.010079200227072,0.000433042304401055,2.77598993993377,2.7651926963005,2.80040074218852,5,5,5
"1584",0.0344274801668048,0.426184079545745,0.0345153082431445,0.42618076002802,0.0100666016830395,0.000432526964669444,2.77599817479758,2.76519032283091,2.80042866538861,5,5,5
"1585",0.0344211246242891,0.426189258378984,0.0345549829677137,0.42618189606441,0.0100540252071678,0.000432013705034207,2.77597869543053,2.7651489060163,2.80040087645017,5,5,5
"1586",0.0344234118681534,0.426189408782945,0.0345672082770149,0.426181023491348,0.0100414721793754,0.000431502175019527,2.77605929332676,2.76522880664903,2.80047807868738,5,5,5
"1587",0.0344370801416728,0.426185164934666,0.0344896858489029,0.426181754366975,0.0100289424438469,0.000430990523130725,2.77604152898101,2.76519910944218,2.80045962026272,5,5,5
"1588",0.0344313410662445,0.426188050532794,0.0345002503736845,0.426180356316697,0.0100164344845628,0.000430481824052253,2.77607361222908,2.76523149018893,2.80050161494663,5,5,5
"1589",0.0344224026416789,0.426183500497006,0.0345335244742509,0.426180606291961,0.0100039496667395,0.000429972469347673,2.77609062600614,2.76526924808178,2.80050391095527,5,5,5
"1590",0.0344306812257154,0.426192506180624,0.0345375217484292,0.426181249867169,0.00999148791499722,0.000429466887196361,2.7760921673907,2.76527658142672,2.80053355866345,5,5,5
"1591",0.0344286636873611,0.426186234242659,0.0344832880459282,0.426181121525956,0.00997904791451085,0.000428959276955909,2.77611180289539,2.76527980744951,2.80053209846824,5,5,5
"1592",0.0344258584857541,0.426181050412852,0.0345142394238581,0.426180766749157,0.0099666303550027,0.000428450313336215,2.77618032464028,2.76535680556513,2.80058954194882,5,5,5
"1593",0.0344250582866391,0.426189619648117,0.0344441746227612,0.426181162087006,0.00995423562135742,0.000427945877445823,2.77613806206374,2.76534389459394,2.80056231266703,5,5,5
"1594",0.0344173747376393,0.426191851524385,0.0345138673409857,0.426180342025142,0.00994186203857209,0.000427442561599045,2.77617230849373,2.76536353385043,2.80059321480927,5,5,5
"1595",0.0344263266935913,0.426187072525127,0.0344666412049165,0.426179607830877,0.00992951136126524,0.000426939533108295,2.77621394325136,2.76541395085696,2.80062280661358,5,5,5
"1596",0.0344280251030913,0.426191698191086,0.0344863267281054,0.42617987323575,0.00991718259652759,0.000426439659451217,2.77620819506341,2.76541637314172,2.80063071122992,5,5,5
"1597",0.034420110201718,0.426183198977571,0.0344737248680777,0.426181669509642,0.00990487585452555,0.000425940440530292,2.77621506499204,2.76544096520623,2.80063326963159,5,5,5
"1598",0.0344208030497203,0.426190936459038,0.0345070787487622,0.426181863252421,0.00989259088532493,0.000425445076316699,2.77627847699061,2.76550684310766,2.8006988234946,5,5,5
"1599",0.0344326705091613,0.426186935275471,0.0344937413261434,0.426181829622135,0.00988032904715452,0.00042494700637935,2.77625972863949,2.7654927727738,2.80068143421051,5,5,5
"1600",0.0344287523705295,0.42618739864613,0.03453568961016,0.426180886291301,0.00986808877761555,0.000424450678652044,2.77629464464805,2.76553273486004,2.80071772041615,5,5,5
"1601",0.0344253822865908,0.426178619338406,0.0344871400082752,0.426180752730625,0.00985587018793608,0.000423950899865466,2.77632940625842,2.76557463331051,2.80074152681587,5,5,5
"1602",0.0344306229195951,0.426196995935401,0.0345182986037844,0.426181201133148,0.00984367441483158,0.000423460310704671,2.77630754464838,2.76558675715843,2.80073991438098,5,5,5
"1603",0.0344366076828316,0.426188830842992,0.0344574845205958,0.426182160855588,0.00983150026829569,0.00042296630769606,2.77635068297029,2.76560650794803,2.80077246762805,5,5,5
"1604",0.0344361790557045,0.426183835126417,0.0345040333425594,0.426181567739423,0.00981934849267572,0.000422471883352427,2.77640905462047,2.76566016942539,2.80081635055245,5,5,5
"1605",0.0344363478315057,0.426186262522527,0.034488412244808,0.426180333656348,0.009807218891097,0.000421979459522659,2.77635555160151,2.76566915255962,2.80079653778751,5,5,5
"1606",0.0344394596280779,0.4261917380918,0.0345028220766643,0.426180559400408,0.00979511093440159,0.000421490543189351,2.77638076814168,2.76567936565334,2.80083746911218,5,5,5
"1607",0.0344439164494183,0.426184131342286,0.0344569151104162,0.426181036943273,0.00978302429573974,0.00042099870658413,2.77644977252159,2.76571505057532,2.80087225364726,5,5,5
"1608",0.0344482101409073,0.426195645081878,0.03446884751385,0.426180991740857,0.00977095982862842,0.00042051423195405,2.77640401526244,2.76572411984696,2.80086730789523,5,5,5
"1609",0.0344473591183041,0.426177118505951,0.0345050839710346,0.426181857488563,0.00975891731280628,0.000420022741260739,2.77644819150078,2.7657631765327,2.80090466836925,5,5,5
"1610",0.0344438293033378,0.4261861015373,0.0345287729948389,0.426180840241796,0.00974689521099121,0.000419536475444682,2.77646852178291,2.76577571641777,2.80093705656664,5,5,5
"1611",0.0344573899006204,0.426192345455383,0.0345231211922067,0.426180913511272,0.00973489573015295,0.00041905448594004,2.77646171125739,2.76578541344765,2.80093210720649,5,5,5
"1612",0.0344613856673177,0.426190361171992,0.0344724097837959,0.426180523591519,0.00972291749998007,0.000418574378212133,2.77648795708374,2.76580078760119,2.80096977928769,5,5,5
"1613",0.0344517541763876,0.426177627761905,0.0344945815763,0.426182079026276,0.00971095973304185,0.000418090145905603,2.77653451871754,2.76585370155379,2.80099321501876,5,5,5
"1614",0.0344631644945897,0.426193296688617,0.0344956710733313,0.426180798452813,0.00969902425809864,0.000417615347158784,2.77650148892218,2.76586315145834,2.80099570396646,5,5,5
"1615",0.0344724983310664,0.426188267583459,0.0345026449561079,0.426181947391343,0.00968711007009907,0.00041713950507094,2.77654364998611,2.76585643682086,2.80103471877148,5,5,5
"1616",0.0344715492531385,0.426187264031851,0.0345235878989862,0.426180504019294,0.00967521654401493,0.000416663534721862,2.77660139528617,2.76593369449202,2.80107847893041,5,5,5
"1617",0.0344719009672811,0.426184667044921,0.0345383496317441,0.426180947894669,0.00966334449644777,0.000416185897275656,2.77656009191102,2.76591902363789,2.80104147125442,5,5,5
"1618",0.0344805148917658,0.426190199205665,0.0345536217524412,0.42618065398938,0.00965149418114748,0.000415713764366943,2.77656565763284,2.76592940932308,2.80109800880505,5,5,5
"1619",0.0344835141147163,0.426184934662858,0.0344958433454738,0.426181189964258,0.0096396646243407,0.000415237614992292,2.77663429206251,2.76595313232722,2.80112805823152,5,5,5
"1620",0.0344915243302243,0.426196800511242,0.0345489364969172,0.426180229099471,0.00962785714326282,0.000414769848667673,2.77660506139327,2.76597466918735,2.80109243916349,5,5,5
"1621",0.0344832632742606,0.426172809657908,0.0344858992836354,0.426180752847309,0.00961607056502113,0.000414289019149305,2.77660671983953,2.7659492173805,2.80109901145883,5,5,5
"1622",0.0344877482879483,0.426195429918988,0.0345483388324325,0.426181517950058,0.00960430507017525,0.000413820840124868,2.77664708032304,2.76602947430705,2.80115922586575,5,5,5
"1623",0.0345009217234309,0.42618941752729,0.034537662128588,0.426182114226128,0.0095925616196123,0.000413349567239263,2.77662908180064,2.7660019998521,2.80113663910485,5,5,5
"1624",0.0344961840036965,0.426189796617584,0.034515044655918,0.426181166572491,0.00958083886529331,0.000412883679307141,2.77663935145273,2.76601246527693,2.80113943445607,5,5,5
"1625",0.0344888133114445,0.426185220910833,0.0344768694452756,0.426180228682541,0.00956913642279834,0.000412414265813843,2.77667695041904,2.76605943093429,2.80116354771573,5,5,5
"1626",0.0344997443751386,0.426197248724568,0.0345193373723414,0.426180413503602,0.00955745719217519,0.000411952455544928,2.77660563704477,2.76605136468748,2.80113945985443,5,5,5
"1627",0.0344878333167681,0.426179028669166,0.0344443407534712,0.426181460704475,0.00954579873780184,0.000411480701821232,2.77662918426355,2.76602171470985,2.80114989588119,5,5,5
"1628",0.0344931043934338,0.426190563994653,0.0345152281902007,0.426181937007542,0.00953416091655833,0.000411016884551141,2.77668768254166,2.76610391105942,2.80117267479886,5,5,5
"1629",0.0344859688998634,0.426183335795606,0.0344818913616134,0.426182451157582,0.00952254495217973,0.00041055499493825,2.77660146395804,2.76604644247488,2.80111231963579,5,5,5
"1630",0.0344796328364684,0.426187828620572,0.0345260659205652,0.426181008796395,0.00951094988043144,0.000410097508239948,2.77659872623587,2.76604753629653,2.80113477996798,5,5,5
"1631",0.034484476161226,0.426191237044438,0.0345346896558126,0.426180837396493,0.00949937501896206,0.000409642451753567,2.77666175385812,2.76606223770738,2.80114848472176,5,5,5
"1632",0.0344795681947464,0.426189361654547,0.0345385315414378,0.426180095303469,0.00948782315693815,0.000409189231685259,2.77658790215804,2.76602600486766,2.80110363225975,5,5,5
"1633",0.0344653022371276,0.426177299036796,0.0344610009350581,0.426180243793546,0.00947629145329155,0.000408728804293657,2.77657813153395,2.76598237406409,2.80107863320092,5,5,5
"1634",0.0344683838280634,0.426195303811018,0.0345041922587204,0.42617966171892,0.0094647800806965,0.000408277981198579,2.77659468444113,2.76601221818406,2.80110874924577,5,5,5
"1635",0.0344708559765666,0.426188944307395,0.0344314489633558,0.426179833301595,0.00945329085761433,0.000407824396582546,2.77654062533046,2.76594556623391,2.80105678886277,5,5,5
"1636",0.034463949139439,0.426184127579731,0.0344811441597165,0.426180813017629,0.00944182306144367,0.000407370149010544,2.77656436299665,2.76594351400227,2.80105557288997,5,5,5
"1637",0.0344556188611924,0.426181306936911,0.0344108317300285,0.42618118036791,0.00943037403276278,0.00040691169139867,2.7765601112462,2.76592780206055,2.80105448105459,5,5,5
"1638",0.0344646764729378,0.426195409967142,0.0344397361930642,0.426181336693942,0.00941894746881271,0.00040646606886735,2.77650115782121,2.76591188810994,2.80101724747537,5,5,5
"1639",0.034458436413633,0.426192123059467,0.0344458133085599,0.426182406490056,0.00940754050982087,0.00040601803652307,2.77654096957758,2.7658707042202,2.80102432728623,5,5,5
"1640",0.0344585709767643,0.426184725700303,0.0344381050487369,0.426182180522545,0.00939615513213429,0.000405566933658064,2.77654254167793,2.76588842264097,2.8010111155174,5,5,5
"1641",0.0344524396394064,0.426179776944863,0.034448940292085,0.426182979114014,0.00938479071843094,0.000405113253552913,2.77647754216137,2.76583118909349,2.80096314834074,5,5,5
"1642",0.03445529880656,0.42619478816877,0.0344678041935578,0.426181179240583,0.00937344689412171,0.000404671918197375,2.77649094288431,2.76582969013636,2.80097579027243,5,5,5
"1643",0.0344551108979785,0.426183604535355,0.0344817511655315,0.426180442721188,0.00936212197479172,0.00040422063731449,2.77648789106491,2.7657979554313,2.80097782016899,5,5,5
"1644",0.0344550114307579,0.426186017119535,0.0345015278179665,0.426181008444759,0.00935082050314116,0.000403777577646425,2.77644195612048,2.76578299431436,2.80091908298184,5,5,5
"1645",0.0344402509256734,0.426182354179575,0.0344925627124094,0.426181717266931,0.00933953791254636,0.000403332244771848,2.77647298199803,2.76575972479377,2.80092820394342,5,5,5
"1646",0.034451400629608,0.426192041503458,0.0345141924904695,0.426181641053344,0.0093282751382712,0.000402893679392391,2.77643689741527,2.7657641827148,2.8009447779239,5,5,5
"1647",0.034448394669661,0.426190318677198,0.0345156259759601,0.426182171111191,0.00931703385048873,0.000402453997219276,2.77640603413391,2.76570638482281,2.80090054910932,5,5,5
"1648",0.0344407090018468,0.426189593890005,0.0344868315276528,0.42618043350911,0.00930581439493775,0.000402016899874069,2.7764043227586,2.76569891891249,2.80088978878334,5,5,5
"1649",0.0344362974439484,0.426179743431912,0.0344604766746414,0.426180919764483,0.00929461237712362,0.000401570373784688,2.77642929004577,2.76569836247494,2.80092025907069,5,5,5
"1650",0.0344415548045576,0.426197655669479,0.0345024245403907,0.426180377181377,0.00928343212412683,0.0004011379634829,2.7763560323356,2.76567284361935,2.80088457803361,5,5,5
"1651",0.0344370948022417,0.426184447335107,0.0345034535540618,0.426180477157004,0.00927227213153651,0.000400696767942077,2.77639990211558,2.76566895926475,2.80091122017949,5,5,5
"1652",0.0344419878451348,0.426186773619178,0.0345344562058617,0.426180854825361,0.00926113254105644,0.000400259996472363,2.77639606044703,2.76570188587288,2.80092641502728,5,5,5
"1653",0.0344269914827646,0.426180584104056,0.034456419469394,0.426180111007141,0.00925001224181548,0.000399819552346192,2.77638994350308,2.76567765170462,2.80090617841863,5,5,5
"1654",0.034431751191735,0.426195460138578,0.0345080141378279,0.426180275511236,0.00923891207929434,0.00039939216000523,2.77637539393938,2.76568583326769,2.80092490194173,5,5,5
"1655",0.0344371083950397,0.42619003403374,0.0345025111996964,0.426180631929985,0.00922783108627137,0.000398959892042305,2.77641607207997,2.76572036150559,2.80095457868443,5,5,5
"1656",0.0344324038770519,0.426191010521316,0.0345269113829767,0.426181032000971,0.00921677254526255,0.000398532120964967,2.77638782952997,2.7657148577174,2.80092060808923,5,5,5
"1657",0.0344270717110642,0.426179213442464,0.0344620960965824,0.426181289396241,0.00920573204696981,0.000398094651385461,2.77640547008597,2.76571556381055,2.80094330564834,5,5,5
"1658",0.0344354541755395,0.426184886891412,0.0345161868503562,0.426181795423897,0.00919471180284828,0.000397663488538091,2.77642101005192,2.76577907168155,2.80099937192698,5,5,5
"1659",0.0344349421336121,0.426195340390929,0.034471247096731,0.426181691229201,0.0091837108503785,0.000397236214440211,2.77642162402422,2.76577621756466,2.80096118543287,5,5,5
"1660",0.0344347359086415,0.426181088887336,0.0345006530426372,0.426180194685821,0.00917273091542702,0.00039680425520161,2.77644154173075,2.7657880116948,2.80099646190222,5,5,5
"1661",0.034431647046182,0.426183374500716,0.0345115853036963,0.426180763250769,0.00916176898924792,0.000396371126173745,2.77644875183885,2.76582357020779,2.80100053935321,5,5,5
"1662",0.034434445313553,0.426189873212179,0.0345130468263356,0.426181285829509,0.00915082796989837,0.00039594567672635,2.77643314185507,2.76585306779196,2.80102226936727,5,5,5
"1663",0.0344344380721663,0.4261900765739,0.0345144937700873,0.426182445765831,0.00913990578802938,0.00039551974173696,2.77645525219012,2.76583371078803,2.80100311898446,5,5,5
"1664",0.0344377580118,0.426184986676102,0.0345390984565603,0.426181100029315,0.00912900407173519,0.000395094210566493,2.77647107653189,2.76587577084695,2.80103151474264,5,5,5
"1665",0.0344310429946575,0.426182990623161,0.0345276948094306,0.426182326518462,0.00911812009746139,0.000394664677022538,2.77646547930249,2.76590561080672,2.80102100462737,5,5,5
"1666",0.0344334835987973,0.426192202919563,0.0345216231422763,0.426180784857711,0.00910725664487787,0.000394242591649385,2.77643754624137,2.76587991727838,2.8010204087877,5,5,5
"1667",0.0344366454321016,0.426186356846285,0.0344956211541556,0.426182553046413,0.00909641140695926,0.000393816088639698,2.77648417545216,2.76590409027162,2.80102368553153,5,5,5
"1668",0.0344320231800985,0.426190962243899,0.0345416190998156,0.426181171097481,0.00908558649368507,0.000393394227108101,2.77648826379786,2.76595688089103,2.80103125222039,5,5,5
"1669",0.0344312409339644,0.426182929107982,0.0345196062267132,0.42618073660509,0.00907478082720479,0.000392968030385743,2.77645241545819,2.76591157238897,2.80100910811966,5,5,5
"1670",0.0344343691128003,0.426182691112402,0.0345482637220497,0.426180209428309,0.00906399488748244,0.000392542928651929,2.77644119043414,2.7659311125466,2.80100845330437,5,5,5
"1671",0.0344298453237056,0.426189273421976,0.0344877065340312,0.426180628755931,0.00905322619608947,0.000392119734455465,2.77648843901598,2.76596964341381,2.80102047249529,5,5,5
"1672",0.0344313825602222,0.426190308478561,0.0345092611966535,0.426179990193258,0.00904247948762003,0.000391700583729671,2.77643167161869,2.7659314276585,2.80101423332273,5,5,5
"1673",0.0344330430774998,0.426177408694484,0.0345438815182241,0.426181758959221,0.00903174917880632,0.000391269807271,2.77648946916662,2.76597036193565,2.80101463983338,5,5,5
"1674",0.0344280234875033,0.426193298388325,0.0345439675099124,0.426181058466296,0.00902103952671326,0.000390854049427014,2.77645056309955,2.76598174265387,2.80101279275933,5,5,5
"1675",0.0344186878363569,0.426185496062372,0.0345023808667996,0.426182407969083,0.00901034813184388,0.000390432758013981,2.77642520494608,2.76590431173368,2.80097415009751,5,5,5
"1676",0.034427866240442,0.426184828203223,0.0345366625205142,0.426181511797226,0.00899967564765995,0.000390010576253041,2.77644733557367,2.76597655659955,2.80101316288083,5,5,5
"1677",0.0344177849058131,0.426182501228982,0.034520508329262,0.426183142990825,0.00898902105585564,0.000389586242604378,2.77646646294343,2.76596365357554,2.80098757807306,5,5,5
"1678",0.0344113100613482,0.426185740295609,0.0345111549083404,0.426180640430985,0.00897838695094194,0.000389168588076805,2.7764058570418,2.76592410825796,2.80099278765968,5,5,5
"1679",0.0344115988936822,0.426186258576939,0.0345088183816553,0.426179920407201,0.00896776940267402,0.000388748070565048,2.77643018054625,2.7659343936119,2.8009823196953,5,5,5
"1680",0.0344125678531903,0.426192794545267,0.0345231909877324,0.426180504221513,0.00895717136823409,0.000388332685095305,2.77642427917676,2.76596978576356,2.80099394255513,5,5,5
"1681",0.0344053539360984,0.426180467674349,0.0345134582070837,0.426181479793982,0.00894659157405745,0.000387910569483785,2.77642058497211,2.7658993538878,2.80097513439103,5,5,5
"1682",0.0344027667603735,0.426189583763953,0.0345018586007683,0.426181326258368,0.00893603034651774,0.000387494994165516,2.77642284214232,2.76595658715339,2.80100294896008,5,5,5
"1683",0.0343995403059497,0.426185829990678,0.0345503536937514,0.426181988426643,0.00892548677385555,0.000387076980790768,2.77641758321882,2.76594118600027,2.80097637453574,5,5,5
"1684",0.0343972066006373,0.426186046134668,0.0345640671560517,0.426180923535398,0.00891496264336315,0.000386661865191207,2.77639875144429,2.76591578062886,2.80099896069336,5,5,5
"1685",0.0343979767953869,0.426184084541574,0.0345419812219381,0.426181734142497,0.00890445588788114,0.000386241751724692,2.77645444273162,2.76595730978026,2.80100481700321,5,5,5
"1686",0.0343903923253902,0.426188070285484,0.0345335814831795,0.426180358480103,0.00889396813510812,0.000385829592358999,2.77641365459056,2.76595546595068,2.80099819645752,5,5,5
"1687",0.0343841351072973,0.426187458097511,0.0345179784677424,0.426180668728057,0.00888349807971173,0.000385417912655728,2.77640326076759,2.7658783487741,2.80097700486768,5,5,5
"1688",0.0343934243696857,0.426186319707093,0.034530103578723,0.426180524728811,0.00887304662623436,0.000385004876851336,2.77641826685217,2.76595768669863,2.80102236109966,5,5,5
"1689",0.034385108972276,0.426183136097829,0.0345175527369518,0.426181242832556,0.00886261252682911,0.000384587988278673,2.77644692826366,2.76593943028824,2.80101216620564,5,5,5
"1690",0.034382971690285,0.426190912176617,0.0345274823294941,0.426180637795756,0.00885219741906786,0.000384181762771774,2.77638919218853,2.7658866978373,2.80099473747241,5,5,5
"1691",0.0343846783264265,0.426186295925701,0.034525447250297,0.426181623950537,0.00884179916328789,0.000383770490653246,2.77641721245629,2.7659085829579,2.80100975679836,5,5,5
"1692",0.0343815237147926,0.426185652018861,0.0345578491080014,0.42618028413474,0.00883141940456474,0.000383362567813905,2.77640647675782,2.76592085285819,2.80102433921137,5,5,5
"1693",0.0343830206538797,0.426187812226046,0.0345290547079451,0.426181755244544,0.00882105801990415,0.000382954914203704,2.77643394139874,2.76588228719661,2.80103282815967,5,5,5
"1694",0.0343802111120933,0.426186258944493,0.0345508239843574,0.426180918149932,0.00881071348901782,0.000382547707757863,2.77642919496496,2.76593207934263,2.80104911089303,5,5,5
"1695",0.0343765988389313,0.426183857487714,0.0345259680993709,0.426181386687731,0.00880038695231346,0.000382138657187725,2.77640639383546,2.76585864847421,2.8010390657529,5,5,5
"1696",0.0343823645958202,0.426187982561547,0.0345889293892995,0.426181078534138,0.0087900788695893,0.000381735194665944,2.77643315189754,2.76592352466955,2.80109299081219,5,5,5
"1697",0.0343827620681964,0.42618439843901,0.0345087443698928,0.426181709926,0.0087797871648774,0.000381325587142489,2.7764858953568,2.7659146421203,2.80110922252481,5,5,5
"1698",0.0343783203135515,0.426187243811909,0.0345526622320135,0.426180754839366,0.00876951392294798,0.000380921714244087,2.77644082567817,2.76591581138049,2.80111536250743,5,5,5
"1699",0.0343825513959033,0.426191354596823,0.0345208106099506,0.426181036776736,0.00875925833931446,0.000380519714746563,2.77645621992925,2.76587532606573,2.80112338088235,5,5,5
"1700",0.0343879539923091,0.426188653338862,0.0345271288153637,0.426180076750019,0.00874901950756907,0.00038011670753435,2.77650237729592,2.76597473315675,2.80118693482557,5,5,5
"1701",0.034387274097102,0.426188184704624,0.0344996359386456,0.426180895668485,0.00873879824393955,0.000379710673045763,2.77650866939191,2.76591331512109,2.80118404464583,5,5,5
"1702",0.0343894404188804,0.426191553060662,0.0345549582557373,0.426181553310941,0.0087285954316679,0.000379312516681496,2.77649185052442,2.76594775400678,2.80120271919258,5,5,5
"1703",0.0343993209080081,0.426184223949582,0.0344897694680376,0.426182419759483,0.00871840950098589,0.000378909426597351,2.77651938756315,2.76592374608367,2.80123756281542,5,5,5
"1704",0.0343944524530943,0.426194234382343,0.0345071685404989,0.426181173354659,0.00870824168044065,0.00037851222347407,2.77649170115219,2.76595093693203,2.80124523672753,5,5,5
"1705",0.0344004802071571,0.426184417357218,0.0344665240507402,0.42618101598593,0.0086980910375266,0.000378110065287207,2.77653133465415,2.76594469325898,2.80126590518847,5,5,5
"1706",0.0344025540533113,0.426188290517455,0.0345060399139283,0.426180422494005,0.00868795844931622,0.000377711318494567,2.77649978865429,2.76594945674862,2.80126665715556,5,5,5
"1707",0.0344010975156877,0.426184007081184,0.034482082674834,0.426180366100843,0.00867784388503777,0.000377309675958115,2.77646620241819,2.76587888718375,2.8012631206533,5,5,5
"1708",0.0344066846473314,0.426192916571784,0.0344911847589299,0.426180203950831,0.00866774688895548,0.000376915177681292,2.77647965401899,2.7659485440066,2.80128845364698,5,5,5
"1709",0.0344051189458738,0.426184158577908,0.0344552387005873,0.426180920228334,0.0086576664427991,0.000376514500441849,2.77649757488211,2.76591444811181,2.8012837413202,5,5,5
"1710",0.0344082704536123,0.426191986378981,0.0344652023708,0.426180608448118,0.00864760467277346,0.000376121526215967,2.77646082589734,2.76589701055909,2.80127686673095,5,5,5
"1711",0.034411886951225,0.426183740900497,0.0344906630095111,0.426182478094505,0.00863755997943111,0.000375723308894016,2.77645256302948,2.76585746946612,2.80127892487981,5,5,5
"1712",0.0344121436395959,0.426193677751871,0.0344868409318907,0.426181695429271,0.00862753133189938,0.000375333923930632,2.77647243422985,2.76593237589048,2.80129784559805,5,5,5
"1713",0.0344107556929084,0.426176936168945,0.0344857899602527,0.426182150267405,0.00861752109653614,0.000374934045799802,2.77648913473311,2.76588521815096,2.80126556301637,5,5,5
"1714",0.0344125659041407,0.426188742813312,0.0344953617347779,0.426180730583927,0.00860752825803977,0.000374544382968467,2.77643057947601,2.76587494799861,2.80127920399481,5,5,5
"1715",0.0344093903308316,0.426189184455869,0.0344601543316784,0.426180840424799,0.00859755177597469,0.000374153257005239,2.77643316943147,2.76586832984073,2.801255923662,5,5,5
"1716",0.0344134108017501,0.426198720535259,0.0344870440703344,0.426180195887354,0.00858759269665352,0.000373768295303889,2.77644634999132,2.7658922241144,2.80125633813957,5,5,5
"1717",0.0344124322774906,0.426177939795286,0.0344764913549223,0.426180417302709,0.00857765129297181,0.000373371772669662,2.77641796296078,2.76585636272981,2.80123342194816,5,5,5
"1718",0.0344174678563862,0.426197360924376,0.0344826527925615,0.426180509869518,0.00856772669406698,0.000372988672607044,2.77642340767419,2.765896617177,2.8012540986703,5,5,5
"1719",0.0344067101282023,0.426181646741793,0.034487072847683,0.426181929983226,0.00855781884626412,0.00037259562737979,2.77641159506305,2.76586568903116,2.80120142536466,5,5,5
"1720",0.0344210981531064,0.426195988120709,0.0345020761649518,0.42618069475351,0.00854792848986742,0.000372213169572366,2.7764109662612,2.76590976052019,2.80124948235734,5,5,5
"1721",0.0344134186571028,0.426179336174029,0.0344766415333205,0.42618130231874,0.00853805432601524,0.000371820946720669,2.77640326637568,2.76587866982938,2.80119508500195,5,5,5
"1722",0.0344160324733991,0.426190130050625,0.0345650946567971,0.426181509986726,0.00852819814673079,0.000371436069668662,2.77639943472026,2.7659123558189,2.80121652743418,5,5,5
"1723",0.0344190647368423,0.426186796893509,0.0344893707193927,0.426181601106134,0.00851835803765154,0.00037104871490673,2.77638852789646,2.76590515066175,2.801185369115,5,5,5
"1724",0.0344241934853837,0.426194808767059,0.0345074033504884,0.42618092300879,0.00850853455318452,0.000370668413520792,2.77636180175908,2.76590191077861,2.80120332741331,5,5,5
"1725",0.0344162909080356,0.426175242609946,0.0345157645832293,0.426180943515715,0.00849872834273061,0.000370275539224751,2.77637394347989,2.7658752488971,2.80115655865938,5,5,5
"1726",0.0344271900367,0.426192352404488,0.0345510910914719,0.426181036361069,0.00848893898187402,0.000369892660187054,2.77639383412705,2.7659603864262,2.80120208966046,5,5,5
"1727",0.0344187506052695,0.426180728833746,0.0344458192268419,0.426181546866688,0.00847916636542718,0.000369504785728003,2.77635072619267,2.76591303658649,2.80116933718016,5,5,5
"1728",0.0344309394311757,0.426189305115432,0.0345108434383343,0.426180915239559,0.00846941055218617,0.000369122404312028,2.77637076712744,2.76592771597708,2.80118989627766,5,5,5
"1729",0.0344264199152047,0.426188441970636,0.0344613247380283,0.426180676944547,0.00845967125525434,0.000368737706066491,2.77638022806203,2.76592808218888,2.80116208885762,5,5,5
"1730",0.0344281655989339,0.426192278156312,0.0345138130395874,0.426180682969025,0.00844994884348212,0.000368357216691761,2.77635858236013,2.76596891041312,2.80120301881335,5,5,5
"1731",0.0344308791011102,0.426179201112864,0.0344673446218305,0.426180890956083,0.00844024281846324,0.00036797079380102,2.77635195945987,2.76593898071048,2.80117328376627,5,5,5
"1732",0.0344389465925737,0.426194105375867,0.0344872375310344,0.426180621415619,0.00843055306229523,0.000367593310714343,2.77638028158573,2.76598792662014,2.8012162578518,5,5,5
"1733",0.0344340423467327,0.426189848124826,0.0344324222303414,0.42618102709352,0.00842087973303247,0.000367213303936464,2.77633384198634,2.76591957529822,2.80117306310097,5,5,5
"1734",0.0344403852398843,0.426186611738087,0.0344491157838579,0.426180009145076,0.00841122297678669,0.000366831560482672,2.77635715442918,2.76595397103795,2.80120550417418,5,5,5
"1735",0.0344491187820152,0.426184944393772,0.0344416069468382,0.426180902130099,0.00840158298758748,0.000366449834001303,2.77635285710424,2.76598089274341,2.80122381764241,5,5,5
"1736",0.0344511371438339,0.426189032519066,0.0344591575959094,0.426180903269788,0.00839195961302093,0.000366073053648774,2.77634251957001,2.76596764542552,2.80124660245268,5,5,5
"1737",0.0344503106523905,0.426184164221424,0.0344660488074823,0.426182568384934,0.00838235240590866,0.000365690854353729,2.77631969861593,2.76591001674048,2.80118752102917,5,5,5
"1738",0.0344624011001868,0.426192739144226,0.0344716413496245,0.426181300842732,0.00837276175418349,0.000365314685555007,2.77638265521553,2.76603466520859,2.80127804744252,5,5,5
"1739",0.0344578715885459,0.426183038385753,0.0344751000016092,0.426181076203748,0.00836318806125366,0.000364935355818607,2.7763254081658,2.76597714632369,2.80125304627119,5,5,5
"1740",0.0344655674234415,0.42618374912182,0.0344939334697219,0.426181139381583,0.00835363021117429,0.000364555480448447,2.77636066368464,2.76600961945319,2.80128545218178,5,5,5
"1741",0.0344705991250692,0.426193578395486,0.0344981131597469,0.426181489268834,0.00834408902168161,0.000364180855165708,2.77635485861428,2.76601849395749,2.80127076100449,5,5,5
"1742",0.0344692093690958,0.426184339672248,0.0344700566371778,0.42618077008914,0.00833456451488019,0.000363803089113435,2.77638947826942,2.76607845651252,2.80132824007135,5,5,5
"1743",0.0344672878542931,0.42618023085563,0.0344715996032531,0.426182598672218,0.00832505608957732,0.000363424996596307,2.77637064657343,2.76600449884956,2.80129122126807,5,5,5
"1744",0.0344838687026412,0.426188188844046,0.0344912552901098,0.426181333097323,0.00831556377162688,0.000363052196438507,2.77642877343887,2.76611193898731,2.80136215212459,5,5,5
"1745",0.0344759745220916,0.426188538921245,0.0345033518927674,0.426181375976912,0.00830608751510655,0.000362678812924455,2.77642943732967,2.76607739503446,2.80134016252663,5,5,5
"1746",0.0344809497315122,0.426180046139996,0.0345118596747464,0.426180765777257,0.00829662701544049,0.000362303181959567,2.77646964642856,2.76612081678539,2.80137787126529,5,5,5
"1747",0.0344804867684819,0.426194210414668,0.0345277475428946,0.426181366699079,0.00828718228218409,0.000361936327592571,2.7764405192924,2.76610419609769,2.80136278363342,5,5,5
"1748",0.0344879154648542,0.42618032588365,0.0345237318681909,0.426181151743235,0.00827775380970248,0.000361561973994062,2.77650312964631,2.76615788890407,2.80141116764306,5,5,5
"1749",0.0344766797682117,0.426178357864709,0.0344661364640487,0.426181256460385,0.00826834131209396,0.000361185235007222,2.77650449659058,2.76611708431231,2.80137843096122,5,5,5
"1750",0.0344861274634882,0.4261935654152,0.0345124552852103,0.426180348721408,0.00825894389987962,0.000360817222530729,2.77653151223377,2.76619693281642,2.80142396333818,5,5,5
"1751",0.0344793225354226,0.426191168612324,0.0344958948729635,0.42618046340414,0.00824956338395873,0.000360450002208634,2.77649776836631,2.76612940612242,2.8013819252922,5,5,5
"1752",0.034487023647496,0.42618335146932,0.03456429073364,0.426181131948766,0.00824019757631575,0.000360079361212018,2.77654937090429,2.76616899990491,2.80142323978498,5,5,5
"1753",0.034474376343524,0.426184802834194,0.0344736512225802,0.426181053253673,0.00823084653628916,0.000359706319642439,2.77655570637158,2.7661681937088,2.80140562574732,5,5,5
"1754",0.0344805391813339,0.426190948834108,0.0345300789339906,0.42617999306647,0.00822151256679537,0.000359340289440235,2.7765369962588,2.76617365284994,2.80141050287683,5,5,5
"1755",0.0344705411780144,0.426186731767785,0.0344941855585238,0.426179901311458,0.00821219374055415,0.000358972642065192,2.77653651484323,2.76610771653834,2.80136967899239,5,5,5
"1756",0.0344818203040751,0.426188478442431,0.0344910200751533,0.4261804062673,0.00820288898269108,0.000358603988824924,2.77658542698524,2.76619334778477,2.80145413422883,5,5,5
"1757",0.0344650515561281,0.426184129743396,0.0344549407966602,0.426182648541238,0.00819360101407727,0.000358234103531585,2.77655261256294,2.76613243191599,2.8013800164716,5,5,5
"1758",0.0344749512910123,0.426187801722948,0.0345409378343546,0.426182034654788,0.00818432848319248,0.000357869199363703,2.77657201118177,2.76616198254577,2.80140317300223,5,5,5
"1759",0.0344661833714296,0.426189145145742,0.0344882284403959,0.426180664748065,0.00817507032900926,0.000357504952257448,2.77654570429037,2.76611083401687,2.80139770643293,5,5,5
"1760",0.0344753617451811,0.426188356824289,0.034504711180577,0.426180024834592,0.00816582850766067,0.000357142226308282,2.7765689842339,2.76616018362216,2.80141878730047,5,5,5
"1761",0.0344599900440776,0.426180289985996,0.0345196880414255,0.426180343279935,0.00815660121714802,0.000356774758388634,2.77657137947733,2.76613272246626,2.80140990999296,5,5,5
"1762",0.0344780091847615,0.426189302750276,0.034554012908836,0.426180992529588,0.00814738873091294,0.000356412883788904,2.77654957927211,2.76615536065443,2.80142399311407,5,5,5
"1763",0.0344627497120342,0.426192732929997,0.034470804170409,0.426181568784185,0.00813819309499947,0.000356053147681501,2.77652897142524,2.76609856184941,2.80139627513105,5,5,5
"1764",0.0344713032043771,0.426183342558431,0.0344872946684829,0.426180788240623,0.00812901185319863,0.000355688045304225,2.77657004375342,2.76616479468177,2.8014479330709,5,5,5
"1765",0.0344651406905139,0.426182490110275,0.0345231062024492,0.426180942993723,0.00811984447318034,0.000355322361952903,2.77654910559115,2.76612031102838,2.80142516868053,5,5,5
"1766",0.0344704167210368,0.426188951157523,0.0344958834609498,0.42618084692816,0.00811069444996732,0.000354962698603134,2.77654021164817,2.76613983332141,2.80142153746959,5,5,5
"1767",0.0344520112417444,0.42618140819895,0.034423887300809,0.426180403464378,0.00810155828394558,0.000354597328219297,2.7765448806926,2.76610195535644,2.80143166102741,5,5,5
"1768",0.0344705220071746,0.4261922354358,0.0344828570739373,0.426181592022112,0.00809243626043776,0.000354237990673023,2.77655280748927,2.76614381618513,2.80143957707593,5,5,5
"1769",0.0344504859485203,0.426183447832625,0.0343899651646678,0.426180601916173,0.00808333007821435,0.00035387536802961,2.77654362336485,2.76610706208963,2.80141886793508,5,5,5
"1770",0.0344560194189719,0.426186541943226,0.0344404218320994,0.426180969479219,0.00807423803861403,0.000353515312794928,2.77653700802278,2.76612786741641,2.80142979390035,5,5,5
"1771",0.0344517256914788,0.426189759431149,0.034433450408429,0.426180892520496,0.00806516108760172,0.000353158505136675,2.77650071374079,2.76608132147849,2.80141546048059,5,5,5
"1772",0.0344525204767744,0.426188322939455,0.0344980203504857,0.426181571997362,0.00805609962837047,0.000352801799110347,2.77647951161496,2.76608316950398,2.80139661304236,5,5,5
"1773",0.0344436732473127,0.426184066278197,0.0344509069519309,0.426182596254684,0.00804705275186355,0.000352442428397937,2.77650405673838,2.76607455130833,2.80142419996603,5,5,5
"1774",0.0344515329807211,0.426198135712046,0.03447087637365,0.426181829351525,0.008038020358093,0.00035209108722245,2.7764688775479,2.76610537886487,2.80140582039396,5,5,5
"1775",0.0344372655195822,0.426178246228526,0.0344933880539268,0.426182357739561,0.00802900378429806,0.000351729592764083,2.77644281540092,2.76605017363469,2.8013892107482,5,5,5
"1776",0.0344548879859904,0.426192399154635,0.0344652964869695,0.426181060805557,0.00802000223891088,0.000351375916666563,2.77650115568779,2.76610582474859,2.8014390275044,5,5,5
"1777",0.0344400422505398,0.426186918777236,0.0344644668943238,0.426181149143913,0.00801101499028964,0.000351017713997648,2.77647599089489,2.76609237971621,2.80142663438811,5,5,5
"1778",0.0344482217260353,0.426186052303872,0.0344793570881958,0.426180174068592,0.0080020443194299,0.000350663636521698,2.77642891595284,2.76611197521399,2.80140469961065,5,5,5
"1779",0.034445330789403,0.426185732005509,0.0344749266546123,0.426180628774287,0.00799308731279494,0.000350307411592587,2.77646608097876,2.76607122894922,2.80143693772112,5,5,5
"1780",0.0344561353878402,0.426190323044846,0.0344591045343315,0.426180966102189,0.00798414599148809,0.000349955520586365,2.77643598839376,2.76610958433787,2.801434673142,5,5,5
"1781",0.0344373073568851,0.426185353158353,0.0344652056846635,0.426181457931743,0.00797521952887832,0.000349598355838032,2.77642335238069,2.76612236261454,2.80142579093845,5,5,5
"1782",0.0344570290225055,0.426188657330954,0.034503194138461,0.42618041462131,0.00796630848183555,0.000349247221870352,2.77643051205595,2.76612792297215,2.80143575913169,5,5,5
"1783",0.0344467743830007,0.426184696330749,0.0344625113955325,0.426183150323651,0.00795741017852737,0.000348890423581105,2.77642799810617,2.76612339294875,2.80144023597282,5,5,5
"1784",0.0344531830154974,0.426188772027836,0.0345234149380622,0.426180753903324,0.00794852885123101,0.000348540310543877,2.77639822231977,2.7661410066025,2.80143176508811,5,5,5
"1785",0.0344476153412755,0.426183292041621,0.0344933954443799,0.426181247592304,0.00793966100795379,0.000348184238053384,2.77642045227981,2.76614266900582,2.80142254171122,5,5,5
"1786",0.0344541090922892,0.426184084291089,0.0345319983486553,0.426180332375194,0.00793080777158747,0.000347831731817405,2.77641572840852,2.76617067795596,2.80143794159672,5,5,5
"1787",0.0344464826605175,0.426183918827967,0.0344860191695728,0.42618025766542,0.00792196905440609,0.00034747702461807,2.77639278450524,2.76616495197623,2.80143514953172,5,5,5
"1788",0.0344660609846707,0.426195977207607,0.0345055246467164,0.426180269762747,0.0079131450490967,0.000347131077868545,2.77643814774188,2.76619390167158,2.80145258733869,5,5,5
"1789",0.034447620868213,0.4261780174514,0.0344666394010165,0.42618130034632,0.00790433423688314,0.000346772951249685,2.77646524907142,2.76621296191638,2.8014589124923,5,5,5
"1790",0.0344521088450592,0.426186881161294,0.034517010691837,0.426181108796123,0.00789553924379783,0.000346423559435871,2.77645284732534,2.76624905666851,2.80147217864414,5,5,5
"1791",0.0344597236585188,0.426185541059977,0.0344672995450022,0.426181913296929,0.00788675880008483,0.00034607186512664,2.77646328736187,2.76622714054386,2.80148099313852,5,5,5
"1792",0.0344622294798418,0.426195185059973,0.0345122592268207,0.426181710449019,0.00787799227536273,0.000345727724999578,2.77646912423944,2.76625510760638,2.80148709387671,5,5,5
"1793",0.034447708672176,0.426176929343906,0.034506999400606,0.426180814982404,0.00786923952351967,0.000345371409852802,2.77653003877697,2.76632480205169,2.80152888603642,5,5,5
"1794",0.0344646091175605,0.426189035751611,0.0344888899701335,0.426180774910812,0.00786050265691361,0.000345024303918806,2.77651856193417,2.76630963217882,2.80154170640933,5,5,5
"1795",0.0344526132757283,0.426188083027235,0.0344392571856586,0.426180887445457,0.0078517788853652,0.000344676936555266,2.77648963267723,2.76628260982616,2.80150013370218,5,5,5
"1796",0.0344571253616944,0.426191478476749,0.0344592930482563,0.426180139293897,0.00784307009120951,0.000344332454684404,2.77654058089095,2.7663673867755,2.80155939260294,5,5,5
"1797",0.0344441326147578,0.426179596442679,0.0345195896068205,0.42618114213627,0.00783437461367566,0.000343978822233582,2.77656748374248,2.76632410955424,2.80154751714136,5,5,5
"1798",0.0344555972404197,0.426189685596603,0.0344787414530293,0.426180666799489,0.00782569394063489,0.000343633661564757,2.77655618121384,2.76635378177208,2.80155155344727,5,5,5
"1799",0.0344432973351871,0.426184274216301,0.034540960236866,0.426181659752667,0.00781702723351502,0.000343285759421386,2.77658034142539,2.76635804618697,2.80155810523354,5,5,5
"1800",0.0344546741291643,0.42618990651808,0.0344846754322156,0.426180841830737,0.00780837497770112,0.000342941452099732,2.7765907684626,2.76636088503061,2.8015830153663,5,5,5
"1801",0.0344365702379476,0.426175901669699,0.0345486293727062,0.426180945656263,0.00779973557473521,0.000342588559327006,2.77663003335614,2.76636046611037,2.80156319841285,5,5,5
"1802",0.0344469914363608,0.42619388730575,0.0345313980457558,0.426180631922683,0.00779111105485025,0.000342246346526798,2.77666425656393,2.76643431892419,2.80163136956908,5,5,5
"1803",0.0344373007488781,0.426182968493559,0.0344541869752965,0.426180842296457,0.00778250054058572,0.000341898568022247,2.77661739780451,2.76633420173821,2.80157715803447,5,5,5
"1804",0.0344424398144805,0.426195015243144,0.0345009545087517,0.426180818032471,0.00777390447954194,0.000341559571541916,2.77664939586092,2.76640186349642,2.80159402347261,5,5,5
"1805",0.0344275465692098,0.426176251454159,0.0344661308550813,0.426180857649093,0.00776532128197566,0.000341207773829899,2.77671605893887,2.76641644262088,2.80163224968621,5,5,5
"1806",0.0344379146504136,0.426192948613476,0.0345299946111387,0.426181074278465,0.00775675319339277,0.00034086620644308,2.77670180151001,2.7664160444525,2.80163956226015,5,5,5
"1807",0.0344233717652568,0.426183101300215,0.0344913442072504,0.426182138146096,0.00774819879241796,0.000340520064269767,2.77667963388244,2.76637374856968,2.80160179747987,5,5,5
"1808",0.0344267430514261,0.426192773879505,0.0345242939604485,0.426180856901374,0.00773965817357721,0.000340180341600271,2.77672859510756,2.76646549698801,2.80164803808055,5,5,5
"1809",0.0344208701908926,0.426178504526147,0.0345047001004533,0.426181032433478,0.00773113075249116,0.000339831099311516,2.77674209823431,2.76640998185153,2.80167264924096,5,5,5
"1810",0.0344214311595886,0.426193788031219,0.0345057474934261,0.426181079674426,0.00772261864108972,0.00033949287511692,2.77673265415364,2.76643834296875,2.80164761433998,5,5,5
"1811",0.034414819927728,0.426184099735071,0.0344863059105957,0.426182363717489,0.00771411894209606,0.000339147440563958,2.776760011619,2.76643581282625,2.80168144949348,5,5,5
"1812",0.0344184662288601,0.426189095275926,0.0344852652678144,0.426180226343075,0.00770563346926942,0.000338807356800752,2.77676445515317,2.76646210196429,2.8016954125214,5,5,5
"1813",0.0344074264216254,0.426178991279354,0.0344470068690104,0.426180796614694,0.00769716104475937,0.000338460260577489,2.77674571081099,2.76641393826393,2.8016628797653,5,5,5
"1814",0.0344083482961511,0.426195407986813,0.0345345126623923,0.42618042226166,0.00768870313266422,0.000338123798806822,2.77680080086337,2.76649092739559,2.80169322674158,5,5,5
"1815",0.0344103250697171,0.426179960741883,0.0344689530467801,0.426180425698565,0.00768025763135683,0.000337778280744438,2.77676383813699,2.76640291649841,2.80170062338322,5,5,5
"1816",0.0344148997624964,0.42619428490558,0.0344645622978253,0.426180746831189,0.00767182631991478,0.000337443133126891,2.77676144716051,2.76643892920501,2.80167063050032,5,5,5
"1817",0.0343951746709518,0.426181077016647,0.0344980468438557,0.426181320548138,0.00766340740563415,0.000337098599476393,2.77677158677734,2.76642424437054,2.80166374529807,5,5,5
"1818",0.0344171794999588,0.426185347542006,0.0345296018653011,0.426180960996409,0.00765500219050754,0.000336756942400762,2.7767839003261,2.76643961167383,2.80170181034139,5,5,5
"1819",0.0344095427171319,0.426180551959651,0.0344564457375443,0.426180352852007,0.00764661036272638,0.00033641384576194,2.77674061990895,2.76637624401092,2.80166016496561,5,5,5
"1820",0.0344150453920746,0.426201445254646,0.0345001587476284,0.426180404569458,0.0076382325900163,0.000336081711346359,2.77676660916425,2.76645650936752,2.80166663798244,5,5,5
"1821",0.0344171368831443,0.426180827993231,0.0344847189545556,0.426181100534417,0.00762986772866537,0.000335738537128927,2.77671787091403,2.76636490281275,2.80165702282844,5,5,5
"1822",0.0344272960941319,0.426188516926114,0.0345158910927948,0.426180923164802,0.00762151616648995,0.000335401584091455,2.77676047756626,2.7664099831148,2.80166928758305,5,5,5
"1823",0.0344153483288841,0.426184565310299,0.0344961634146577,0.426180977863371,0.00761317769402174,0.000335060991913383,2.7767559781434,2.76640038397806,2.8016409380445,5,5,5
"1824",0.0344350733434303,0.426194871471597,0.0345448134093255,0.426180337180378,0.00760485384085952,0.000334726983456046,2.77671377698542,2.76639373975761,2.80166456618728,5,5,5
"1825",0.0344277877967947,0.426180876391654,0.0344979234238142,0.426180220447612,0.00759654250175002,0.000334385965519823,2.77671847863783,2.7663595559539,2.80164562796111,5,5,5
"1826",0.0344342120667568,0.426195510041194,0.0345676885471968,0.426180832793803,0.00758824539696392,0.000334052722035016,2.77674435371051,2.76641301796431,2.80163869118548,5,5,5
"1827",0.0344354526079475,0.426175369780696,0.0344826042613392,0.426180222277225,0.00757996157793097,0.000333708665756882,2.77670407761941,2.76634509898738,2.80164321321826,5,5,5
"1828",0.0344515526981401,0.426196513485091,0.0345194727501179,0.426180296294098,0.00757169078776658,0.000333378494761727,2.77673219169651,2.76640374882769,2.80166422513544,5,5,5
"1829",0.0344428621147096,0.426184844384949,0.034541629337475,0.426181014468954,0.00756343425373287,0.0003330433422436,2.77671524204246,2.7663858822608,2.80163939743431,5,5,5
"1830",0.0344519086609634,0.426189236122622,0.0345528113076715,0.426181254211031,0.00755519088763792,0.000332710242347933,2.7766811335615,2.76636692639076,2.80163958228266,5,5,5
"1831",0.0344513062054197,0.426180936123662,0.0344915458098873,0.426181630066716,0.00754695980600663,0.000332372256018343,2.77672782236988,2.76634687140651,2.80163746231127,5,5,5
"1832",0.0344616672493165,0.426197416746892,0.0345203288117973,0.426180946574189,0.00753874444214253,0.00033204519118385,2.77670110303582,2.76639946039625,2.80164827039513,5,5,5
"1833",0.0344593369320746,0.426180127198336,0.0345164838065395,0.426182331086413,0.00753054136302732,0.000331708073609049,2.77664844483775,2.76632534366496,2.80162180407493,5,5,5
"1834",0.0344624094040648,0.426189819374197,0.0345134107622798,0.426180937777151,0.00752235147937074,0.00033137653266313,2.77670344440597,2.76634514088553,2.80162330752726,5,5,5
"1835",0.0344613382664645,0.426182359527056,0.0344883448414969,0.42618189802026,0.00751417512348979,0.000331044589514495,2.77671304062681,2.76634501812436,2.80162118960646,5,5,5
"1836",0.0344753430327993,0.426186988406331,0.0344806043429334,0.426180912137399,0.00750601282505708,0.000330714583720693,2.77663820579808,2.76631816145349,2.80160581447111,5,5,5
"1837",0.0344728733159296,0.426178147645119,0.0344939136033058,0.426182315988267,0.00749786273366412,0.000330379437133543,2.77670856798896,2.76634995671297,2.80163419197031,5,5,5
"1838",0.0344717831401996,0.426199041433474,0.0345297932316071,0.426181219709156,0.0074897270206155,0.000330058236367003,2.77668087470901,2.76633209469772,2.8016014650187,5,5,5
"1839",0.0344813702884393,0.426177457058748,0.0344897799931656,0.426181743436467,0.00748160289009408,0.000329723261287662,2.7766560784775,2.76630592205858,2.80160529596977,5,5,5
"1840",0.0344842699526691,0.426191312375707,0.0345158348393205,0.426181430392592,0.00747349275181592,0.000329397361758743,2.77667747982734,2.76633986900969,2.8016224159375,5,5,5
"1841",0.0344803322497249,0.426182417756604,0.0345239486576219,0.426182335877508,0.00746539537290685,0.000329068084149897,2.77668452969033,2.76634557587111,2.80159937293536,5,5,5
"1842",0.0344890444266532,0.426191671525011,0.0345300269662059,0.426180877376599,0.00745731088541866,0.000328743662037334,2.77665252867279,2.76631754374502,2.80161979662485,5,5,5
"1843",0.0344897838664892,0.42618020855941,0.034502983096846,0.426180314440052,0.0074492382204671,0.00032841232438352,2.77668948886824,2.76633052351934,2.80159791397197,5,5,5
"1844",0.0344886224653514,0.426196505847107,0.0345500613698129,0.426180546689256,0.00744117984476421,0.000328092712955586,2.77665474182528,2.7663267770537,2.80159345432354,5,5,5
"1845",0.0344904864666075,0.426180485486163,0.0344991105754668,0.426181247812791,0.00743313337301461,0.000327762832500134,2.7766566720189,2.76633540470833,2.80160293656344,5,5,5
"1846",0.0344959904882454,0.426197219178339,0.0345355778151166,0.426180900407805,0.00742509980154073,0.000327442773891407,2.77667191927959,2.76635336060923,2.80162504089386,5,5,5
"1847",0.0345011442237847,0.426184687841485,0.0345349757620435,0.426180598901278,0.00741707902186269,0.000327116752663614,2.77669438050134,2.76634612268961,2.80160356739217,5,5,5
"1848",0.0345031911432212,0.426190483090521,0.0345905316641841,0.42618157366361,0.00740907185093573,0.000326793840196626,2.77664978122039,2.76636051419551,2.80161636595058,5,5,5
"1849",0.0345032419783436,0.426181674181843,0.0345039305718525,0.42618154458044,0.00740107605210067,0.0003264657927321,2.7767000669079,2.76638429649586,2.80162571568877,5,5,5
"1850",0.0345038889013427,0.426197475723469,0.0345486613274377,0.426181024917722,0.0073930937358827,0.000326147759236006,2.77668910647298,2.76639269228366,2.80160908081505,5,5,5
"1851",0.0345151244329229,0.426179846783595,0.0345460559005151,0.426181618082321,0.00738512350808174,0.000325820170973157,2.7766768423764,2.76637480979468,2.80161365040648,5,5,5
"1852",0.034517758514148,0.426191566075189,0.0345673787423725,0.426180999541352,0.00737716580061016,0.000325498163433247,2.77672358562314,2.7664307668453,2.80165259557469,5,5,5
"1853",0.0345165767434432,0.426176751691134,0.0345448645393428,0.426181253896821,0.00736922057159016,0.000325170045179457,2.77671380238404,2.76644339133362,2.8016277301066,5,5,5
"1854",0.0345200956404208,0.426192714595506,0.0345357482435945,0.426180623961909,0.00736128859606559,0.000324850835912882,2.77669766387067,2.76643072374063,2.80161498242322,5,5,5
"1855",0.0345284119149997,0.426179237467696,0.034515451223917,0.426182139995135,0.00735336737008837,0.000324522577302866,2.77674371532574,2.76645325368842,2.8016325558733,5,5,5
"1856",0.0345310598339305,0.426198410980384,0.034527826240771,0.426180386734585,0.00734546006734894,0.000324208169475038,2.77673882335041,2.76647668980186,2.80162031783411,5,5,5
"1857",0.0345329933234773,0.426174523406531,0.0345348461681624,0.426181554148288,0.0073375644067107,0.000323879246724834,2.77673117980058,2.7664724331245,2.80162473940001,5,5,5
"1858",0.0345368569526112,0.426197854928483,0.0345528383442289,0.426180760325113,0.00732968046153823,0.000323564018472,2.77677599756541,2.76650344399263,2.80163656223629,5,5,5
"1859",0.0345427040816788,0.426183744989012,0.0345425907904346,0.426182354298502,0.00732180899480804,0.00032324389776367,2.77677295583751,2.76650129631578,2.80162999764256,5,5,5
"1860",0.0345460544159147,0.426191027208309,0.034537080744136,0.426181796616085,0.00731395096340533,0.000322928150225388,2.77675846646454,2.76650838197328,2.80161135292244,5,5,5
"1861",0.0345505079511152,0.426181002723349,0.0345060754326717,0.426182093374303,0.00730610297092094,0.000322607116044371,2.77680572253977,2.76653744429103,2.8016475462627,5,5,5
"1862",0.0345536005197347,0.426188716123606,0.0345365837706171,0.426180376645972,0.00729826877065462,0.000322295200695932,2.77682068926518,2.76654524600171,2.80162906739359,5,5,5
"1863",0.0345569946021085,0.426184032899546,0.034560406367291,0.426180180209439,0.00729044546862722,0.000321979995236865,2.77681220252118,2.76652864945667,2.80162695388183,5,5,5
"1864",0.0345575641332208,0.426193834554541,0.0345619872972492,0.426180174174894,0.00728263507227334,0.000321672469487888,2.77682525576496,2.76654647276239,2.80162600920789,5,5,5
"1865",0.0345618492996172,0.426179136020893,0.0345005620403622,0.426180933447053,0.0072748360717191,0.000321357676626222,2.7768603960657,2.76656883180234,2.80166867705561,5,5,5
"1866",0.0345670262256631,0.426187103062385,0.0345232543264188,0.426180548773983,0.00726704927466071,0.000321047396689311,2.77683046585922,2.7665360132262,2.80162695054336,5,5,5
"1867",0.0345649055985416,0.426185262172423,0.0345204175632432,0.426181232663118,0.00725927405000256,0.000320734576014503,2.77685578648732,2.76654624974466,2.80166910617849,5,5,5
"1868",0.0345711105062653,0.426192023450634,0.0345062621356115,0.426179985507288,0.00725151222740174,0.000320427944080992,2.77684350425623,2.76655929135467,2.80162426526743,5,5,5
"1869",0.0345733929832514,0.426181922061666,0.0345245355274244,0.426181207556569,0.00724376092700383,0.000320115427837608,2.77685340773964,2.76655122620632,2.80167528178142,5,5,5
"1870",0.0345784558848181,0.4261889296941,0.0345597391417028,0.426181518631845,0.00723602243364914,0.000319807317169851,2.77688240030697,2.76656821711902,2.80169402381105,5,5,5
"1871",0.0345739504051632,0.426183662745387,0.0344600406440271,0.426182044876821,0.00722829555350819,0.0003194958616618,2.77685051776851,2.76653428931755,2.80166095666046,5,5,5
"1872",0.0345797252680673,0.426193414843493,0.034505185582901,0.426180592776963,0.00722058189125416,0.00031919049276341,2.7768636305973,2.76658477766433,2.80167217036592,5,5,5
"1873",0.0345823664523139,0.4261823878637,0.0345279343190097,0.426181622228483,0.00721287866921861,0.000318878738113371,2.77689981298582,2.76655815862244,2.80173823171798,5,5,5
"1874",0.0345844320018574,0.426185598569279,0.0345114398075221,0.426181309231809,0.00720518852320732,0.000318571205133678,2.77689328341038,2.76658553607267,2.80171606122137,5,5,5
"1875",0.0345829674144836,0.42618591207242,0.0344942870257774,0.426181684813154,0.00719750960619794,0.00031826394331913,2.77689539561073,2.76655124863228,2.80172602105979,5,5,5
"1876",0.0345842786511792,0.426194823239669,0.0344995389507442,0.426180057747435,0.0071898436631305,0.000317962153496276,2.77692608533112,2.76660471094124,2.8017342717605,5,5,5
"1877",0.0345877534442766,0.426183739190456,0.0345313258249301,0.426180284947141,0.00718218841239792,0.000317654937836087,2.77690967172547,2.76656643987113,2.80175284988725,5,5,5
"1878",0.0345916581935123,0.426187330200138,0.0345456735642142,0.426179866917666,0.00717454643287194,0.000317352413025107,2.77693216625485,2.76660713151733,2.80175075682454,5,5,5
"1879",0.0345880281539544,0.426185425730208,0.0344682673604304,0.426180304978343,0.00716691559971461,0.000317046208796468,2.77694129990315,2.76655932875658,2.80178257570187,5,5,5
"1880",0.0345884942482626,0.426195022520267,0.03452989972015,0.426180843400303,0.00715929771786019,0.000316746572622706,2.77694373086461,2.76662359136943,2.80175238923499,5,5,5
"1881",0.0345881899274472,0.426183134514216,0.0344950593418909,0.426182468230367,0.00715169076181095,0.000316440368460014,2.77694483784457,2.76657974990604,2.80178311518689,5,5,5
"1882",0.0345951572967384,0.426186266863017,0.034538849350253,0.426181241854246,0.00714409647184965,0.000316137416677909,2.77698149949221,2.76662520100125,2.80180406083423,5,5,5
"1883",0.0345903613852683,0.426184230480306,0.0345560581588017,0.426182526585311,0.00713651311355296,0.000315832186840448,2.7769658070418,2.76659244381355,2.80179206716661,5,5,5
"1884",0.0345916128506813,0.426194793997658,0.0345153187605231,0.426180984029276,0.00712894191376589,0.000315533732865192,2.77696606060614,2.76662239711611,2.80177654018765,5,5,5
"1885",0.0345907898538674,0.426182467812603,0.0345187999693982,0.426180893237946,0.00712138191878467,0.000315228041839366,2.77700880151048,2.76660998684048,2.80185177586128,5,5,5
"1886",0.0345955800674818,0.426184763898567,0.0345331588549511,0.426180154709913,0.00711383392716276,0.000314925522395426,2.77698170922288,2.76663820084865,2.80181214178315,5,5,5
"1887",0.0345892984517513,0.426186527265623,0.0345215164181822,0.42618155238851,0.00710629719896304,0.000314623135992731,2.77698565736448,2.76660610424591,2.80181797398911,5,5,5
"1888",0.0345974631934025,0.426191590500724,0.0345234801595485,0.426180620322489,0.00709877277030539,0.000314324220384132,2.77700106060625,2.76663342386317,2.80181610006025,5,5,5
"1889",0.0345843822524318,0.426178057893525,0.0345311292492258,0.426180811754671,0.0070912589177502,0.000314017632387587,2.77700807053788,2.7666408295494,2.80183517746839,5,5,5
"1890",0.0345897117217514,0.426187782224487,0.0345121771906807,0.426181478492653,0.00708375661528002,0.000313717692305759,2.77699233417184,2.76664335398685,2.80179902877016,5,5,5
"1891",0.0345893016392018,0.42618697041685,0.0345313320074742,0.426182168630775,0.00707626548293906,0.000313416576623704,2.77705214495285,2.76665623110344,2.80185742085179,5,5,5
"1892",0.0345798924580005,0.426194982806715,0.0345494825464863,0.42618110535939,0.00706878700028554,0.000313120727400806,2.77697493102556,2.76666156247725,2.80178077863439,5,5,5
"1893",0.0345760196578985,0.426179307537229,0.0345327476980591,0.426180248861376,0.00706131930367561,0.000312817289763401,2.77700093174961,2.76661288596939,2.80182019228718,5,5,5
"1894",0.0345776172299926,0.426185333402418,0.0345530317935251,0.42618074376329,0.00705386284943018,0.00031251653505282,2.77700023644149,2.76666549613468,2.80179323771467,5,5,5
"1895",0.0345677771595469,0.426190311488658,0.0345559540478315,0.42618186524055,0.00704641683295964,0.000312218122205221,2.77700270875723,2.76664332142341,2.80178510900016,5,5,5
"1896",0.0345688235281742,0.426190446154929,0.0345395086209343,0.426181195881668,0.00703898404610966,0.000311922161325529,2.77698463603527,2.76666951973262,2.80176463757963,5,5,5
"1897",0.0345641749659798,0.426182676864221,0.0345215063549067,0.426182744380044,0.00703156094478237,0.000311622698737191,2.77700434490297,2.76663850646448,2.8018108094518,5,5,5
"1898",0.0345574328594984,0.426187372008066,0.0345476629404775,0.426181230582054,0.0070241502891583,0.000311327372225667,2.77699012041494,2.76666985566984,2.80175274402286,5,5,5
"1899",0.0345579629218499,0.426183642408574,0.0345223094419217,0.426180627716368,0.00701675003514421,0.000311030421185132,2.77699403895395,2.76665476320969,2.80177130841922,5,5,5
"1900",0.0345494652493586,0.426196009256683,0.0345439828928968,0.426179955055989,0.00700936158003442,0.00031074071026127,2.77699662539049,2.76668652952885,2.80176679769171,5,5,5
"1901",0.0345470886383105,0.426184961170812,0.0345320089748837,0.426180462186598,0.00700198357984849,0.000310444301765744,2.77697235467989,2.76663192072707,2.8017708875647,5,5,5
"1902",0.0345460814570203,0.426181503524705,0.0345217503138355,0.426180690896554,0.00699461760319376,0.000310147645088188,2.77696453713974,2.76665500685633,2.80174042111133,5,5,5
"1903",0.0345401778387173,0.426190397962036,0.0345396531866321,0.42618104855555,0.00698726156607407,0.000309854900401807,2.77698439855216,2.76665840856137,2.80175741578938,5,5,5
"1904",0.0345386498870556,0.426191669673263,0.0345220934460302,0.426180238042829,0.00697991745811493,0.000309564475106716,2.77697247252477,2.76668524607018,2.80174917466675,5,5,5
"1905",0.0345407268716237,0.426178718149526,0.0345612227385261,0.42618200891975,0.00697258318008536,0.000309266633280847,2.77697061549154,2.76662609177374,2.8017968913492,5,5,5
"1906",0.0345369148637082,0.426186744523493,0.0345828348746429,0.42618169796681,0.00696526061228541,0.000308974534768469,2.77700696413913,2.76669930430481,2.80175401187667,5,5,5
"1907",0.0345311243005131,0.42618594460204,0.0345054769096112,0.426181945854169,0.00695794828445978,0.000308682248570002,2.77700492407373,2.76668452301426,2.80179188487715,5,5,5
"1908",0.0345306354294942,0.42619676116311,0.0345175197873295,0.426181186261233,0.0069506479117805,0.000308396806250888,2.77698924391198,2.76670203692614,2.80178660812241,5,5,5
"1909",0.0345287873978815,0.426178446609153,0.034555999962825,0.426181141184211,0.00694335803374334,0.0003081015472014,2.77699115223297,2.76666623910852,2.80178826546844,5,5,5
"1910",0.034529392697897,0.426193589758086,0.034558239753083,0.4261803807565,0.00693607931217301,0.000307814882470114,2.77704449877003,2.76675088858132,2.80179469313662,5,5,5
"1911",0.03452101881786,0.426184237086695,0.034541845464208,0.426180648761458,0.00692881042691941,0.000307522444657093,2.7770043729785,2.7666979888594,2.80181889946433,5,5,5
"1912",0.0345230663658654,0.426196363039488,0.0345046104694522,0.426180684121983,0.00692155369937745,0.000307237371229063,2.77704178900668,2.766769107914,2.80181820149159,5,5,5
"1913",0.0345197529237146,0.426184763701216,0.0344721113465235,0.426181365339031,0.00691430711685966,0.000306946903725736,2.77702366809516,2.76671149390385,2.80181133079843,5,5,5
"1914",0.0345220746024275,0.42618985930391,0.0345259487601543,0.426181431717087,0.00690707115588943,0.000306658972549889,2.77705220659019,2.76678182980024,2.8018379773003,5,5,5
"1915",0.034517738178649,0.426179107201954,0.0345169696278759,0.426181389447366,0.00689984579367268,0.000306364934743952,2.77704960746838,2.76676394519765,2.80185226658475,5,5,5
"1916",0.0345115394797972,0.426196835036648,0.0345285364398201,0.42618085495164,0.0068926319793832,0.000306082099626737,2.777056349906,2.76680332948399,2.80182916842839,5,5,5
"1917",0.0345080049262285,0.426179903925254,0.0345230690075985,0.426180895983505,0.00688542827050643,0.000305791104811326,2.77701878903481,2.76672570328188,2.8018483745514,5,5,5
"1918",0.0345181130362841,0.42618937251803,0.0345269693989518,0.426180989945849,0.00687823595042286,0.000305503939027063,2.77709377587907,2.76684360483184,2.80185210753878,5,5,5
"1919",0.0345047962446397,0.426183882745712,0.0345054371284019,0.426180645080323,0.006871053921126,0.000305215080977084,2.77707623041279,2.76678757982459,2.80184739804205,5,5,5
"1920",0.0345037390417176,0.426194088616454,0.0345257971939785,0.42618055952074,0.00686388332385176,0.000304934348232533,2.77705979526945,2.7668119217004,2.80184140504728,5,5,5
"1921",0.0345019035342752,0.426181641308541,0.0344900542793389,0.426182117811908,0.00685672306889611,0.000304646382128682,2.77704601300287,2.76676254487049,2.8018278447124,5,5,5
"1922",0.0345011574758283,0.426195847666172,0.0345546159630412,0.426181320303067,0.00684957379741504,0.000304365231991954,2.77710640471877,2.76686006570453,2.8018272360164,5,5,5
"1923",0.0344999291360376,0.426184459139858,0.0344912222365368,0.42618093094026,0.00684243524583851,0.000304079087901199,2.77708184536682,2.76680136478268,2.80187237769963,5,5,5
"1924",0.0344970498973631,0.426189244124123,0.0345279635697118,0.426180139930966,0.00683530785836488,0.00030379546886361,2.77710998375985,2.76685417510559,2.80182358489354,5,5,5
"1925",0.0344928414331495,0.426183842882117,0.034498979172118,0.426180656776763,0.00682819153961249,0.000303511183751604,2.77705767030364,2.76678857463114,2.80181383950171,5,5,5
"1926",0.034497934896067,0.426194084018351,0.03451216234393,0.426180921923048,0.00682108541597547,0.000303229763935209,2.77713534800107,2.76689570918717,2.80185076393317,5,5,5
"1927",0.0345011294615663,0.426177053656562,0.0344845703623791,0.426181689209901,0.00681398941725911,0.000302940460446044,2.77715291266973,2.76684865830635,2.80187363894003,5,5,5
"1928",0.0344911685368637,0.426194939558785,0.0344910518924553,0.426181007698551,0.00680690529534335,0.000302661684916161,2.77711263002313,2.76686556806928,2.80180208343159,5,5,5
"1929",0.0344981709090528,0.426181506913139,0.0345018936638056,0.426183000885902,0.00679983230993835,0.000302376731510068,2.77711725648893,2.76684764294892,2.80184712622512,5,5,5
"1930",0.0345012182697832,0.426197856658222,0.0345037341301434,0.426180733505473,0.00679276897924883,0.000302098320738908,2.77716386732886,2.76690951307119,2.80185459568175,5,5,5
"1931",0.0345025139901197,0.426171816234633,0.0345013710063067,0.42618138804309,0.00678571662850628,0.000301807542538113,2.77716840276779,2.76688919159339,2.80186487287415,5,5,5
"1932",0.0345069818269499,0.426199100503247,0.0344917924573768,0.426181127328987,0.00677867638810911,0.000301533317232872,2.77714232630255,2.76690391329431,2.8018491510976,5,5,5
"1933",0.0345100245666002,0.426179981503442,0.0345180611609881,0.426181922098905,0.00677164623843747,0.000301247304499486,2.77716722860514,2.76689704358478,2.80190534463456,5,5,5
"1934",0.0345151135589179,0.426193256941293,0.0345128919113937,0.426181118062758,0.00676462704207822,0.000300968845835636,2.77715883759451,2.7669306287546,2.80188335394837,5,5,5
"1935",0.0345197401207467,0.426179209235568,0.0344824875665989,0.426181490862824,0.00675761875088156,0.000300683621220044,2.77716398577407,2.76691253207538,2.80192157718928,5,5,5
"1936",0.0345239374465442,0.42619610093133,0.0345077097683887,0.426180946406475,0.00675062184849089,0.000300407439812356,2.77718218711635,2.76696618469843,2.80191206118803,5,5,5
"1937",0.0345204314723856,0.426176506910613,0.0345027272583583,0.426181417961285,0.00674363554028135,0.000300121065176684,2.77716874829506,2.76693433600553,2.80194264125849,5,5,5
"1938",0.0345317142743554,0.426197966278884,0.0345324419265328,0.426180607537573,0.00673666022031146,0.000299846394225367,2.77717437432848,2.76698555199862,2.80195289522109,5,5,5
"1939",0.0345295847244847,0.426180495629301,0.0344939582618554,0.426181352110302,0.00672969464354983,0.000299562071707504,2.77721107019878,2.76699006529614,2.80198314003738,5,5,5
"1940",0.0345306490705464,0.426186233245387,0.034511272957603,0.426180865399622,0.00672274149861624,0.000299283706796438,2.777170715387,2.76700974739553,2.80193467724728,5,5,5
"1941",0.0345410412073563,0.426186115927362,0.0344747932481489,0.426181197867373,0.00671579842156489,0.00029900415481865,2.77720889941199,2.76700164131048,2.80203721102355,5,5,5
"1942",0.034539024318392,0.426192566798462,0.0345115110812238,0.426180346124754,0.0067088656081481,0.000298726294433782,2.77723539484221,2.76708176918881,2.80203115819327,5,5,5
"1943",0.0345385898205369,0.426178433344158,0.0345292973742379,0.426180406569983,0.00670194363765624,0.000298442856701331,2.77720838375595,2.76702434529241,2.80203079415642,5,5,5
"1944",0.0345489600129228,0.426198273502988,0.034507757169249,0.42618015446876,0.00669503332857679,0.000298171738674247,2.77721478599849,2.7670707658839,2.8020352675644,5,5,5
"1945",0.0345430168039346,0.426180889561356,0.0344871762219546,0.42618115061446,0.00668813263800569,0.000297889462682166,2.77723950008253,2.76706975836686,2.80210634250707,5,5,5
"1946",0.0345472095410058,0.426190285840155,0.0345010819759709,0.426180645565868,0.00668124297619121,0.000297612927214641,2.77724309457071,2.76713492448011,2.80207248922287,5,5,5
"1947",0.0345491496650816,0.426185115258181,0.0344819279806222,0.426181230639769,0.00667436340563964,0.000297335277088473,2.77722141664585,2.7670663340952,2.80210902139748,5,5,5
"1948",0.0345501015613581,0.426190857539903,0.0344926266720943,0.426180228620747,0.00666749546582806,0.000297061955562783,2.77723378684189,2.76712832681287,2.80210585988916,5,5,5
"1949",0.0345541837858648,0.426186436538239,0.0345072351032596,0.426180329096585,0.00666063741728079,0.000296785156194246,2.77723323482352,2.76710523646141,2.80214720128441,5,5,5
"1950",0.0345525777442354,0.426193734942695,0.0344964112627064,0.42617998835199,0.00665379027933031,0.000296512816505112,2.77721526266329,2.76714508492359,2.802132212778,5,5,5
"1951",0.0345513920020182,0.426182529904187,0.0344720234855174,0.426182771479768,0.00664695221831964,0.000296233319418027,2.77724246956979,2.76712365674795,2.80218695545539,5,5,5
"1952",0.0345563666695794,0.426186800762009,0.0344889990236539,0.426181276933903,0.00664012688358566,0.000295959925980749,2.77719553015867,2.76712568273096,2.80213208300724,5,5,5
"1953",0.0345524246112037,0.426187253444351,0.034457568396806,0.426181599664527,0.00663331024417768,0.000295685348828345,2.7772086828083,2.76712210752648,2.80219034023935,5,5,5
"1954",0.0345530442844355,0.42618654207375,0.034546440035102,0.42618061693953,0.00662650409508202,0.000295410041899868,2.77720327369942,2.76714650144471,2.80216310222766,5,5,5
"1955",0.0345563753157566,0.426187444056164,0.0344314543317131,0.426181774790951,0.00661970812428951,0.000295135149407266,2.77719921694516,2.76712535499019,2.80220540650975,5,5,5
"1956",0.0345569067869609,0.426188928971401,0.0345103453561509,0.426180518875189,0.00661292355178895,0.000294864480277324,2.7771831356319,2.7671310087337,2.80216937587035,5,5,5
"1957",0.0345539755365296,0.426186347601615,0.0344921229100615,0.426180098697009,0.00660614792417056,0.000294589007245383,2.77720573004664,2.7671239191066,2.80222372887797,5,5,5
"1958",0.0345550004002764,0.426189886501144,0.034499625738594,0.426180692085512,0.00659938370311717,0.00029431702830246,2.77717113711502,2.76714905220132,2.80217509549995,5,5,5
"1959",0.0345585346867434,0.426187104412871,0.0344805534027584,0.426181360909227,0.00659262852097809,0.000294044295199858,2.77717534538484,2.76709721809687,2.80223651876548,5,5,5
"1960",0.0345583945240987,0.426185521817448,0.034538558547107,0.426181158188728,0.00658588486649715,0.000293771412425092,2.77718028762878,2.76714385394938,2.80220590159869,5,5,5
"1961",0.0345580369150254,0.426185238645319,0.0345249374787244,0.426182895206275,0.00657915065636607,0.000293497394535658,2.77718419597513,2.76712592220471,2.80224742970666,5,5,5
"1962",0.0345622154387872,0.426189400087786,0.0345459658737136,0.426180805051761,0.00657242670796585,0.000293227875305058,2.77717240447774,2.76712781113546,2.80223283933235,5,5,5
"1963",0.0345627964528693,0.426184915816062,0.0345251112007279,0.426181703241633,0.00656571212451338,0.000292954197412487,2.77719893500223,2.76711820300662,2.80228522281007,5,5,5
"1964",0.0345624742053946,0.426187454824463,0.0345360222469607,0.426181336545077,0.00655900945359992,0.000292683730345689,2.77718713387225,2.7671517324435,2.80224242684564,5,5,5
"1965",0.0345659193909756,0.426183686282447,0.0345497760991075,0.426180688394944,0.00655231541880703,0.00029241091636617,2.77719979593862,2.76712064243152,2.80230322400902,5,5,5
"1966",0.0345667767750592,0.426185101347704,0.0345209831721989,0.426180299366907,0.00654563174771961,0.000292138992713964,2.77721370117235,2.7671553198032,2.8022809209307,5,5,5
"1967",0.0345629359665376,0.426188306312504,0.0345457988462968,0.42618032334147,0.00653895816496292,0.000291869051207372,2.77721331988954,2.76714572079565,2.80231642611707,5,5,5
"1968",0.0345680077511365,0.426195689171009,0.034581874354957,0.426180590701556,0.00653229517929079,0.00029160381806731,2.77718927084951,2.76713767224105,2.80227049102993,5,5,5
"1969",0.0345654099257041,0.426184928896829,0.0345346605029586,0.426182270308866,0.00652564143389242,0.000291331379303927,2.77724153119192,2.76715919919137,2.8023485032207,5,5,5
"1970",0.0345666816563494,0.426186603653282,0.0345585464513916,0.426181376712885,0.00651899873068563,0.00029106329617401,2.77721524134253,2.7671820755407,2.80229741833732,5,5,5
"1971",0.0345701256510502,0.426187107730445,0.0345814389943458,0.426181879082536,0.00651236512908971,0.000290795457880355,2.77723143245531,2.76713469230073,2.80233541219065,5,5,5
"1972",0.034572174894302,0.426185593512302,0.0345641861474953,0.426180965898576,0.00650574241323639,0.000290526629267984,2.77725352304119,2.76719232015731,2.80231685748665,5,5,5
"1973",0.034565760035643,0.426187223536239,0.0345389457600086,0.426181438828279,0.00649912929059265,0.000290257980818998,2.77723105167164,2.76714444570311,2.80233185001453,5,5,5
"1974",0.0345681235621485,0.426197276820321,0.0345539426743512,0.426180980440177,0.00649252712246557,0.000289996591009478,2.77719502327668,2.76714329528715,2.80227935399682,5,5,5
"1975",0.0345656902644174,0.426181174005637,0.0345644765554457,0.426181494331394,0.00648593436598882,0.000289725205482649,2.77725477383565,2.76715477346706,2.80231943678975,5,5,5
"1976",0.0345663754916945,0.426187811082435,0.0346272412264519,0.426181100214801,0.00647935194403734,0.000289457748202493,2.7772344373685,2.76715976264706,2.80227285967674,5,5,5
"1977",0.0345679236465734,0.426189304452134,0.0345061548645955,0.426180948813711,0.00647277920199688,0.000289194429827111,2.77721587155404,2.76712308912899,2.8023096968159,5,5,5
"1978",0.0345683624790956,0.426180437115888,0.0345402059367942,0.42617940184878,0.00646621756735469,0.000288927591641064,2.77721111393725,2.76715352181477,2.80226271399812,5,5,5
"1979",0.0345645478921018,0.426183443418094,0.0345450388346127,0.426179891041679,0.00645966466511519,0.000288661950495372,2.77719873229733,2.76707853561448,2.80227628777409,5,5,5
"1980",0.0345685560059251,0.426200616945999,0.0345423526365753,0.426179983036226,0.00645312301491734,0.000288405215469245,2.7772014659134,2.76712139719493,2.80221853546289,5,5,5
"1981",0.0345655670338645,0.426178041473192,0.0345857797394605,0.42618240463771,0.00644659015368347,0.000288138476701005,2.77718595947407,2.76706929786927,2.80225633259987,5,5,5
"1982",0.0345630819975229,0.42618897091926,0.0345753467646878,0.426181648505047,0.00644006765360074,0.000287878448188006,2.77714440913054,2.76704179102847,2.80221178191429,5,5,5
"1983",0.0345642855092247,0.426189596212326,0.0345371138917026,0.426183470487818,0.00643355522403242,0.000287617929824902,2.77716612765989,2.76703542489601,2.80223173943306,5,5,5
"1984",0.034560231766958,0.426191227194394,0.0345415038627381,0.426181538754172,0.00642705308780407,0.000287359960741751,2.77713664380427,2.76704007475534,2.80219005368232,5,5,5
"1985",0.0345639381104494,0.426179169576363,0.0345763648027324,0.426181027769837,0.00642056007528794,0.000287093992077603,2.77710582659993,2.76696389286481,2.8022140160046,5,5,5
"1986",0.0345580227688668,0.426188891727224,0.0345550563207811,0.426180935908211,0.00641407721528316,0.000286835947122144,2.77712743258683,2.76701347746151,2.80219913620139,5,5,5
"1987",0.0345589499709595,0.426186091645679,0.0345489098299405,0.426180462530224,0.00640760405947287,0.000286575472352502,2.77711205165054,2.76695464486662,2.80219405832959,5,5,5
"1988",0.034559619919845,0.426193780440507,0.0345486625482118,0.426180084776303,0.0064011405797171,0.000286320324515255,2.77708851209523,2.766958542356,2.80217072308517,5,5,5
"1989",0.0345607285245951,0.42618159543073,0.0345319561190019,0.426180841938817,0.00639468646458583,0.000286059965994345,2.77714342142606,2.76696934661152,2.80222680371086,5,5,5
"1990",0.0345545975064798,0.426186789416365,0.0345610892992436,0.426180382507661,0.00638824252587247,0.00028580570392589,2.7770878467161,2.76694238871774,2.80216033405388,5,5,5
"1991",0.03456001216216,0.4261890232102,0.0346003605251459,0.426181430797801,0.00638180701463958,0.000285550439594773,2.77710470766524,2.76692599857526,2.8021985132923,5,5,5
"1992",0.034556119313063,0.426188839685144,0.0345686368851192,0.426180321585082,0.00637538218967358,0.000285297773283733,2.77716055289612,2.76698847229043,2.80220453933294,5,5,5
"1993",0.0345668916039518,0.426180733052699,0.0345485523840664,0.426180885129075,0.00636896623114739,0.000285039803926745,2.77714445045795,2.76694409300044,2.80222311560289,5,5,5
"1994",0.0345574413564078,0.426190773882449,0.0345964930653544,0.426181527834285,0.00636256012951869,0.00028478931070397,2.77712526146554,2.76696459050253,2.80218857410372,5,5,5
"1995",0.0345537635805852,0.426181002445082,0.0345365738575313,0.426180798129638,0.00635616314870883,0.000284532418412753,2.777192725056,2.76696411664402,2.80223628940977,5,5,5
"1996",0.0345567524030185,0.426197950709896,0.0345723860185528,0.426180769526066,0.00634977595860658,0.00028428435864869,2.77719887586756,2.76700819618731,2.80221392156697,5,5,5
"1997",0.0345567245842112,0.426179951255944,0.0345474909553535,0.426180858903784,0.00634339742429769,0.000284027320837432,2.77721754106927,2.76701505332616,2.80227264006711,5,5,5
"1998",0.0345480768492993,0.426184594503887,0.0345677202490328,0.426181443265099,0.00633702958797695,0.000283775658892926,2.77720839905923,2.76700618962219,2.80223486684268,5,5,5
"1999",0.0345586693407748,0.426188870018529,0.0344977120636877,0.426182112174587,0.00633067007061783,0.000283522336930075,2.77726612565634,2.76701792266087,2.80228271470987,5,5,5
"2000",0.0345477408642587,0.426189701218234,0.0345741259718107,0.426181055022986,0.00632432073172093,0.000283272049398098,2.77728946750173,2.76709078740926,2.80228579306554,5,5,5
