"","error","Q_loss","error_all","Q_loss_all","error_to_tall","Q_loss_to_tall","mat1_nuclear_norm","mat2_nuclear_norm","mat3_nuclear_norm","mat1_rank_num","mat2_rank_num","mat3_rank_num"
"1",2.8785056667885,0.957886563192526,2.87806180109119,0.9634885862807,0.945539304399378,0.3355812935005,0.112379322830261,0.112203940215378,0.112353244461051,5,5,5
"2",2.76176929814026,0.926680282842932,2.76114539365925,0.933615611419455,0.911715458107446,0.31995518790113,0.189897201202238,0.189617751249506,0.189925676780317,5,5,5
"3",2.66417464866671,0.902244267652664,2.66511866085401,0.908304667226874,0.881759336496873,0.306557364057756,0.249260990522483,0.24892283716435,0.24934428875883,5,5,5
"4",2.55631523251026,0.875109138930692,2.55738936285442,0.879006501803844,0.851364235354156,0.293015421806475,0.318591114703028,0.318052383407141,0.318567037080003,5,5,5
"5",2.45220814461266,0.848306470938429,2.45322270181534,0.849751005431989,0.821353511436951,0.279456782052643,0.390720172330639,0.389969660335644,0.390423959657991,5,5,5
"6",2.35215968697987,0.821708952075769,2.35302086743711,0.821315415494539,0.792043726039837,0.265847048493697,0.463341041326853,0.462592315320951,0.463078612689925,5,5,5
"7",2.25784616549226,0.796798295691104,2.25854516656457,0.795558215529365,0.763715999337737,0.252260116632689,0.53263198476187,0.53201425773448,0.532616894978174,5,5,5
"8",2.17085936167003,0.775257453805181,2.17151541056433,0.773980025940114,0.736625034279101,0.238892522641463,0.595731344552637,0.595305961118331,0.59605932731749,5,5,5
"9",2.09192756342911,0.757504219742637,2.09259382470583,0.756573608122295,0.710947745727046,0.225980549761156,0.651323381945642,0.651199140444146,0.652268598059345,5,5,5
"10",2.02050418661226,0.743039872811647,2.02114812852692,0.742486331051686,0.686740989197464,0.213705900275057,0.699964844800145,0.700227696335361,0.701631389286064,4.95,5,5
"11",1.95536616513962,0.731139428775079,1.95593074367159,0.73084830115749,0.663960074229379,0.202165844751948,0.743002414898897,0.743623739669553,0.745314790917724,4.4,4.95,5
"12",1.89527388376523,0.721141431648989,1.89577478990601,0.721043526163873,0.642506043344068,0.191409044810816,0.781975372768275,0.782943459428627,0.784603916406659,4.1,4.85,5
"13",1.83990206648704,0.712789576480605,1.84027065777748,0.712776330506695,0.622289145008628,0.181448807016149,0.818062874621618,0.81894369597662,0.820256461105284,4,4.45,4.9
"14",1.7886586253416,0.705703612932907,1.78895049415811,0.705709961064046,0.603216314331452,0.17225658103299,0.851453838604933,0.851985436005294,0.852687505500693,4.45,4.35,4.75
"15",1.74054572085651,0.699429329981961,1.74089686309673,0.69947678322256,0.585178135330297,0.163750428581927,0.882840386344053,0.883018184348441,0.882906291754133,4.9,4.65,4.6
"16",1.69549388461706,0.69390008996111,1.69578110088948,0.693944376850795,0.568088484110971,0.155898050928055,0.911624381779657,0.911665870306059,0.910863558088788,5,4.75,4.5
"17",1.65338111047596,0.688980592274001,1.65365346602845,0.689023769066591,0.55187661158336,0.148647413497996,0.937918627207122,0.937862106581542,0.936649203826842,5,4.95,4.6
"18",1.6135211630425,0.684459031201071,1.61380226551507,0.684520009782992,0.536464793588374,0.141949983481319,0.962079272724692,0.961891037843786,0.960499075380327,5,5,4.65
"19",1.57597309898674,0.680372189749181,1.5762079230611,0.680442872572953,0.521792783807947,0.135752627698958,0.984260722158563,0.984036227406763,0.982621322657592,5,5,4.65
"20",1.54082109275268,0.676681626122515,1.54092706051866,0.676764629842494,0.507814918862623,0.130005789204456,1.0044430045648,1.00404205480449,1.0029996946266,5,5,4.6
"21",1.50751787436384,0.673323879265592,1.50759490411441,0.67339576367733,0.494478592471353,0.124674279701734,1.02317995438169,1.02258233598364,1.0220298925029,4.95,4.95,4.3
"22",1.47605391536377,0.670271873404265,1.47612459189762,0.670311614822222,0.481739827422086,0.11971022735077,1.04027551619802,1.03958464084937,1.03964431776737,4.5,4.75,4.1
"23",1.44624777834695,0.667493433579189,1.44632120162183,0.667486969500411,0.469557761626055,0.115076194505931,1.05620011829958,1.05542146209291,1.05606973303878,4.05,4.5,4.05
"24",1.41783740295504,0.664914723623206,1.41798323105382,0.664893764587231,0.457892582933149,0.110722713734285,1.07127806454026,1.07046279725407,1.07166087850712,4,4.05,4.05
"25",1.39095009869927,0.662580455634355,1.39105489380015,0.662543363927791,0.44671365622931,0.106639883986911,1.08580839082287,1.08491890507797,1.08660060679684,4,4.1,4.05
"26",1.3651523894386,0.660430844445304,1.36526544708959,0.660382506862123,0.435985816703122,0.10280363133689,1.09990983775711,1.09907560969524,1.10095548158832,3.95,3.75,4.1
"27",1.34063505648031,0.658452003704913,1.34080075564147,0.65840955630092,0.425683649658217,0.0992013709473774,1.11336491299399,1.11246098161238,1.11447814417439,3.95,3.8,4.25
"28",1.3171823832065,0.656606286815998,1.31738659810461,0.656571989112027,0.415781145349047,0.0958090562830062,1.1263280468086,1.12537906209144,1.12738312889867,3.9,3.9,4.25
"29",1.29476833614928,0.654891235094905,1.29494045352695,0.654852598275751,0.406254672814799,0.0926133980977742,1.13848663321697,1.1375537891653,1.13949635981506,3.9,4,4.1
"30",1.27323192534121,0.653264856039038,1.2734107176685,0.65323288013781,0.397080586875213,0.0895933543752426,1.14981648301027,1.14895993264676,1.15076413116006,3.95,4,4
"31",1.25256975989873,0.651733490007499,1.25278486225976,0.651708864364267,0.388238883794968,0.0867389976635216,1.1605757121829,1.15973788293399,1.16142295468313,3.85,4,4
"32",1.2327533372547,0.650285728665912,1.23295248587244,0.650266593327403,0.379710799330547,0.0840289253566114,1.17061711544696,1.16993059022039,1.17152644132217,3.4,4,4
"33",1.21360091170806,0.64892233819625,1.21382601186557,0.648886936920764,0.371477300503563,0.0814492723535062,1.18017702613054,1.17967391602121,1.18117385452101,3.1,3.95,4
"34",1.1950315333483,0.647593218480455,1.1952813631307,0.647577713594441,0.363520494037793,0.0789949640591873,1.18941351187943,1.1890876651058,1.19048805468707,3.05,3.45,3.95
"35",1.17727918256802,0.646383218779263,1.17758785006371,0.646375712072872,0.355828097713833,0.0766567022704805,1.19824926654137,1.19815054834209,1.19942940987845,3,3.2,3.7
"36",1.16024065552915,0.645267636584399,1.16054042507347,0.645245280101685,0.348387758612682,0.0744286909802282,1.20670161873296,1.20681384877979,1.20807700177847,3,3.15,3.7
"37",1.14372421075408,0.644204311296365,1.14404702096592,0.644177445207073,0.341185694737353,0.0723028877029196,1.21486118698088,1.21520151150732,1.21649379110534,3,3.05,3.55
"38",1.12775699427709,0.643220213318215,1.12807497697595,0.643175599584617,0.33420996132657,0.0702735915789587,1.22293498685589,1.22331500749139,1.22465105733401,3,3.05,3.4
"39",1.11240117441633,0.642292127366393,1.11268798826059,0.642240928096212,0.327450851689004,0.0683351787790534,1.23081890929924,1.23117035515224,1.23254344891945,3,3,3.3
"40",1.09759150539083,0.641405298463292,1.09786611042424,0.641357707613425,0.320898510979172,0.0664765871392272,1.23847563489493,1.23876913585339,1.2401565897144,3,3.05,3.05
"41",1.08329357292791,0.64057891361452,1.08361586199378,0.640526138301314,0.314543862681433,0.0646973823081947,1.24594355702303,1.2460354883586,1.24746556778581,3,3,3.1
"42",1.06957314117818,0.639800281140344,1.06992677852149,0.639740233062125,0.308379025585174,0.0629914991408169,1.25303506422331,1.25292538175402,1.25446513512559,3,3,3.1
"43",1.05632119303775,0.639034189557201,1.05672029745225,0.638985631024757,0.302395985556297,0.0613589067044578,1.2598303299912,1.25949107250414,1.26109487023741,3,3,3
"44",1.04348286542175,0.638298949769199,1.04391310355298,0.638267377259722,0.296586403658509,0.059793196341161,1.26630980967098,1.26583284351051,1.26753855992313,3,3,3
"45",1.03111447070187,0.637591892490943,1.03164190169638,0.637587378417467,0.290943393990771,0.0582903785646506,1.27240333750565,1.27179623479239,1.27363328773878,3,3,3
"46",1.01919908416773,0.636941735843432,1.01977788370963,0.636941117384126,0.285460822456228,0.0568462311519555,1.27833333054603,1.27763972198412,1.27959886548563,3,3,3
"47",1.00771536781904,0.636335682526377,1.00836716229471,0.636333490661388,0.280132409682317,0.0554597603849103,1.28391939259222,1.28319742542707,1.2851238007224,3,3,3
"48",0.996552448778122,0.635764807439732,0.997326728774377,0.635755413691781,0.274951558845987,0.0541265859242482,1.2893345073698,1.28870500243266,1.29053162789135,3,3,3
"49",0.985738118892492,0.635198857980101,0.986615794180185,0.635199993419611,0.269912105898888,0.0528413889223708,1.29449026368356,1.29401070096069,1.29575385253528,3,3,3
"50",0.975274228551413,0.634684451487813,0.976165239922131,0.63465932634513,0.265008500377939,0.051603251987875,1.29952120405644,1.29908485328804,1.30073620615142,3,3,3
"51",0.965109140151327,0.634160747684476,0.966088205273911,0.634148129613273,0.260235294355185,0.0504104954304435,1.30435375120216,1.30406007070573,1.30547067189044,3,3,3
"52",0.955289590818426,0.633680967532365,0.956326860805349,0.633667110990596,0.255588045125998,0.0492588274881135,1.30904954208124,1.30880921301416,1.31006820331329,3,3,3
"53",0.945863994887902,0.6332361838496,0.9468894782518,0.633218364959282,0.251062832730623,0.0481470239657189,1.3135578969174,1.31336553571129,1.31446027484209,3,3,3
"54",0.936635410843194,0.632794220618298,0.937774803467214,0.632790239396027,0.246654650434778,0.0470703980179495,1.31793848083441,1.31779418497313,1.31873641373375,3,3,3
"55",0.927721050825494,0.632376811539584,0.928899920584069,0.632381285078869,0.242359534191234,0.046029650709514,1.32216382878159,1.32199265770695,1.32288464311309,3,3,3
"56",0.919062096172374,0.631981734571413,0.920267624670588,0.631992543043725,0.238173448368009,0.045024025493516,1.32628207442147,1.32615589025222,1.32698335171619,3,3,3
"57",0.910681056606236,0.631614876947781,0.911898821786362,0.631627580670184,0.234092617465763,0.0440530812828605,1.33028788057073,1.33010009894194,1.33107698311974,3,3,3
"58",0.902508236431335,0.631256739627175,0.903770110718104,0.631281376342387,0.230113101379229,0.0431147040235118,1.3341963088883,1.33389974126218,1.33506008478711,3,3,3
"59",0.894543988626789,0.63092738248092,0.895915232238338,0.630949515186351,0.226231321452663,0.0422050960708246,1.33805262929347,1.33761508646084,1.33909355808498,3,3,3
"60",0.886876129580895,0.630604653841685,0.88827006940829,0.63063352592549,0.222444458344855,0.0413264345152861,1.34172963428487,1.34116287552427,1.34292690075636,3,3,3
"61",0.879342602942749,0.630287388416174,0.880810874194456,0.63032795780275,0.218748827425144,0.0404739558493519,1.34536677298336,1.34469503056141,1.34670237036196,3,3,3
"62",0.872142306316241,0.630009584300849,0.873552034396755,0.630034743837152,0.215142093447259,0.0396487753727253,1.34878595597717,1.34806800471892,1.35025884295756,3,3,3
"63",0.865079561623642,0.629739280530356,0.866558238752893,0.629756927459167,0.211621145416697,0.0388505431971463,1.35225947607737,1.35148370898443,1.353763261116,3,3,3
"64",0.858270659640624,0.629464931311535,0.85976887304527,0.62949077173188,0.208183600259014,0.0380762223475205,1.35557578142903,1.35468579654618,1.35708082493495,3,3,3
"65",0.851625271201207,0.629210052914227,0.853197838448698,0.629233265805981,0.204826423847942,0.0373240998807753,1.35877406694705,1.35783318704088,1.36027772483572,3,3,3
"66",0.845211356978625,0.628962352205131,0.846808255248652,0.628986081368562,0.201547457370271,0.0365963236646575,1.36183783800476,1.36093995849065,1.36338245724168,3,3,3
"67",0.838983223074506,0.628724517646433,0.840620640422804,0.628748721190597,0.198344323668334,0.0358899295562217,1.36482148726426,1.36388927185184,1.36633062340383,3,3,3
"68",0.832902699200692,0.628498043364557,0.834588551042209,0.628516682571755,0.195214510784017,0.0352041901807453,1.3677662837125,1.36685762572631,1.36922575315956,3,3,3
"69",0.827011022254613,0.62828052273149,0.828705615480124,0.628291461638013,0.192155904759684,0.0345353348890619,1.37059105459317,1.36971255210116,1.37208568105698,3,3,3
"70",0.821198799932751,0.628056562072126,0.822952555289873,0.628074092336958,0.189165845763655,0.03388371922478,1.3733302980863,1.3724652110882,1.37481617172556,3,3,3
"71",0.81562415255021,0.627859993891972,0.817343905091644,0.627869340722446,0.186242702190171,0.0332493784963329,1.37603847996548,1.37518679713776,1.37755612671844,3,3,3
"72",0.810052250170614,0.627651907512056,0.811833662289604,0.627672796187836,0.183383647531887,0.0326327663862603,1.37870142060951,1.37788563722824,1.38026251900775,3,3,3
"73",0.804694983844322,0.627458364475839,0.806445324328309,0.6274861139421,0.180587231437392,0.0320330984565437,1.38136463428223,1.38058013344623,1.38296789535789,3,3,3
"74",0.799424472781187,0.627279126702856,0.801179653466256,0.627304651987025,0.177851407743772,0.031449113578406,1.3839655927678,1.38324347109844,1.38565167830204,3,3,3
"75",0.794252097072018,0.627094295746365,0.796009985091937,0.627127776006036,0.175174159194157,0.0308793607522159,1.38643816663936,1.38578595843013,1.3881685227319,3,3,3
"76",0.789219195524895,0.626913660807215,0.791010766873553,0.626957999343466,0.17255400394555,0.0303233580005589,1.38894760212383,1.38838032362245,1.39074135431879,3,3,3
"77",0.784289930181622,0.626762392887485,0.786097129032971,0.626796328377926,0.169989126649739,0.0297820080169627,1.3913520526,1.39079826681516,1.39319282019999,3,3,3
"78",0.77944447406315,0.626602620775989,0.781313521533632,0.626644412959128,0.167477903107396,0.0292545839753208,1.39377104600115,1.39328632080469,1.3956987694326,3,3,3
"79",0.774739642435295,0.62645977557946,0.776641718024779,0.626499781997358,0.165018981304864,0.0287406860945921,1.39615629866996,1.39564917691983,1.39816468725384,3,3,3
"80",0.770144384743638,0.626314743620618,0.772069102139552,0.626362568752097,0.162610773076254,0.0282392872913754,1.39847739066879,1.39792753218263,1.40054691710197,3,3,3
"81",0.76562778653793,0.626191974693651,0.767596855935078,0.626233084487578,0.160251873492511,0.0277497349890494,1.40080333258463,1.40021595404234,1.40295348332737,3,3,3
"82",0.761262974162702,0.626066156717497,0.763224879623472,0.62610858662315,0.157941160838705,0.0272718210512782,1.40312516390167,1.40246220467814,1.40525500861075,3,3,3
"83",0.756974806659872,0.625954132440277,0.758970362712655,0.625990233164908,0.155677213668032,0.0268049810769528,1.4054366194343,1.40470177926403,1.40758091488744,3,3,3
"84",0.752777336682427,0.625844418246742,0.754820481693268,0.625880062053722,0.153458780651054,0.0263486510467635,1.40769461749493,1.40693833945544,1.40979817437285,3,3,3
"85",0.748720809201511,0.625737177879578,0.750775749614516,0.62577459723752,0.151284843810747,0.025902243970607,1.40987216675899,1.40903527281423,1.41198043535287,3,3,3
"86",0.744775673911981,0.625651100496937,0.746861038261203,0.625672774569066,0.149154344899087,0.0254656992899969,1.41201143110864,1.41119435963317,1.41414706854554,3,3,3
"87",0.740886464110796,0.625540753159283,0.743029826073029,0.62557276984549,0.147065935319111,0.0250403354826797,1.41407733095263,1.41318661414037,1.41615933167173,3,3,3
"88",0.737144243206342,0.625443508174954,0.739295027881719,0.62547543287938,0.145018835260678,0.0246254260514459,1.41603034913293,1.41517158395294,1.41811433718628,3,3,3
"89",0.733457237361542,0.625358107338083,0.735672852183737,0.625379773317728,0.143011835825953,0.0242197789124788,1.41792557027641,1.41706380940789,1.42001087462081,3,3,3
"90",0.72987335771275,0.625258202904582,0.732119296820548,0.625285574077281,0.141043943480962,0.0238241665794692,1.41978394609251,1.41900434552559,1.4218793337711,3,3,3
"91",0.726396326030489,0.625168792906636,0.728667756932653,0.625192254749418,0.139114365862536,0.0234390156933331,1.42157186977411,1.42078564016508,1.42365799979041,3,3,3
"92",0.722994849582672,0.625072481214116,0.725315630354307,0.625101687889476,0.137222051847243,0.0230623376515816,1.4232286657441,1.42255677126072,1.4253770932755,3,3,3
"93",0.719683866880762,0.624993987038323,0.722038182085169,0.625013186718762,0.135366143939204,0.0226945049009614,1.42492133575161,1.42431527620035,1.42705116233771,3,3,3
"94",0.71640631984311,0.624887978889429,0.718819226294211,0.624927698486663,0.133545535147983,0.0223354234783266,1.42655175728844,1.42597626741409,1.42870556713493,3,3,3
"95",0.713203879932924,0.624810058132923,0.715642149731822,0.624845558567732,0.131759294526825,0.0219841359821377,1.4281079037946,1.42766699861374,1.4303303909482,3,3,3
"96",0.71004958436137,0.624726910303021,0.712524516280675,0.62476599247713,0.130006591080851,0.0216410579712959,1.42977736288239,1.42940256444191,1.43206164421875,3,3,3
"97",0.706958565733083,0.624649977507161,0.709463828821711,0.624689435506489,0.128286452773255,0.0213051406269712,1.43130231211091,1.43100120863618,1.43361744122939,3,3,3
"98",0.703944433779781,0.624575785416818,0.706424111838561,0.624615252435028,0.126598155302236,0.0209771201969396,1.43287388022165,1.43258128425105,1.43519137386302,3,3,3
"99",0.700999998806171,0.624512758890005,0.703486944918445,0.624545187192818,0.124940918985195,0.0206561785360271,1.43436131743859,1.43410866801761,1.43672848933538,3,3,3
"100",0.698110281740588,0.624441724377134,0.700607091603814,0.624477563534493,0.123313920121105,0.0203416737446144,1.43583987054261,1.43557401101788,1.43818975643272,3,3,3
"101",0.695287600529564,0.624379043021465,0.697802717481518,0.624415206309225,0.121716553599878,0.0200335663238532,1.43733893525978,1.43706971150785,1.43969491521228,3,3,3
"102",0.692518953510853,0.624324771550072,0.695053427977644,0.624357462521746,0.12014805614838,0.0197320647619365,1.43885971414427,1.43854598137924,1.44114674412199,3,3,3
"103",0.689844004807038,0.624275834757446,0.69241575942114,0.62430217724335,0.118607838879666,0.0194369736504766,1.4403051050964,1.43990801253806,1.44256303397101,3,3,3
"104",0.687226459933854,0.624227185944139,0.689825099369591,0.624247906452896,0.117095324590095,0.0191476870883402,1.44175154692077,1.44131091507706,1.44396268589717,3,3,3
"105",0.684692505716826,0.624165150754376,0.687285186794402,0.624194980081072,0.115609866818566,0.018864406353025,1.4430505868244,1.44253787614033,1.44524534062719,3,3,3
"106",0.682205802544561,0.624120531955619,0.684840531415192,0.624141892756755,0.114150851222232,0.0185865592661739,1.44436956385688,1.44382809990578,1.44653854773712,3,3,3
"107",0.67977542110073,0.624055846971458,0.682417246448315,0.624088011358072,0.112717633389746,0.0183144768453948,1.44558548417599,1.44501413736674,1.44770863995681,3,3,3
"108",0.677400933593728,0.624004704466662,0.680046744805347,0.624035458136793,0.11130965356127,0.0180485189667888,1.4467828980286,1.4462426559436,1.44892545782892,3,3,3
"109",0.675090846938042,0.623954279795306,0.677729832587141,0.623985062090488,0.109926465832357,0.017788418967366,1.44804181119083,1.44747678038237,1.45011961756142,3,3,3
"110",0.672802503996581,0.623899529619959,0.675455001898491,0.62393627074803,0.108567272651871,0.0175339642722018,1.44908069467791,1.44853066334022,1.45118905506771,3,3,3
"111",0.670568993429318,0.623855070662132,0.67323879088119,0.623888954413291,0.107231675129921,0.0172849084701616,1.45023207737767,1.44974171161472,1.4523726243097,3,3,3
"112",0.668367700777997,0.623807198165631,0.671063047870696,0.623845057122311,0.105918995021305,0.0170412958511421,1.4512518545467,1.45083457208688,1.45344023351173,3,3,3
"113",0.666231141437422,0.623771244768347,0.668920494509388,0.623802219691337,0.104628883074173,0.0168035611633236,1.45233263680149,1.45200683556196,1.4545819970913,3,3,3
"114",0.664161429428808,0.623732837366377,0.666812285965667,0.623758187827379,0.103360805784351,0.0165711613458458,1.45330750843054,1.45305841715291,1.45565755632843,3,3,3
"115",0.662077044231354,0.623685784299984,0.664766686645174,0.623715099344906,0.102114183196707,0.0163424734935267,1.45430029374831,1.45413258015174,1.45669001597714,3,3,3
"116",0.66005168396699,0.623644286222175,0.662756212852938,0.623671752343938,0.100888538395243,0.0161181779814435,1.45525185250345,1.45515369379402,1.45772357075457,3,3,3
"117",0.658068817817757,0.623609732304668,0.660763119662538,0.623629518034365,0.0996834314634921,0.0158982404251518,1.45620941275798,1.4561944950825,1.45876534309304,3,3,3
"118",0.656113312998026,0.623563751636271,0.658811833014885,0.623589277861962,0.0984983225839486,0.0156821026215919,1.45707161698441,1.45709522151252,1.45966438609975,3,3,3
"119",0.65421434742626,0.623519926054667,0.656893723124877,0.623551044379665,0.0973328645494306,0.0154702775077529,1.45798380151252,1.45808932249324,1.46065725471827,3,3,3
"120",0.652334584708198,0.623488528908173,0.655005925237168,0.623515433773563,0.0961865741484578,0.0152624446493309,1.45893440554974,1.45900525149498,1.46163837840775,3,3,3
"121",0.650492341813263,0.62344893806421,0.653168830985243,0.623481266631378,0.0950590616700847,0.0150587684947413,1.45983590963949,1.45996851415826,1.4625893314569,3,3,3
"122",0.648688753329137,0.623417742624046,0.651365866738755,0.62344991708219,0.0939498997360501,0.0148595095427647,1.46069658837491,1.46084268031682,1.46347485052274,3,3,3
"123",0.646889353456703,0.623388376760121,0.649584326171955,0.623419030500118,0.0928587092240745,0.0146635440122465,1.46168621133636,1.46182737754912,1.46450174498448,3,3,3
"124",0.645160869070522,0.623365831365646,0.647815627911078,0.623389074763241,0.0917850898285353,0.0144707656616213,1.46252286289656,1.46262415802999,1.46530637766665,3,3,3
"125",0.643410360570769,0.623333662806035,0.64607146264469,0.623360175127902,0.0907286450962968,0.014281916795098,1.46341214132314,1.46350251394084,1.46621932926687,3,3,3
"126",0.641737788355201,0.623311991737528,0.644362432655186,0.623331564673898,0.0896890328747145,0.014096865015845,1.46427724225959,1.4643479893579,1.46702520364449,3,3,3
"127",0.640025674084571,0.623282236052803,0.642690613845628,0.623303810554984,0.0886658404136397,0.0139155992810847,1.46520253327631,1.46527376054816,1.46795612801059,3,3,3
"128",0.638416039386685,0.623262610774416,0.641058769456609,0.62327614594232,0.0876588148444913,0.0137377535968976,1.46603032393035,1.46612834379899,1.46875080266807,3,3,3
"129",0.636777392804297,0.623227276992082,0.639433758691784,0.623249301483635,0.086667579210519,0.0135628008843657,1.46687890267327,1.46702563888351,1.46955436479109,3,3,3
"130",0.635207127253498,0.623207815969639,0.637849188312507,0.623222897799641,0.0856918359459274,0.0133903929214555,1.46769058049893,1.46783025545309,1.4703060005552,3,3,3
"131",0.633648185147582,0.623177415127071,0.636273676351575,0.623195078796296,0.084731309766727,0.013220344373703,1.46851925267209,1.46874269286296,1.47117371691142,3,3,3
"132",0.632102357380268,0.623149945311371,0.634731212594762,0.623169758406857,0.0837856104007157,0.0130530867758072,1.46933603288049,1.46951683534019,1.47192880262313,3,3,3
"133",0.630622372379384,0.623132286562725,0.633195463195889,0.62314603016883,0.0828545538623028,0.0128890135513996,1.47010553808455,1.47035426131746,1.47272750765892,3,3,3
"134",0.629145293215029,0.623120084709707,0.631705474981499,0.623125147298445,0.0819378135278515,0.0127280689286225,1.47096242341291,1.47118560292799,1.47360320172516,3,3,3
"135",0.627686519794013,0.623091218207621,0.630252001273275,0.623107559867208,0.0810350466149381,0.0125700699321901,1.4716495538901,1.47191655761308,1.47435352746547,3,3,3
"136",0.62626447520665,0.623072714976615,0.62881371444051,0.62309196605559,0.0801460277486539,0.0124147169275858,1.47246472256864,1.47269449105734,1.47518168716631,3,3,3
"137",0.624860975658534,0.623050241871615,0.627391466619022,0.623076625175182,0.0792704799896546,0.0122621855534281,1.47320370935397,1.4734697793223,1.47598338397992,3,3,3
"138",0.62349960187426,0.623030205658193,0.625998414902109,0.623060286712616,0.0784081777353041,0.0121123699066021,1.47394287667272,1.47420428159925,1.47675759603318,3,3,3
"139",0.6221172505607,0.623005822323812,0.624632429024461,0.62304123684936,0.0775587635887692,0.0119649114119377,1.47462342711305,1.47492343953721,1.47749622286374,3,3,3
"140",0.620801355176298,0.622997134092441,0.623302610543526,0.623020653826809,0.076722079826022,0.0118195421599507,1.47537016484622,1.47565532409076,1.47827144107767,3,3,3
"141",0.619491431883866,0.622964429842046,0.62201468184236,0.622999945934825,0.0758978284202834,0.0116763840510083,1.47599307915171,1.476346338524,1.47894863081181,3,3,3
"142",0.618210605060471,0.622951024520213,0.620733576647841,0.622977025962397,0.0750858173362892,0.0115359187513641,1.476680633572,1.47700134549947,1.47970103829266,3,3,3
"143",0.616935749959861,0.62292311035451,0.619479440520471,0.622954090556876,0.0742857744468653,0.0113978521058123,1.47737830683438,1.47772943810025,1.48041368084854,3,3,3
"144",0.615744023277015,0.622916576407445,0.618253949335038,0.622932890977563,0.0734975671036554,0.0112621742973628,1.47799430853522,1.47829656602376,1.48105733303307,3,3,3
"145",0.614509360856335,0.622883175993132,0.617056052508138,0.622911984162246,0.0727208807965504,0.0111285104262618,1.4786076870776,1.47893931356985,1.48168636500323,3,3,3
"146",0.613335107812779,0.622875104867236,0.615869208612578,0.622894697963787,0.0719555100026563,0.0109973458643972,1.47924083035759,1.47950964017779,1.48233234109483,3,3,3
"147",0.612157607576817,0.622863762019645,0.614718298571259,0.62287940791894,0.0712012668804848,0.0108681710767722,1.47991371946914,1.480159332573,1.48298688082707,3,3,3
"148",0.611027291815849,0.622839938367679,0.613573444257358,0.622864234150143,0.0704579267143812,0.0107414922716706,1.48048718267283,1.48067842094677,1.48352078188556,3,3,3
"149",0.60992470775248,0.622832181182126,0.612442785349874,0.622850080483077,0.0697253434279044,0.0106172500813055,1.48115893359356,1.48132567736041,1.4841456585868,3,3,3
"150",0.608833319215621,0.622824861906275,0.611340196986069,0.622835120137228,0.0690032900825325,0.0104950594006081,1.48176337404898,1.48191828420041,1.48473741714804,3,3,3
"151",0.607735181948856,0.622799984728784,0.610254328287287,0.622820356455329,0.0682915654943808,0.0103749473369547,1.48242869008119,1.48253432104693,1.48534876846642,3,3,3
"152",0.606708347902594,0.622793401780018,0.609190694648565,0.622807021426205,0.0675900323956771,0.0102570281984067,1.48293847980882,1.48307288249154,1.4858364609967,3,3,3
"153",0.605674351505765,0.62277664543187,0.608152245208445,0.622794233167227,0.066898444502069,0.0101411941461353,1.4834607582892,1.48357864884217,1.48635344425188,3,3,3
"154",0.604680349860929,0.622772402144157,0.607127110081192,0.62278304372016,0.0662167085725173,0.0100277256053402,1.48400669356314,1.48416275387481,1.48691328670283,3,3,3
"155",0.603695555440232,0.622754409626196,0.606134843571624,0.622772480602349,0.0655446068112468,0.00991612608471781,1.4845196192474,1.48467345324369,1.48738694396679,3,3,3
"156",0.602728831313387,0.622736561255169,0.605164787103292,0.622763297805471,0.0648819831806856,0.00980595091823688,1.4850096680485,1.4851416757163,1.48790391072232,3,3,3
"157",0.601783085325571,0.622741670452292,0.604209215651675,0.622756105041336,0.0642287066838503,0.0096973048380018,1.48560364207009,1.48577184453601,1.48852901493579,3,3,3
"158",0.600863077598791,0.622733022490774,0.603277059292941,0.622747846964905,0.0635845819451591,0.0095904020473413,1.48605359059572,1.48621850065611,1.48898452468123,3,3,3
"159",0.599962030248354,0.62271825006646,0.602369902758193,0.622738228723246,0.0629494910693045,0.00948519605247933,1.48658383411325,1.48672593007865,1.48953124494944,3,3,3
"160",0.599094292008705,0.622713562924191,0.60148292114467,0.622727479580292,0.0623232571527322,0.00938198105491972,1.4869931240972,1.48717138935898,1.48999280428597,3,3,3
"161",0.598194127842035,0.622692978509024,0.600613465776,0.622716417809761,0.0617056864629632,0.00928025029571611,1.48748165056099,1.4876538097317,1.49053247912258,3,3,3
"162",0.597343296608029,0.622682435249639,0.599751267885461,0.622704028495422,0.0610966512172312,0.00917991979786315,1.48791300477206,1.48809249186524,1.49098013544842,3,3,3
"163",0.596499144894917,0.622677892331248,0.598903270508974,0.622692300499404,0.0604960281896973,0.00908134348917367,1.48839777622244,1.48862548167491,1.49152429556362,3,3,3
"164",0.595676097026039,0.622674729670644,0.598081199123365,0.622681219636006,0.0599036616715206,0.00898444214169569,1.48886800609387,1.48905189618358,1.49197382817404,3,3,3
"165",0.594878197028401,0.622666414532859,0.597261581984815,0.622671295104644,0.0593194085158629,0.00888907494515234,1.48933603380379,1.48952478494316,1.49241707121504,3,3,3
"166",0.59406720884626,0.622656335667104,0.596457370199884,0.622662775282862,0.0587431126868022,0.00879492367084211,1.48974822870351,1.48994971115589,1.49284035796683,3,3,3
"167",0.593282627255099,0.622642950422556,0.595663616029503,0.622655335081708,0.0581746262454511,0.00870216350205799,1.49019834565458,1.49037905806048,1.4932695386394,3,3,3
"168",0.592508356831413,0.622635964113153,0.594869991901437,0.622649359597044,0.0576138238411422,0.00861057331025961,1.49068080419821,1.49083618024345,1.49369266906244,3,3,3
"169",0.591733928227377,0.622628452027522,0.594121464133061,0.622645094341053,0.057060546827929,0.00852007423044998,1.49113914034776,1.49127648021488,1.49414005827826,3,3,3
"170",0.590983767661002,0.622620938738814,0.593374906239822,0.622639853710337,0.0565146739792221,0.00843091249085492,1.49156830462871,1.4917063096465,1.49453496908466,3,3,3
"171",0.590232183413058,0.622618696670867,0.592626825011601,0.622635147883597,0.0559760558229444,0.00834300957504031,1.49202087952193,1.49214038507835,1.49492589074854,3,3,3
"172",0.589506369560446,0.62260746979051,0.59187633854708,0.622628730164185,0.055444612036035,0.00825639309360837,1.49244721644939,1.49261383913872,1.49533985835113,3,3,3
"173",0.588782575275368,0.622606414163493,0.59115094066485,0.622621631974408,0.0549201773979525,0.00817134258919949,1.49290160521597,1.49301906021747,1.49577838241878,3,3,3
"174",0.588057391537676,0.622593600142187,0.590430294433411,0.622613185557437,0.054402621501768,0.00808775952032725,1.49325055903443,1.49337816660648,1.49612182535788,3,3,3
"175",0.587354933893781,0.622589531610599,0.5897170386488,0.622604950429875,0.0538918277617295,0.00800557821087611,1.49365304890764,1.49381093055438,1.4965253101529,3,3,3
"176",0.586661781086864,0.622577574190669,0.589017516168365,0.622596743598974,0.0533877097217964,0.00792467148944798,1.49401128614905,1.4941678132272,1.49689907107286,3,3,3
"177",0.585956829857532,0.622567518227908,0.588324303142655,0.622587501236718,0.0528900936832667,0.00784470716830554,1.49437915241298,1.49453410652199,1.49729646676845,3,3,3
"178",0.5853171551963,0.622562129177521,0.587643566046298,0.622579280184144,0.0523989683245737,0.00776575865731466,1.49477142157339,1.4949018292719,1.49774240200924,3,3,3
"179",0.584615365800345,0.622562970176953,0.586958112186904,0.622572168484562,0.0519141032973939,0.00768797758327211,1.49510970510132,1.49526508589654,1.49812608783984,3,3,3
"180",0.583970793932654,0.622543358499166,0.586291795819176,0.622565066929869,0.0514354709313897,0.00761127001382855,1.49546682101147,1.49562700374566,1.49852423108205,3,3,3
"181",0.583314321975335,0.622542274637716,0.585632549414228,0.622557966936041,0.0509629350114533,0.00753561310618778,1.4957938409273,1.49597478319244,1.49889976524693,3,3,3
"182",0.582682425556479,0.622542937879866,0.585000684398467,0.622551592076461,0.0504964206061553,0.0074609493048331,1.49613195543109,1.49630767668252,1.4992685686027,3,3,3
"183",0.58207523947133,0.622534036381326,0.584377025284632,0.622544492869143,0.0500358491581684,0.00738722278434967,1.49652593781751,1.49668382533773,1.49965355901614,3,3,3
"184",0.581451583196665,0.6225277865638,0.583776298657667,0.622538173961344,0.049581088625352,0.00731450975262993,1.49679771115202,1.49701035198543,1.49995714620753,3,3,3
"185",0.58085041802315,0.622525816061233,0.58316693352758,0.622530610020672,0.0491320670417582,0.00724273715356427,1.4971498901092,1.4973589352089,1.50030559731659,3,3,3
"186",0.580273529099285,0.622516571892995,0.582583683691857,0.622525010323447,0.0486887053279652,0.00717197879377018,1.49744456098075,1.49768046750049,1.50061876618769,3,3,3
"187",0.579676541230784,0.622510675206826,0.581995588741802,0.622519660078004,0.0482508887293587,0.00710217885663222,1.49778430270004,1.49805839510401,1.5009665621431,3,3,3
"188",0.579119419647506,0.622507159874018,0.581432987526686,0.622515435488791,0.047818562364275,0.00703350780364587,1.49814276420519,1.49841146962613,1.50129113107573,3,3,3
"189",0.578549917576856,0.622508106869165,0.580889961933406,0.622513294164211,0.0473916288293475,0.00696599630207251,1.49845224458159,1.49875548912679,1.50160966365568,3,3,3
"190",0.578014574967439,0.622504555681313,0.580354256180881,0.622511995008762,0.046970014332873,0.00689937827741627,1.49875393219665,1.49909102812469,1.50191747460206,3,3,3
"191",0.577478949155745,0.622500276101531,0.579832322114422,0.622510029957845,0.046553634145933,0.00683348926405869,1.49904887839319,1.49937314644708,1.5021816383432,3,3,3
"192",0.57694125450384,0.622489795627567,0.579295277098405,0.62250694170364,0.0461424041330773,0.00676844290715839,1.4993339450756,1.49966999166089,1.50249740862162,3,3,3
"193",0.576431621413592,0.622487307249777,0.578779718680949,0.622503759475573,0.0457362547211877,0.00670444039181306,1.49962383279054,1.4999420975349,1.50277998379152,3,3,3
"194",0.575942497864234,0.622499227361403,0.578266338957972,0.622499885849718,0.0453351229920385,0.00664142712393601,1.49993539660203,1.50023601711216,1.50309682114139,3,3,3
"195",0.575437222371266,0.622480609280585,0.577779363888141,0.622497133183632,0.0449389012843521,0.00657919978416799,1.5001691992382,1.50048232982892,1.5033604527403,3,3,3
"196",0.574939982191536,0.622482713224078,0.577278899411252,0.622493569419862,0.0445475149075158,0.00651779559294041,1.50047743181236,1.50077113157466,1.50366688729056,3,3,3
"197",0.574458697326023,0.622474194689929,0.576798142090688,0.622489779801401,0.0441608965637345,0.00645720282923645,1.50072369067074,1.50103032153279,1.50393991969566,3,3,3
"198",0.573990123657289,0.622478332804129,0.576326153958494,0.622487191725322,0.0437789661710005,0.00639757306606548,1.50099327240934,1.50127887236174,1.50419334891988,3,3,3
"199",0.573516810714388,0.622473350911453,0.575856383718473,0.622484444296627,0.043401651584266,0.00633859836356954,1.50129183830154,1.50156768280615,1.50448869507243,3,3,3
"200",0.573055753795603,0.622470190314213,0.575391151297215,0.62248167244416,0.0430288680392863,0.00628036778273611,1.50149805591332,1.50178943787338,1.50471662505714,3,3,3
"201",0.572593188673584,0.622458109789848,0.574940557041669,0.622479996121386,0.0426605479910507,0.00622273962307263,1.50174461913021,1.50203396548744,1.50496506986472,3,3,3
"202",0.572169431076793,0.622459373670624,0.574493081155128,0.622476799203908,0.0422966322552551,0.00616583712065866,1.50198653200132,1.50227348951495,1.50519857493657,3,3,3
"203",0.571712800246222,0.622450621569565,0.574052261667758,0.622473731130592,0.0419370400565698,0.0061096129321222,1.50222285495241,1.5025026365968,1.50543161221306,3,3,3
"204",0.571293610100986,0.62245477860254,0.57361692610983,0.622469832851993,0.0415817159268198,0.00605429257991585,1.50244778624121,1.50275345025774,1.50566489365402,3,3,3
"205",0.570869891918946,0.622450057526895,0.573182251933735,0.622464565315812,0.0412305951303829,0.00599977730194523,1.50265344796178,1.5029506405073,1.50586264790127,3,3,3
"206",0.570458809628365,0.622442029641747,0.57275787653455,0.622457286922436,0.0408836195205525,0.0059459186911125,1.50287777348842,1.50319851327064,1.5061002955669,3,3,3
"207",0.570047845683333,0.622439092540085,0.572353622854897,0.62245099535743,0.0405407104251652,0.00589269174076312,1.50304010461405,1.50337279653944,1.50624909671454,3,3,3
"208",0.569630183129876,0.622434057305006,0.571945339414057,0.622444939652224,0.0402018073802094,0.00584026682147099,1.50327345006677,1.50362574328968,1.50652157699421,3,3,3
"209",0.569255634132938,0.622439519789327,0.571550532019304,0.622439503458587,0.0398668765259376,0.00578847213914591,1.50345940090269,1.50379582210354,1.50670501194705,3,3,3
"210",0.568853612520735,0.62243193040979,0.571152384432536,0.622434753011077,0.0395358184138693,0.00573732604014765,1.50366522793398,1.50400828610316,1.50688451183752,3,3,3
"211",0.568491251797972,0.622437615144914,0.570759125113126,0.622430971428633,0.0392086361562274,0.00568695565225807,1.5039095291206,1.50424945632744,1.50714270586544,3,3,3
"212",0.568107675937921,0.622422122539009,0.570367238083137,0.622427131635889,0.0388852218046558,0.00563719134215812,1.50407857689362,1.50440027672233,1.5072878182459,3,3,3
"213",0.567743554470773,0.622433888126281,0.569993197930784,0.622425775909428,0.0385655433492681,0.00558815483213049,1.50430225025175,1.50461218196529,1.50750877051055,3,3,3
"214",0.567390565562106,0.622421724400198,0.569604257222597,0.622423032826362,0.0382495463450607,0.00553959201554588,1.50446801710975,1.50477694523738,1.50765088198265,3,3,3
"215",0.56703567253919,0.622417374310192,0.569229960937766,0.622420758608112,0.0379371732639351,0.00549162240966383,1.50461646267182,1.50494959270166,1.50781554787178,3,3,3
"216",0.5667096778936,0.622420961358322,0.568857644653881,0.622418455898433,0.0376283844624212,0.00544412981312348,1.50475899593339,1.50509747626321,1.50796227026595,3,3,3
"217",0.566358380780213,0.62241124370774,0.568493396675728,0.622415204109166,0.037323104997293,0.00539710303123953,1.50491821586623,1.50526121518293,1.50811653976357,3,3,3
"218",0.566031608246303,0.622416389635985,0.568141068830069,0.622412504846489,0.0370213181145937,0.00535051190934777,1.50514290004123,1.50551502680955,1.50834735674521,3,3,3
"219",0.565723005851929,0.62240774057466,0.567793706467967,0.622409629119719,0.036722946697563,0.0053044481306872,1.50518140088671,1.5055492449306,1.50837948123016,3,3,3
"220",0.565405637685153,0.622414171557254,0.567442250424747,0.622407288198429,0.0364279606736979,0.00525900855794326,1.50537505904051,1.50574144738185,1.50857837247018,3,3,3
"221",0.565097803694073,0.622399324505461,0.567099564414284,0.622404929762017,0.0361363036131568,0.00521405166665767,1.5054741029282,1.50583921321044,1.50866123488762,3,3,3
"222",0.564767164673128,0.622402147936538,0.566780216435951,0.622404676615848,0.0358479118559063,0.00516966222962956,1.50562266081544,1.50600777341057,1.50882585093478,3,3,3
"223",0.564481383728838,0.622398756364069,0.566455401576416,0.622403920963197,0.0355627821153454,0.00512567387187846,1.50580308219522,1.50618489585761,1.50900209986609,3,3,3
"224",0.564165792448881,0.622405013902483,0.566145246026407,0.622403102703504,0.0352808296723308,0.00508211621666421,1.50596131298064,1.50634350312251,1.50917317015247,3,3,3
"225",0.563893644384584,0.622402033556275,0.565849397920138,0.622404688897382,0.0350020399507151,0.00503906371274843,1.50606814852438,1.50646152858986,1.50927588120765,3,3,3
"226",0.56358903251646,0.622397264092652,0.565555565929823,0.622404433884624,0.0347263381180435,0.00499660065536944,1.5061669663764,1.50657735523214,1.50939291622833,3,3,3
"227",0.563315921397552,0.622402407696079,0.565267085288793,0.622404537203947,0.0344537248998803,0.0049547441537986,1.50634557434719,1.50673958214048,1.5095383331404,3,3,3
"228",0.563039675689451,0.622398958440377,0.564981576933761,0.622404161505737,0.0341841265000672,0.00491345377316577,1.50644584571152,1.50684697162694,1.50964680481167,3,3,3
"229",0.562773303232813,0.62239342142683,0.564693696805896,0.622402609135086,0.0339175182152981,0.00487260960282609,1.50662003549522,1.50699734353107,1.5098040744602,3,3,3
"230",0.562499249130269,0.622393597399643,0.564439705776627,0.622402051483847,0.0336538482113718,0.00483215778569701,1.50670629815294,1.50710013839831,1.50990366328884,3,3,3
"231",0.562248084388922,0.622390431790627,0.564158737763265,0.622400495888111,0.0333930836983904,0.00479215912422959,1.50684693614486,1.50722329325672,1.5100310851117,3,3,3
"232",0.562015981953986,0.622392582988958,0.563911354718845,0.622397723677101,0.0331351927524152,0.00475257271085128,1.50694638269169,1.50733596712239,1.51013284705843,3,3,3
"233",0.561767695606559,0.622397040901128,0.563662672720551,0.622395906324575,0.032880133151889,0.00471344685492092,1.50706919511787,1.50745511544368,1.51026590290508,3,3,3
"234",0.561533837619621,0.622388590367932,0.563431420127821,0.622393847602644,0.0326278642704694,0.00467480754451977,1.50717143974594,1.50754538354622,1.51035829393738,3,3,3
"235",0.561324401693556,0.622389412158677,0.563196581169601,0.622390543593569,0.032378363998107,0.00463661051954878,1.507254461377,1.50761614811154,1.51044089852929,3,3,3
"236",0.561094814463097,0.622389300479445,0.562966092777763,0.622386983684146,0.0321315693897604,0.00459885969678142,1.50730085719804,1.5076559597706,1.51049895617842,3,3,3
"237",0.56087392708123,0.622384539777897,0.562742163595273,0.622385024835458,0.0318874590974089,0.00456148401665268,1.5074064461622,1.50777029806173,1.51061793266413,3,3,3
"238",0.560657931541819,0.622382545975336,0.562521335343161,0.622383395739735,0.0316459939645312,0.00452446549607188,1.50749066773599,1.50786397394218,1.51069966132658,3,3,3
"239",0.560455718909293,0.622379558245133,0.562297163419674,0.622380803284944,0.0314071444873385,0.00448782087497679,1.50755790836236,1.50793532146575,1.51076329946036,3,3,3
"240",0.560241957095977,0.622385675293916,0.562103122446674,0.622378427247842,0.0311708619787149,0.00445157083774073,1.50764318621213,1.50802975101111,1.51084962913226,3,3,3
"241",0.560060801932216,0.622377546676753,0.561904763559252,0.622376684694155,0.0309371311264011,0.0044158398240296,1.50770042250739,1.50808473492847,1.51091605577938,3,3,3
"242",0.559854945583698,0.622381790459828,0.56172055830917,0.622376241675708,0.0307059065075763,0.00438055146764815,1.50776136101043,1.50817029158763,1.51099712826785,3,3,3
"243",0.559652872385977,0.622371354791032,0.561539017052003,0.622375667311618,0.0304771477529547,0.004345638423078,1.50785752118475,1.50829152907534,1.51110919467356,3,3,3
"244",0.559478129306564,0.622372490023947,0.561344063168636,0.622373287033855,0.0302508370752326,0.00431112446789828,1.50786333184362,1.5083045733488,1.51112166728563,3,3,3
"245",0.559288043221812,0.622371085177399,0.561164660523201,0.622371729946208,0.0300269316364262,0.00427701324943486,1.50797040252287,1.50841482136591,1.5112271007918,3,3,3
"246",0.559111471804496,0.622373821565665,0.560990377675912,0.622370564888185,0.0298054127996063,0.00424322663764098,1.50802060379433,1.50848194354352,1.51129145921413,3,3,3
"247",0.55892712966194,0.622363608933633,0.560810391703434,0.622369756180865,0.0295862260565156,0.00420973777435218,1.50809507781688,1.50856409644167,1.51137902152621,3,3,3
"248",0.558763278287973,0.622373267677598,0.560635468777205,0.622367867798408,0.0293693687653961,0.00417666364249625,1.50816600188788,1.50864926782685,1.51144833735291,3,3,3
"249",0.558595069160848,0.622362151578863,0.560467764809844,0.622366836549472,0.0291547956152558,0.00414397764754371,1.50824194538365,1.50871346954821,1.51151052248213,3,3,3
"250",0.55841570742268,0.622365624316478,0.56030092082583,0.622365895568103,0.028942468746769,0.00411174223553346,1.50831171676819,1.50879446084123,1.51158399798908,3,3,3
"251",0.558253924331374,0.622358593852097,0.560127097032606,0.622364463126145,0.0287323649226829,0.00407994143975987,1.50840665569362,1.50888699109729,1.5116632930949,3,3,3
"252",0.558089664968106,0.622361772060254,0.559965855090802,0.622363212207278,0.028524455177875,0.0040486965142752,1.50843405301791,1.50892893489211,1.51169839752366,3,3,3
"253",0.55793379326338,0.622356022186542,0.559803090280949,0.622362374477416,0.0283187151428145,0.0040178144158256,1.50855002675614,1.50904039177193,1.51180084034753,3,3,3
"254",0.55779165724881,0.622369654575957,0.559640107910952,0.62236138060393,0.028115124558428,0.00398733515680083,1.50860264235276,1.5091048761779,1.51186282100779,3,3,3
"255",0.557629540390437,0.622357743098309,0.559469950795461,0.622359166710888,0.0279136318637997,0.00395706329143319,1.50865346162508,1.50916100303354,1.51192213301397,3,3,3
"256",0.557477965774164,0.622361317668798,0.559310022056206,0.62236000387799,0.0277142171835606,0.00392707679310511,1.50868409598653,1.50920277409297,1.51194504659127,3,3,3
"257",0.55734657755865,0.622359293302642,0.55915104725398,0.622360112845385,0.0275168694965223,0.00389741990068992,1.50877910597001,1.50927531422901,1.5120521573329,3,3,3
"258",0.55719663491198,0.622367129303388,0.558991481092971,0.622360820334967,0.0273215412895428,0.00386819711919784,1.50883127103719,1.50934567575763,1.51209437990334,3,3,3
"259",0.557043854105305,0.622354739544691,0.558841376486156,0.622360844174267,0.0271282042343369,0.00383924969423377,1.50889246975375,1.5093892293667,1.51216441825046,3,3,3
"260",0.556905201640995,0.622359946013785,0.558673008412839,0.622361537815707,0.0269368374013992,0.00381060223341823,1.50891019169563,1.50943476814509,1.51217577272451,3,3,3
"261",0.556788131924453,0.622362363733779,0.558520443637876,0.622359399432993,0.0267474296290372,0.00378235593632348,1.50899581231607,1.50949641324255,1.51227689006878,3,3,3
"262",0.556633889521815,0.622360459438821,0.558357057453813,0.622359480817502,0.0265599250633231,0.00375437450262839,1.5090535910095,1.50956757109221,1.51231704575319,3,3,3
"263",0.556517247960944,0.622353784843621,0.558217425606563,0.622357418429011,0.0263743252418707,0.00372668874065152,1.50904067215707,1.50957890178978,1.51232106607219,3,3,3
"264",0.556371145461875,0.622363424568411,0.558074831334956,0.622357684609046,0.0261905892952468,0.00369928861461233,1.50913735994589,1.5096675779551,1.51239485771457,3,3,3
"265",0.556245729156377,0.622346309459172,0.557944819128858,0.622357514165108,0.0260086927369403,0.00367209890432185,1.50914498952535,1.50966705842539,1.5123986082385,3,3,3
"266",0.556122899526643,0.622358379316576,0.557790380356151,0.622357130488403,0.025828617548365,0.00364522708178394,1.50916864283438,1.50969150165695,1.51242162909991,3,3,3
"267",0.555976551892378,0.622348707734355,0.557659648981308,0.622356404732488,0.025650332549419,0.00361866313692372,1.50924366861156,1.5097770390903,1.51249609783509,3,3,3
"268",0.555856787026392,0.622355700478901,0.557533940867481,0.622355637264607,0.0254738251645221,0.00359234605467629,1.50929101753285,1.50982556526703,1.51253089370645,3,3,3
"269",0.55572171789025,0.622340615309918,0.557404651568117,0.622353881809113,0.0252990563483518,0.00356620414687592,1.50930408193943,1.50984524896739,1.51254414978771,3,3,3
"270",0.555587453693131,0.622356619342647,0.557260604393868,0.622353358370197,0.0251260094749091,0.00354036559441984,1.50940394333141,1.50993719860194,1.51262360448281,3,3,3
"271",0.555460484715048,0.622340070782254,0.557131913169327,0.622352167281474,0.0249546607132074,0.00351477119308463,1.50940390956378,1.50994211258751,1.51261790435947,3,3,3
"272",0.555328406973289,0.622354425476889,0.557001362123499,0.622350514977955,0.0247849941804115,0.00348955661204298,1.50952728544012,1.51006814380645,1.51273934362624,3,3,3
"273",0.555211165266684,0.622343679791626,0.556873933583798,0.622349300192448,0.0246169884274974,0.00346463099203775,1.5095520030774,1.51009203839096,1.51276512180433,3,3,3
"274",0.555077191196989,0.622350847339767,0.55674349605241,0.62234721148802,0.0244506075497261,0.00343997408716623,1.50958197230381,1.51012957659905,1.51279302604346,3,3,3
"275",0.554971803829956,0.622340794180552,0.556630519114571,0.622345397039551,0.0242858564684042,0.00341550835408833,1.50962085516745,1.51016198229168,1.51283145466539,3,3,3
"276",0.554846386713838,0.622355819072203,0.556495086534961,0.622344575517509,0.0241226967769897,0.00339139566176083,1.50970108624906,1.51025084978641,1.51292527658046,3,3,3
"277",0.554711144213364,0.622341419178784,0.556365820828153,0.622342581354592,0.0239611068225967,0.00336746315196745,1.50977373663474,1.51030647990361,1.51297681166131,3,3,3
"278",0.554601417183778,0.622345492119714,0.556241725876347,0.622341202716479,0.0238010709161174,0.00334383447461506,1.50975611750624,1.51031328687785,1.51297198617972,3,3,3
"279",0.554484059003016,0.622341369978998,0.556119711364477,0.6223400857651,0.0236425759247995,0.00332044162943024,1.50983387460458,1.51037899354582,1.5130445495239,3,3,3
"280",0.554355176157277,0.622348089354799,0.555999746543032,0.622340102593928,0.0234855881735388,0.00329734459209219,1.50990425678782,1.51045199505496,1.51311781264417,3,3,3
"281",0.554259318345727,0.622336388733932,0.555875771470719,0.622338932912365,0.023330108830086,0.00327445506202884,1.50991209015839,1.51045981930621,1.51312257675023,3,3,3
"282",0.554128897600968,0.6223535350848,0.555755912913161,0.622338783206161,0.0231761022073819,0.00325181550063047,1.51004127808685,1.51057964434433,1.51325239775156,3,3,3
"283",0.554019247655651,0.622344544697463,0.555628741304888,0.622338968294615,0.0230235583061636,0.0032294032033382,1.51005431997008,1.51060934245827,1.51327539286865,3,3,3
"284",0.553901870554736,0.622346988480681,0.555516776993417,0.622338034146132,0.0228724506563033,0.00320724442920695,1.51008854716901,1.51065037001573,1.5133104644197,3,3,3
"285",0.553802744203007,0.622344621774326,0.555385189926998,0.622336570005881,0.0227227795867848,0.00318527674572022,1.51022400201778,1.51076673616354,1.51342326394858,3,3,3
"286",0.553689316367896,0.622347804938061,0.555272611241094,0.622336344459035,0.0225745099569729,0.00316350432209456,1.51018473573731,1.51075242649924,1.51339450240949,3,3,3
"287",0.553590434441597,0.622340242597809,0.555145247777506,0.622335195403038,0.0224276365310953,0.00314188846018515,1.51025475942786,1.51081552650988,1.5134575613112,3,3,3
"288",0.55347511003582,0.622348118211526,0.55502353288797,0.622334802907059,0.0222821333174185,0.00312054940821438,1.5103269567829,1.51090247798921,1.51352819424898,3,3,3
"289",0.553379593917672,0.622340701048718,0.554903830600229,0.622334647032837,0.022137990598394,0.00309943620873243,1.51034273794323,1.51090624096695,1.51352475781792,3,3,3
"290",0.553263250001931,0.622347126586904,0.554788733626489,0.62233365203215,0.0219951861355969,0.00307848709964986,1.51041554160658,1.51102068714191,1.51360415651123,3,3,3
"291",0.553174832151204,0.622335349189092,0.554663613646727,0.622333393090353,0.0218537114477876,0.00305776636103106,1.51043610333966,1.51102628150844,1.51362139299745,3,3,3
"292",0.553063308008847,0.622346322852779,0.554551013458337,0.622333056803253,0.0217135390609005,0.00303735559622531,1.51050767366894,1.51110677398074,1.51368873454811,3,3,3
"293",0.552969573138519,0.622337700625198,0.554444394095471,0.622334681395335,0.0215746639781436,0.00301710239999575,1.51054512359327,1.51113157582572,1.51372676518517,3,3,3
"294",0.55286222502702,0.622340905575608,0.554335503609642,0.622334996831069,0.0214370595012708,0.00299704760451636,1.51058229647151,1.51117626567318,1.51377339310832,3,3,3
"295",0.552764834306652,0.622338106279526,0.554233353237436,0.622336137381724,0.0213007186433692,0.00297719809498964,1.51065233996995,1.51123549045383,1.51383431404372,3,3,3
"296",0.552658506501694,0.622340912123447,0.554121973867958,0.622334864988461,0.0211656182059,0.0029576075778347,1.51067924297027,1.51126719466219,1.51387640123295,3,3,3
"297",0.552558981834603,0.622333740882891,0.554014603397753,0.622336350780909,0.0210317456549286,0.00293820252843158,1.51074657950229,1.51133048124899,1.51393204239912,3,3,3
"298",0.552459628589882,0.62234104020732,0.553905896437518,0.622333980808888,0.0208990911259815,0.00291897615972281,1.51077996507057,1.51136847681558,1.5139856233614,3,3,3
"299",0.552351508948062,0.622333780690837,0.553803108056631,0.622334490294085,0.0207676288880924,0.00289988594524304,1.51084733945381,1.51141652412729,1.51404295797329,3,3,3
"300",0.55224587563902,0.622342149834932,0.553712889677085,0.622332781383111,0.0206373505308852,0.0028809554571233,1.51091931735391,1.51150578948974,1.51412512689827,3,3,3
"301",0.552161156193486,0.622337928266737,0.553611742386567,0.622332498032815,0.0205082534076709,0.00286218609776123,1.51097273435885,1.51157246873449,1.51417464268804,3,3,3
"302",0.552057109025448,0.622341779034954,0.553512024688459,0.622331687031297,0.0203803161741095,0.00284358417400288,1.51100884072964,1.51162099706817,1.51421253994243,3,3,3
"303",0.55195983215835,0.622338673227411,0.553421794240462,0.622332233171328,0.0202535229861711,0.00282513864717315,1.51110554652543,1.51170018245395,1.51430344120102,3,3,3
"304",0.55187248373722,0.622339285911246,0.553300734679774,0.622330778216586,0.0201278671635362,0.0028068534927177,1.51111201382158,1.51171352240211,1.51431510143018,3,3,3
"305",0.551776376919734,0.62233423244521,0.553218955929499,0.622330770355527,0.0200033322418948,0.0027887496578608,1.51116415264669,1.51177754568344,1.51436264304331,3,3,3
"306",0.551694837844515,0.622342843804126,0.553109455435155,0.622328338181676,0.0198799130884312,0.0027708149255693,1.51125406389193,1.51184732401388,1.51444625806558,3,3,3
"307",0.551602090631643,0.622339013866806,0.553016212018182,0.622328054100648,0.0197575874604588,0.00275303079033484,1.51130903802048,1.51191058161113,1.51448090065133,3,3,3
"308",0.551507706834208,0.622342547077694,0.552914597881511,0.622326862099843,0.0196363452479674,0.00273542962903894,1.51135619223953,1.51193771358961,1.51453215771327,3,3,3
"309",0.551424314751945,0.622336814298339,0.552812121020253,0.622325317146444,0.0195161756376683,0.00271795262661001,1.51140622010472,1.51201351838737,1.51458411583818,3,3,3
"310",0.551341320140589,0.622341023607933,0.552724263601873,0.622326063324346,0.0193970685549129,0.00270068759821784,1.51144739951548,1.51203039094261,1.51461423557644,3,3,3
"311",0.551247427274295,0.622340497424408,0.552613961065449,0.622324041648941,0.019279002492854,0.00268362736991945,1.51150014026476,1.51209710411794,1.51467736880971,3,3,3
"312",0.551168420928513,0.622340147487202,0.552532984495238,0.622324005119747,0.0191619758011592,0.0026667606988684,1.51152952207806,1.51211534740856,1.51470020651696,3,3,3
"313",0.551085756876866,0.622334600763379,0.552433548727053,0.622323065313164,0.0190459694933447,0.00265001072233584,1.51153435427587,1.51214875270534,1.51472890511019,3,3,3
"314",0.550997583898902,0.622340259239773,0.552345083855242,0.622323020327054,0.0189309754665291,0.00263340736261308,1.51160601506613,1.51219841341379,1.51479616766584,3,3,3
"315",0.550917257103546,0.622340096489872,0.552261320915245,0.622322748820247,0.0188169841239049,0.0026169382836978,1.51167751564235,1.51229338112022,1.51488637298997,3,3,3
"316",0.550844922443233,0.622340932146759,0.552172681131354,0.622323927908016,0.0187039852037406,0.00260063664507937,1.51166654839621,1.5122743477559,1.5148830929702,3,3,3
"317",0.550758650020566,0.622335242136909,0.552103568161075,0.622326631283704,0.0185919607504185,0.00258448347711304,1.51168727017847,1.51231395199579,1.51492081081047,3,3,3
"318",0.550682898969541,0.622337634620975,0.552011182456586,0.622326093524416,0.018480911207001,0.00256849359702505,1.51175469795756,1.51238844012487,1.51498285892073,3,3,3
"319",0.550607621218383,0.62233418682617,0.55193992384762,0.622326290181082,0.0183708139950983,0.00255261337586365,1.51178404985558,1.51239894628724,1.5149965120399,3,3,3
"320",0.550529399152452,0.622338509216784,0.551860008433032,0.622327667377291,0.0182616669617618,0.00253686437147971,1.51180534451191,1.5124426674312,1.51502634143275,3,3,3
"321",0.550454570035845,0.622333854438334,0.551765955838546,0.622324226068541,0.0181534543213875,0.00252122104367314,1.51186318921993,1.51249724525146,1.51507739089205,3,3,3
"322",0.550388665504276,0.62233989305941,0.55169727418875,0.622325510621901,0.0180461748413684,0.00250570048445953,1.51192214673881,1.51258386320596,1.51513494694047,3,3,3
"323",0.550300551513422,0.622336669764883,0.55161685527446,0.622324606017087,0.017939799541127,0.00249028680889607,1.51197263435786,1.51260487204753,1.51516251394682,3,3,3
"324",0.550233145145333,0.62233557423435,0.551528938623071,0.622322244570344,0.0178343352259937,0.00247503989201103,1.51197282257367,1.51263266832234,1.51517878674947,3,3,3
"325",0.550173910610244,0.622334411796165,0.551458804912557,0.62232177157729,0.0177297693448554,0.00245993181221726,1.51202006447975,1.51266080445308,1.51520818570733,3,3,3
"326",0.550089042541168,0.622336560525391,0.55138310823904,0.622320300175803,0.017626085806338,0.00244496600361377,1.51205194799071,1.51271499174685,1.51524841496884,3,3,3
"327",0.550021131266886,0.622335529835722,0.551296186647329,0.622319919520749,0.0175232768370328,0.00243009647664405,1.51210775992644,1.51274867000103,1.51529563374351,3,3,3
"328",0.549959992917668,0.622336006926446,0.551229038801171,0.622319043632509,0.017421338528552,0.00241540359705883,1.51210065680993,1.51276993272794,1.5153063558501,3,3,3
"329",0.549882802567401,0.622334607363607,0.551146918524859,0.622319239596468,0.0173202546802382,0.00240082028419664,1.51217579244327,1.51283759212134,1.51536750281496,3,3,3
"330",0.549810677181202,0.622333620704643,0.55107281734754,0.622317315359494,0.0172200186882788,0.00238638102111366,1.51220115999995,1.51286238574029,1.51540583059842,3,3,3
"331",0.549755538004593,0.622335805899419,0.55101455111231,0.622317934332282,0.0171206267573219,0.00237205446523647,1.51227087178064,1.51291116591119,1.51545404220455,3,3,3
"332",0.549672863736231,0.622335207823536,0.550919328991696,0.622317821649869,0.0170220604473112,0.0023578656631239,1.51228202349145,1.51294907526747,1.51548980588736,3,3,3
"333",0.549606701457136,0.622328323194569,0.550849859397411,0.622317623030244,0.0169243130340125,0.00234378175206096,1.51231089341784,1.51296978817503,1.51550133282477,3,3,3
"334",0.549538373935707,0.622332745431841,0.550776343321261,0.622318201874453,0.0168273818724106,0.00232983116128593,1.51237416374255,1.51303476762597,1.51557238942462,3,3,3
"335",0.549463004392127,0.622333591773579,0.550693957534732,0.622316797140874,0.0167312485417064,0.00231599208296718,1.51243246325716,1.51308954215453,1.51562024334829,3,3,3
"336",0.5493972712818,0.622335994251768,0.550627264337962,0.62231658065524,0.0166359142074144,0.00230225959189856,1.5124763464429,1.51314461520679,1.51566783196846,3,3,3
"337",0.54933803639178,0.622331852329694,0.550555425179358,0.622316789130055,0.0165413658109537,0.00228866167130592,1.51251122684456,1.51317617809067,1.51568933600046,3,3,3
"338",0.549267471237777,0.622330231865087,0.550490627631976,0.622317108026105,0.0164475963686606,0.00227519609232851,1.51253064083268,1.51320640568504,1.51572417617421,3,3,3
"339",0.549203706380723,0.622341807142272,0.550412256002561,0.622319033013364,0.0163545957484426,0.00226186427930775,1.51266017549926,1.51334091776836,1.51584113916515,3,3,3
"340",0.549148473201301,0.62233578530779,0.550352152519708,0.62231761253935,0.0162623616079516,0.0022486337165426,1.51261955430039,1.51331881734369,1.51580651299899,3,3,3
"341",0.549085661207806,0.622328577809562,0.550278682614395,0.622317041698494,0.0161708782526748,0.00223550602931499,1.51263404656261,1.51332871107441,1.5158113313008,3,3,3
"342",0.549028126634992,0.622333152474739,0.550201557822932,0.622316543183469,0.0160801453721908,0.00222249224276228,1.5126904053899,1.51340534895332,1.5158780187938,3,3,3
"343",0.548958028941677,0.62233434955356,0.550150096597041,0.622318117823172,0.0159901443479949,0.00220958365894552,1.51273776491259,1.51345990981397,1.51592720495361,3,3,3
"344",0.54891220964081,0.622335003938121,0.550071738216625,0.622317804923775,0.015900880500278,0.0021967793778469,1.51274310565077,1.51346445936838,1.51592957544032,3,3,3
"345",0.548843036163717,0.622333039873488,0.550013587518169,0.622318807938,0.0158123318392753,0.00218404602068101,1.51278904759456,1.51350581051212,1.51598452651406,3,3,3
"346",0.548795497880028,0.622336175538533,0.549940173426648,0.622317796677449,0.0157245046348576,0.00217140095862811,1.51282946139924,1.51354637307201,1.51601347855514,3,3,3
"347",0.54872169959398,0.622334633648208,0.549884561259579,0.622318002718528,0.0156373774421525,0.00215884020369261,1.51286004238387,1.51358630738137,1.51606159386332,3,3,3
"348",0.548670872241037,0.622334299587507,0.549800641060139,0.622315149197345,0.0155509518798016,0.00214643375973633,1.51288692060703,1.51360137855064,1.51607315151849,3,3,3
"349",0.548602627307436,0.622331274814091,0.54975824005624,0.622316440846417,0.0154652136186874,0.00213412723902617,1.51292665027304,1.51364537581403,1.51612274103353,3,3,3
"350",0.548555532642726,0.622332621355554,0.549682953415819,0.622315211311758,0.0153801648614652,0.002121925136644,1.51294530080801,1.5136447023444,1.51611945849722,3,3,3
"351",0.54847516518194,0.622335140690618,0.549632314418903,0.622316611136664,0.0152957826391205,0.00210982252127301,1.51303907404818,1.51374973436393,1.51621107590934,3,3,3
"352",0.548437158047559,0.622338221565872,0.549553161670423,0.622314406559848,0.0152120796755924,0.0020978267884888,1.51304273564324,1.51374621448924,1.51619849675908,3,3,3
"353",0.548365502053838,0.622332114252187,0.549501255745273,0.622314782366735,0.0151290320749265,0.00208593526759604,1.51307808168937,1.51379757124981,1.51624278376137,3,3,3
"354",0.548315547084513,0.622335092180197,0.549439651374108,0.62231455519147,0.0150466429548192,0.00207421569004795,1.51309991309838,1.51381859850815,1.51626087446133,3,3,3
"355",0.548247654755558,0.622335810705001,0.54938316692769,0.622314246371448,0.0149649023469199,0.00206259844598589,1.51316428133619,1.51390568648232,1.51632780580042,3,3,3
"356",0.548200201444956,0.622335373892808,0.549317299298575,0.622313314011827,0.014883803320267,0.00205108708209945,1.51316481178343,1.51388829223303,1.51631192123899,3,3,3
"357",0.548134631389991,0.62232953510175,0.549254876173559,0.622313659614824,0.0148033381136881,0.00203967426832541,1.51320769670194,1.5139478189369,1.51635757526802,3,3,3
"358",0.548088400003446,0.622335221154291,0.549210090777541,0.622314204064684,0.0147235089014739,0.00202840861955778,1.51325330307786,1.51398973293057,1.51640250191383,3,3,3
"359",0.548014322711566,0.622335294970854,0.549148141032726,0.622314269976527,0.0146442941417943,0.00201724899933997,1.51331163972681,1.51406121553286,1.51646282634517,3,3,3
"360",0.547969313252559,0.622331707145529,0.549099014121426,0.622314183165447,0.0145656990835013,0.00200616685181543,1.51330277470615,1.51405980390696,1.51646157418615,3,3,3
"361",0.547907246276452,0.622330699591149,0.54903914528252,0.622313864052639,0.0144877155649771,0.00199517115808778,1.51335983776642,1.51411952920545,1.51652389949689,3,3,3
"362",0.547850520752944,0.622334575430567,0.548990776396529,0.622313654400126,0.0144103315787898,0.00198430841870423,1.51338677828786,1.51413522417973,1.51654513515764,3,3,3
"363",0.547791288845105,0.622330297407277,0.548931048563305,0.622313079203867,0.0143335460703346,0.00197355609449124,1.51344707434632,1.51419469897379,1.51660612097054,3,3,3
"364",0.54774270551745,0.622333720220501,0.548868342762412,0.622311891447643,0.0142573560168943,0.0019629144968234,1.51347313812262,1.51421068701858,1.51661641565339,3,3,3
"365",0.547674460971303,0.622331242686007,0.548827382151024,0.622312001307645,0.0141817451200361,0.00195235828004781,1.51353496413883,1.51426782931048,1.51668495833102,3,3,3
"366",0.547628294764375,0.622332305647171,0.548753951813927,0.62231353315063,0.0141067157229504,0.00194187175319738,1.51353592177128,1.51428560217977,1.51669398138144,3,3,3
"367",0.547565226659067,0.622332525520515,0.548722882364761,0.622313038372682,0.014032260179929,0.00193148970441903,1.51359881120191,1.51434189095335,1.51675446217466,3,3,3
"368",0.547516347703495,0.622334741185757,0.548662842455249,0.622312426620389,0.0139583708686839,0.00192119488460019,1.51363694861121,1.51437518456676,1.51678317413046,3,3,3
"369",0.547452677584252,0.622326626313463,0.548606323047007,0.622313000640458,0.0138850422486921,0.00191098219234465,1.51367950440292,1.5144010852495,1.51681879447973,3,3,3
"370",0.547404292852806,0.622331851246483,0.548569290613113,0.622312019477033,0.0138122728297548,0.0019008692138005,1.51369618509518,1.51442098844939,1.51684158432347,3,3,3
"371",0.54734199805855,0.622334163226612,0.548506792184488,0.622312007153554,0.0137400554450627,0.00189081157264948,1.51381532156592,1.51453429122992,1.51695153830626,3,3,3
"372",0.547287687622722,0.622332076427516,0.548452838625278,0.62231124033737,0.0136683786391692,0.00188085138004412,1.51378848107888,1.51452429787631,1.51692893121579,3,3,3
"373",0.547237801637513,0.622328291861171,0.54840629473751,0.622311573660634,0.0135972469979227,0.0018710130217745,1.5138313720951,1.51455979087883,1.51697142063087,3,3,3
"374",0.547177042594665,0.622334475972085,0.548357933297434,0.622311974514482,0.0135266472546955,0.00186125840665441,1.51388845364533,1.51462150103878,1.51703622263869,3,3,3
"375",0.5471238407644,0.622331101605273,0.548306057021022,0.622310641297811,0.0134565779569843,0.00185162798194138,1.51394246556981,1.51466518928427,1.51708062181291,3,3,3
"376",0.547065391115436,0.622332564381289,0.548259200793202,0.622312467328842,0.0133870332403277,0.00184209178189232,1.51396076791116,1.51469141273142,1.51709837003243,3,3,3
"377",0.547018710858585,0.622331279856202,0.548214120129659,0.622311965405658,0.013318010392067,0.00183261586767069,1.51402875086506,1.51476442473961,1.51716742911603,3,3,3
"378",0.546965514418278,0.622335674607182,0.548164740364608,0.622311553391904,0.0132495009119783,0.00182319716470658,1.51407568195819,1.51482301058242,1.51722513674819,3,3,3
"379",0.546915379803804,0.622337746145952,0.548120342023235,0.622311645386048,0.0131815032792371,0.00181384254360406,1.51412027445488,1.51486298492541,1.51725413172138,3,3,3
"380",0.54686017771659,0.622335765028801,0.548070881254481,0.622313177671383,0.0131140078431841,0.00180454173714906,1.5141343063013,1.51487274050998,1.51726476195302,3,3,3
"381",0.5468156161524,0.622329494629414,0.548030473510791,0.622310989581444,0.0130470142556452,0.00179528109802107,1.51417458438008,1.51490948744162,1.51730602707494,3,3,3
"382",0.546772048037236,0.622335820333579,0.547984120756084,0.622310751920148,0.0129805188150437,0.00178611337620194,1.51419489132741,1.51493281290599,1.51731301947034,3,3,3
"383",0.546714599565634,0.622333374274129,0.547931938930198,0.622310544254713,0.0129145112417905,0.00177699616137184,1.51424372726137,1.51499920182137,1.51738145948946,3,3,3
"384",0.546673348877968,0.622334827932273,0.547892437978984,0.622310826521752,0.0128489906135673,0.00176795222846848,1.51426433187369,1.51501775620883,1.51738824023678,3,3,3
"385",0.546622598277497,0.622329140724359,0.547849160285247,0.622311835158375,0.0127839508368891,0.00175897763784227,1.5142906319699,1.51504480466913,1.51741957875626,3,3,3
"386",0.546580148526246,0.622336655880861,0.547816555158272,0.622312327286126,0.0127193883660248,0.00175008495816953,1.51433295839591,1.51508199117974,1.51746350566367,3,3,3
"387",0.546529934965839,0.622333648425309,0.547763805300852,0.622311134407183,0.0126552957574311,0.0017412405272107,1.51436386114574,1.5151221340742,1.51749911209934,3,3,3
"388",0.546479484315454,0.622332475190166,0.547734689594927,0.622311056243867,0.0125916717845848,0.00173245440187375,1.51437653081872,1.51513385098301,1.51750932352763,3,3,3
"389",0.546436088795594,0.622333928723884,0.547685520784394,0.622310434124688,0.0125285117012614,0.00172374420011101,1.5144540919792,1.5152106367296,1.51758652586992,3,3,3
"390",0.546389482176977,0.622335269470322,0.547661873283518,0.622312066257718,0.012465807831257,0.00171508106277074,1.51447037627069,1.5152441095489,1.51759934301391,3,3,3
"391",0.546333669957521,0.6223321234412,0.547609242942815,0.622309393916088,0.0124035567453304,0.00170648115844008,1.51448615372093,1.51526323665925,1.51763357222962,3,3,3
"392",0.546282833097972,0.622333653090193,0.547583776569132,0.622311176906854,0.0123417553645302,0.00169793505885651,1.51452099247395,1.51529174511377,1.51764614113769,3,3,3
"393",0.546253994812145,0.622336690404091,0.547534556664641,0.622309730783479,0.0122804012040636,0.0016894486991349,1.51456874804151,1.51533896209149,1.51770204182837,3,3,3
"394",0.546206885135555,0.6223348153445,0.547509404559464,0.62231042358293,0.0122194926667398,0.00168100555860184,1.51459330489775,1.51537046589976,1.517725635765,3,3,3
"395",0.54615257632433,0.62233671161909,0.547469547499528,0.622310407701909,0.0121590167193665,0.00167261444474609,1.51461581247495,1.51539222030376,1.51775215776049,3,3,3
"396",0.546117550364923,0.622339621749554,0.54742804568137,0.622308614874917,0.0120989780184299,0.00166426890628646,1.51467152184374,1.51547480986916,1.51780684449125,3,3,3
"397",0.546070140529648,0.622333637905486,0.547398169158061,0.622308433654786,0.0120393678680127,0.00165598726979099,1.51467210543203,1.51545903670335,1.51781684985613,3,3,3
"398",0.546031608306458,0.6223349765857,0.547361570862169,0.622308734422915,0.0119801842392019,0.00164774146034086,1.51470171492757,1.51549259555238,1.51783201159062,3,3,3
"399",0.545995426201378,0.6223356132677,0.547330002736723,0.622308550102294,0.0119214239880189,0.00163955524449066,1.51473132176291,1.51551047831435,1.51786024311879,3,3,3
"400",0.545939035301448,0.622331426076065,0.547296491666385,0.622308220966448,0.011863079669813,0.00163142230822844,1.51475288492811,1.51554169748569,1.51789793159545,3,3,3
"401",0.54590320842287,0.622333968531681,0.547259015496315,0.622307601794382,0.011805149084355,0.00162336079815384,1.51478763363336,1.515571461678,1.51792025434459,3,3,3
"402",0.545876554142098,0.622333001258365,0.547238357064626,0.622308953168544,0.0117476329167188,0.00161533930251856,1.51480058762432,1.51559988599566,1.5179409035481,3,3,3
"403",0.545824049793096,0.62232970375247,0.547189457681365,0.62230717349417,0.0116905214013805,0.00160737529261579,1.51483924531495,1.5156263513333,1.51798262086244,3,3,3
"404",0.545787992644885,0.622329751936272,0.547168889011271,0.622309376690264,0.0116338142902241,0.00159945224031255,1.51487225250679,1.51566495614842,1.5179968598702,3,3,3
"405",0.54576445419726,0.622338746359386,0.547129770934333,0.62230782044371,0.0115775079396144,0.00159159426261679,1.51489225853739,1.51568088776181,1.51801905965654,3,3,3
"406",0.545713377828802,0.62232435957067,0.547102927410971,0.62230797213305,0.0115215966225424,0.00158376535593474,1.51487922852685,1.51567086474382,1.5180352897887,3,3,3
"407",0.54568244557614,0.622335774488969,0.547061077803925,0.622308556979405,0.0114660792912692,0.00157600888631848,1.5149325655115,1.51573147201161,1.51807529548666,3,3,3
"408",0.545649395425286,0.622335598496855,0.547032815425823,0.622307396262802,0.0114109501696687,0.00156829943746983,1.514957899907,1.51578351050183,1.51811812482755,3,3,3
"409",0.545605815999007,0.622334615718608,0.546995902536127,0.622309056195433,0.0113562032691881,0.00156064882245965,1.51498538559355,1.51578423167222,1.51812019408274,3,3,3
"410",0.545576576961817,0.622330076617222,0.546975288653883,0.622307970494841,0.0113018418881688,0.00155303199172518,1.51498940990143,1.51579174472672,1.51813035875024,3,3,3
"411",0.545548596421536,0.622336841135129,0.546933825353759,0.622306489932304,0.011247858828656,0.00154547632454249,1.5150066329603,1.51582874739992,1.51814277343017,3,3,3
"412",0.545503786595585,0.622326732863314,0.546922947607921,0.622307321517744,0.0111942493649918,0.00153793884805742,1.5150314024651,1.51584699049447,1.51818130649,3,3,3
"413",0.545472610324444,0.622337971886678,0.546872449673854,0.622306875601781,0.0111410111669602,0.00153049606443223,1.5150552970815,1.51588269916675,1.5182079287629,3,3,3
"414",0.545451024205822,0.622335481503679,0.546856480107827,0.622305855089387,0.011088144154067,0.00152308868987472,1.51506845440468,1.51588543236889,1.51822755882515,3,3,3
"415",0.545403166104385,0.622330581012562,0.54680940356512,0.622306730044218,0.0110356381966794,0.00151571988695087,1.51508031029295,1.51590887246176,1.51823006499862,3,3,3
"416",0.545375382861344,0.622331972164553,0.546789479884068,0.622306741903019,0.0109834961541425,0.00150840627612725,1.51512464522719,1.51594631878719,1.51826669982259,3,3,3
"417",0.545347213033683,0.622341103678313,0.546746706009742,0.622306565559615,0.0109317107569815,0.00150115747905877,1.51515025664204,1.5159709182163,1.5182859354646,3,3,3
"418",0.545309424007237,0.622326789247968,0.546727315540651,0.622305477152602,0.0108802794676418,0.00149392462438169,1.51514411180303,1.51594728764299,1.51829665524609,3,3,3
"419",0.545274975507764,0.62233547243404,0.546688653555129,0.622307424015859,0.0108292003073134,0.00148674932969983,1.51517037584738,1.51599826506672,1.5183362248005,3,3,3
"420",0.54525386585155,0.62233438944514,0.54667179077314,0.622305981475136,0.0107784705865333,0.00147960082389587,1.51518436557076,1.51601923333593,1.51835302294334,3,3,3
"421",0.54520585299003,0.622333109498523,0.546630984698308,0.622305602078944,0.0107280813207652,0.00147251460902886,1.51521037264409,1.51603422408735,1.51837034457768,3,3,3
"422",0.545187566570965,0.622332109317408,0.546616933539155,0.622305889276992,0.0106780392237538,0.001465467276757,1.51522660802364,1.51603100308122,1.51837645154042,3,3,3
"423",0.545156655177976,0.62233535384118,0.546580532119935,0.622305876043038,0.0106283358117571,0.00145849166057044,1.51522550523812,1.51606174730776,1.51838777132637,3,3,3
"424",0.545118885512642,0.622327844568026,0.546547344658354,0.622305289145589,0.0105789655439741,0.00145152474952215,1.5152635765393,1.51608652882713,1.51842404378438,3,3,3
"425",0.545084282205554,0.622337429200337,0.546515524736008,0.62230626250319,0.0105299275849887,0.00144463098448178,1.51528559958926,1.51610859934097,1.51845625491304,3,3,3
"426",0.54506950955458,0.622331075510713,0.546496238498874,0.622307502375735,0.0104812237021501,0.00143778231111658,1.51526615223281,1.51608833459706,1.51843748085145,3,3,3
"427",0.545021951466172,0.622329903550342,0.546449703884343,0.622304972468627,0.0104328427112488,0.00143099284805459,1.51530975307332,1.51613898989275,1.51848123219655,3,3,3
"428",0.544997565815348,0.622331038346624,0.546452677272647,0.622306812315494,0.0103847870407352,0.00142423873276243,1.51532818322214,1.5161669187709,1.51849092944171,3,3,3
"429",0.54496649373161,0.622337223747025,0.546402394710268,0.622306366367994,0.0103370511169918,0.00141755253077014,1.5153453461456,1.51618167797742,1.51850870405742,3,3,3
"430",0.5449387568377,0.622326925589202,0.546394989272147,0.62230602543043,0.0102896347139728,0.00141088766718001,1.51535458714747,1.51617620184032,1.51852719720932,3,3,3
"431",0.544906205018905,0.62233425117325,0.546357748490499,0.622306565530331,0.010242533975435,0.00140428036867657,1.51537320173683,1.51621383846964,1.51855106988123,3,3,3
"432",0.544883718631761,0.622331077069628,0.546333851041709,0.622305116608679,0.0101957461280934,0.00139771851457582,1.51538410810595,1.51623699255077,1.51856670060058,3,3,3
"433",0.544845406565319,0.622332272898061,0.546299522596741,0.622305406974282,0.010149265830574,0.00139121784280449,1.51541175067611,1.51624770146503,1.51858825643113,3,3,3
"434",0.544828680550261,0.622329521291837,0.546287600544452,0.622306683071354,0.0101030954660429,0.00138473827767438,1.51542918857426,1.51625255921349,1.51858946827424,3,3,3
"435",0.544792587822667,0.622333745360646,0.546249485844809,0.622306569506399,0.0100572286438576,0.00137831959351953,1.51543775863419,1.51628080265757,1.5186044817797,3,3,3
"436",0.54476828172161,0.622325659657915,0.546230715489887,0.622304909505956,0.0100116629791415,0.00137191040077222,1.51544747529538,1.51628983307308,1.51861985922543,3,3,3
"437",0.54473555319453,0.622336427792751,0.546199335767963,0.622306192489196,0.00996639558652903,0.00136555443297104,1.51548220842633,1.51631181674843,1.51865379966881,3,3,3
"438",0.544719389455933,0.622329004299286,0.546196073747355,0.622306097007758,0.00992142790748237,0.00135921029733566,1.51545851299252,1.51629573332635,1.51863906586565,3,3,3
"439",0.544681497836331,0.622328818080139,0.546159357483581,0.622306353549065,0.00987675241916187,0.00135291228450318,1.51548758001219,1.51632800569145,1.51866479726852,3,3,3
"440",0.544662775106445,0.622328906775425,0.546151585117878,0.622306707085767,0.00983236910625801,0.00134664127860862,1.51550720681591,1.51635047319599,1.51867498214028,3,3,3
"441",0.544626520190245,0.622336302206964,0.546120293930718,0.622305052242545,0.00978827270403339,0.00134042776989363,1.51553388869842,1.51637549418804,1.51870078204436,3,3,3
"442",0.544611460674569,0.622324390511239,0.546106666661724,0.622305961276159,0.00974446682838505,0.00133422616095391,1.51552772230612,1.51634964977579,1.51870600259075,3,3,3
"443",0.544576237273101,0.622332681726379,0.546082611922135,0.622306420110883,0.00970094263606068,0.00132809890794106,1.51554638048746,1.51638960441399,1.51873145741511,3,3,3
"444",0.544566334327474,0.622330592214904,0.546070297238768,0.622306837779427,0.00965770492508162,0.0013220014839378,1.51556075485732,1.5164029409525,1.51874992498361,3,3,3
"445",0.544531053904774,0.622331691919319,0.546039898455374,0.622306320015068,0.00961474529330964,0.0013159541110328,1.51558670348463,1.51643060214765,1.51877088745251,3,3,3
"446",0.544512831421826,0.622328177685745,0.546026158296411,0.622307226848829,0.00957206419035204,0.00130992401117669,1.51559782189974,1.51642374289691,1.51877339918646,3,3,3
"447",0.544492300437758,0.62233510059055,0.546009400612082,0.622305317951741,0.00952965962270548,0.00130395625355106,1.51561721509355,1.51646090493013,1.51878964799297,3,3,3
"448",0.544471031816333,0.622325131563984,0.546004324131517,0.622307151712541,0.0094875290368584,0.0012980108478593,1.51560621831159,1.51645201126633,1.51879265004434,3,3,3
"449",0.544442156352441,0.622335105341714,0.545972911251352,0.622305762909743,0.00944566698706387,0.00129212427456993,1.51564049582192,1.51649054433965,1.51882816520842,3,3,3
"450",0.544433922004985,0.622328564196238,0.545964679588815,0.622307050228967,0.00940407798520218,0.00128624825346424,1.51563481843858,1.5164805997728,1.51882368622044,3,3,3
"451",0.544412848854544,0.622329756422887,0.545951640570554,0.622306020697295,0.00936275525780489,0.00128043018137602,1.51564561396439,1.51648386544735,1.51882713854214,3,3,3
"452",0.544392588406484,0.622328811556835,0.545917991700748,0.622305812896888,0.0093216979898181,0.00127464036636227,1.51565502098304,1.51650478802623,1.51883882217976,3,3,3
"453",0.544377039418563,0.622332865541617,0.545914914420711,0.622306743259879,0.0092809033104053,0.00126891655695482,1.51566786801089,1.5165320235271,1.51885232653657,3,3,3
"454",0.544365332763773,0.622328729712169,0.545900728517743,0.622304901999757,0.00924037104983659,0.00126321556336662,1.51565735760499,1.51650174903552,1.5188460099029,3,3,3
"455",0.544348179712999,0.622332138376097,0.545884874445757,0.622305847329163,0.00920009740941083,0.00125756240565933,1.51568118864444,1.51654527710325,1.51886328497486,3,3,3
"456",0.544332941343562,0.62233480699061,0.545878738857144,0.622305845064766,0.00916008032596497,0.00125194467499201,1.51568834995756,1.51655927275598,1.51887007994266,3,3,3
"457",0.544314452116069,0.622334778723481,0.5458698024117,0.622306385041481,0.00912031808688345,0.00124636551121582,1.51572011612222,1.51658437766757,1.51890119613585,3,3,3
"458",0.54430733312267,0.622330059647266,0.545846184060942,0.622305628932039,0.00908081067101469,0.00124080316622655,1.51569859371288,1.51655070514387,1.51887182052693,3,3,3
"459",0.544290831678592,0.622337298443673,0.545851015020122,0.622305814512711,0.00904155285731188,0.00123529296156588,1.51572274620948,1.51659234909211,1.51889729226665,3,3,3
"460",0.54427993291689,0.622329947862872,0.545818367363355,0.622307203714549,0.00900254656663927,0.00122981406544731,1.51571590876488,1.51656899243811,1.51890305680118,3,3,3
"461",0.544256247899769,0.622335149705544,0.545814578664477,0.622305089557065,0.00896378413701866,0.00122439910259742,1.5157489597199,1.51661920553341,1.51893241145366,3,3,3
"462",0.544248431939529,0.622332792265306,0.545798080193805,0.622306555018794,0.0089252673136397,0.00121901679627479,1.51572091187658,1.51658632452917,1.51890467495111,3,3,3
"463",0.544237733820077,0.622331176712988,0.545798254483466,0.622305241042621,0.00888699465709325,0.00121366728530203,1.51574501194478,1.5165956782656,1.51892795124332,3,3,3
"464",0.544221678673912,0.622330645819269,0.545774544860313,0.622305625649122,0.00884896278844406,0.00120834455704288,1.51575364523295,1.5166105548849,1.51892613224185,3,3,3
"465",0.544206591384658,0.622338958884516,0.54578297396136,0.622303577183329,0.00881116830933187,0.00120307769623718,1.51578472091767,1.51666055354201,1.51896702953809,3,3,3
"466",0.544195779663711,0.622327171472313,0.545743311270643,0.622305599119388,0.00877361187512796,0.00119784474843254,1.51572804186814,1.51659432432608,1.5189174083282,3,3,3
"467",0.544188697260143,0.622331254030256,0.54576302113996,0.622305764931209,0.00873629144949862,0.00119265530737178,1.51576141997213,1.51662720398047,1.51894836025897,3,3,3
"468",0.544172465172603,0.622334674171914,0.545727592599322,0.622304838705884,0.00869920323449128,0.00118749542267826,1.51576836221278,1.51664217284005,1.5189529784781,3,3,3
"469",0.544153871593397,0.622332354729503,0.545716734969606,0.622305459575355,0.00866234502976771,0.00118236368777402,1.51578091981223,1.51665311257125,1.51896930408864,3,3,3
"470",0.544150402051346,0.622328165452922,0.54569504240727,0.622305813169082,0.0086257167419815,0.00117724552006393,1.51575476203322,1.51661882888082,1.51893608474368,3,3,3
"471",0.544143049990388,0.622337149274646,0.545694361530763,0.622306685803867,0.00858931742550787,0.00117216620354677,1.51579600090328,1.51665886871412,1.51897504763426,3,3,3
"472",0.54412335135323,0.622328025844979,0.545681316742774,0.622304874910371,0.0085531431598432,0.00116711145893988,1.51576001247542,1.51662497902055,1.51895080254657,3,3,3
"473",0.544118361030872,0.622328831171756,0.545671974822347,0.622304914171225,0.00851719404286829,0.00116209000203271,1.51578287112132,1.51664791799622,1.51896993760162,3,3,3
"474",0.544111623978932,0.622335069471346,0.545660393216533,0.622304600819512,0.00848146694779182,0.00115709293499078,1.51577128561247,1.51664493996541,1.51897235603004,3,3,3
"475",0.544108139903504,0.622330682118681,0.545632965475766,0.622305807067856,0.00844596201871832,0.0011521324253374,1.51576813045715,1.51661645325778,1.51894676320495,3,3,3
"476",0.544090826965472,0.62233076480963,0.545636026415074,0.622304450458267,0.00841067468255758,0.001147200107385,1.51577332343443,1.51663527859985,1.51895999023492,3,3,3
"477",0.544083412130355,0.622334676236929,0.54562690357808,0.622306809799321,0.00837560424367331,0.00114230997362563,1.51578491760113,1.51665286355944,1.51896856697658,3,3,3
"478",0.544076924094675,0.622329026552697,0.545596627483502,0.622305578282818,0.00834074949353878,0.00113744013339034,1.51574699779221,1.51660654739968,1.51894504544833,3,3,3
"479",0.544075806986323,0.622331180780194,0.545597874420729,0.622304583782048,0.00830610963922764,0.00113260795075143,1.51575765207283,1.51661357457289,1.51894423575718,3,3,3
"480",0.544056071252293,0.622335318474406,0.545577131047183,0.622304272789893,0.00827167940180306,0.00112779502710902,1.51577055056182,1.51662892009581,1.51896014957435,3,3,3
"481",0.544053460402564,0.622332268576911,0.545567820309384,0.62230581425724,0.00823746069704727,0.00112300398164189,1.51576524961227,1.51663274113657,1.5189629008912,3,3,3
"482",0.5440492829643,0.622330372658616,0.545548336917417,0.622303750315936,0.00820345064547807,0.00111822664658356,1.51573911831247,1.51659923904726,1.51893453847683,3,3,3
"483",0.544045724710291,0.622336010785684,0.545542846998273,0.62230494208355,0.00816964769386611,0.0011135090612816,1.5157527319201,1.516615400297,1.51893107752826,3,3,3
"484",0.544030750847092,0.622330586174082,0.54551544687876,0.622303806636513,0.00813604921542695,0.00110881900106696,1.51573312945142,1.51659362439307,1.51892211764377,3,3,3
"485",0.544021354914822,0.622327529993273,0.545509782448667,0.622306101451149,0.00810265459601854,0.00110417571409704,1.51573911609629,1.51660644270912,1.51893558062945,3,3,3
"486",0.544014759249606,0.622334557748112,0.545496026064879,0.622303572630812,0.00806946106871073,0.00109958658258935,1.51574190584893,1.51661282563171,1.51894886587651,3,3,3
"487",0.544015941812063,0.622332074568388,0.545498450083919,0.6223037678825,0.00803646963750577,0.00109503523107335,1.51572749595941,1.51658897530461,1.51891972009588,3,3,3
"488",0.543998736881672,0.622329988876235,0.545454676079326,0.622305376426364,0.00800367533059899,0.00109050335083827,1.51573000954287,1.51659124074289,1.51891875459947,3,3,3
"489",0.543991427180892,0.622335162677397,0.545468570519799,0.622304327449361,0.00797107826455214,0.00108603712129429,1.51574191899492,1.51662242862064,1.51894227177406,3,3,3
"490",0.543985029729395,0.622328553132295,0.545450613776444,0.622303774830996,0.00793867674500468,0.00108159359212179,1.51570652732806,1.51657516827119,1.51891573884892,3,3,3
"491",0.543988533584686,0.622332036447564,0.545429859431242,0.622305870689964,0.0079064708659301,0.00107717734608659,1.51570987044872,1.51657601334705,1.51891301223746,3,3,3
"492",0.543968885401473,0.622334421138025,0.545425442328938,0.622304421568268,0.00787445498586148,0.00107278428195834,1.51572246786337,1.51658445184195,1.51891982218667,3,3,3
"493",0.543961789159819,0.622328265921959,0.545409750510365,0.622306666869937,0.00784263096633268,0.0010684103647276,1.51570919252997,1.51658022460563,1.51892275972171,3,3,3
"494",0.543961482870399,0.622330712297107,0.54539894537012,0.622305023621364,0.00781099771603595,0.00106406748078658,1.51572466718851,1.51658624279355,1.5189304969437,3,3,3
"495",0.543962513472497,0.62233683274675,0.545393463822071,0.622304135986939,0.00777955311036205,0.0010597859433118,1.51570988137843,1.51657678225035,1.51890901395447,3,3,3
"496",0.543943087664866,0.622328834103265,0.545376541363773,0.622305331555665,0.0077482933247648,0.00105551705717299,1.51570061519489,1.51655503301378,1.51889767217494,3,3,3
"497",0.543942052046198,0.622329214687383,0.545363023403708,0.622303983750457,0.00771722076100631,0.00105127630090429,1.51570993827053,1.51657481890154,1.51891861611814,3,3,3
"498",0.54393553114814,0.622333749032135,0.545350782612797,0.622303195211934,0.00768633071627989,0.00104707982603058,1.51569754564992,1.51656300139483,1.51890997714176,3,3,3
"499",0.543940547379754,0.622331691493789,0.545339875756319,0.622304356588879,0.00765562568938051,0.00104292997210187,1.51569335104,1.51654539300771,1.51889427287641,3,3,3
"500",0.543918147113393,0.622328554181926,0.545330911668122,0.622305394957974,0.00762509880043934,0.00103878748862662,1.51570631387361,1.51656029820642,1.51889994375429,3,3,3
"501",0.54391996609256,0.622333802688019,0.545296301933741,0.622305315405842,0.00759475330128776,0.00103468529276374,1.51569734830224,1.51656666342856,1.51889753275351,3,3,3
"502",0.543913661874682,0.622329298422692,0.545306318948968,0.622303754800274,0.00756458544019875,0.00103060072442485,1.51568153348691,1.51653933361205,1.51889419603658,3,3,3
"503",0.543915690946066,0.622330340726249,0.545272207924141,0.622303674355397,0.00753459602621994,0.00102655014237463,1.51568343236538,1.51654045083805,1.51888925182012,3,3,3
"504",0.543893492514678,0.622333104048015,0.545288946765753,0.622306171078565,0.00750477845014788,0.00102252112902945,1.51569823292908,1.51655325466163,1.51889945486473,3,3,3
"505",0.543898154055099,0.622329047243956,0.545255268683024,0.622304978191622,0.00747513820451163,0.00101853554836695,1.51567245076887,1.5165354735842,1.51888217328916,3,3,3
"506",0.543891590970837,0.6223289817581,0.545250241416428,0.622303781550887,0.00744566948985081,0.00101456351172524,1.51568133124892,1.516546378579,1.5188921259785,3,3,3
"507",0.543891043130567,0.622335381788415,0.545226753642604,0.622305099004851,0.00741637278074268,0.00101063187192441,1.51567693232034,1.51654406212229,1.51887994894814,3,3,3
"508",0.543877075219734,0.622327927171202,0.545224847105012,0.622305326040544,0.0073872450190118,0.0010067082297438,1.51565532620365,1.51651727355218,1.51886411095145,3,3,3
"509",0.543878979005726,0.622327707970446,0.545206074198174,0.622305231318108,0.00735828905934321,0.0010028132461567,1.51566494883012,1.51653506235932,1.51887702938098,3,3,3
"510",0.543866962175293,0.622334634813073,0.545201624438145,0.622305471326099,0.00732949699523983,0.000998945921093508,1.51567678278757,1.5165461440301,1.51889655879242,3,3,3
"511",0.543871982453396,0.622330849206867,0.54518146129883,0.622304257976406,0.00730087341030033,0.00099510481171361,1.5156508523532,1.51650960400505,1.51885606858103,3,3,3
"512",0.543857895001865,0.622328552838983,0.545176214383295,0.622305733863535,0.00727241416270084,0.000991268784588217,1.5156683135769,1.51652677412641,1.51886891736426,3,3,3
"513",0.543854354851568,0.622334088183745,0.545158101704885,0.622305101492883,0.00724411919927658,0.000987471490501046,1.5156701828931,1.51653993941767,1.5188754958074,3,3,3
"514",0.543851805591075,0.622330833657752,0.545141322920724,0.622303503982909,0.00721598603750025,0.00098368609505739,1.51566680219764,1.5165292709122,1.51888387924323,3,3,3
"515",0.543856699883672,0.622330133139164,0.545158155472294,0.622306274887119,0.00718801682484146,0.000979925113614444,1.51565028526547,1.51651112527474,1.51885992962501,3,3,3
"516",0.543840757103988,0.622332983715478,0.545134522261584,0.622304537610952,0.0071602055513344,0.000976184606985342,1.51566052799588,1.51652286154033,1.51887870460482,3,3,3
"517",0.543846697378466,0.622328832534266,0.545138891068298,0.622305256142241,0.00713255649902805,0.000972479288716799,1.51564269072526,1.51650930474911,1.51885837268525,3,3,3
"518",0.543840111692415,0.62232942520369,0.545086460202554,0.622306830838897,0.0071050636664287,0.000968790190893687,1.51564902078647,1.51650955430412,1.51886733975928,3,3,3
"519",0.543847069215167,0.622335379743069,0.545107900279284,0.622305080251599,0.00707772969975995,0.000965137043778985,1.51564730144106,1.51651399290184,1.5188598091009,3,3,3
"520",0.543828843842063,0.622328512806736,0.545082069753993,0.622304328977616,0.00705054945014579,0.000961483241862737,1.51564970869423,1.51650819419669,1.51887122155284,3,3,3
"521",0.543834622434124,0.622328666039549,0.545088207193261,0.622304671795171,0.00702352712682883,0.000957859897699032,1.51564162938554,1.51651077671969,1.51886589514737,3,3,3
"522",0.543826186759653,0.622335477860584,0.54506336850913,0.622305571636079,0.0069966549347217,0.000954266149451821,1.51564454381576,1.51651691836648,1.5188811648459,3,3,3
"523",0.543830853657184,0.622331370415376,0.545073322901386,0.62230416110914,0.00696993744909686,0.000950700650104941,1.5156418194084,1.51649760066609,1.51885695099155,3,3,3
"524",0.54381674468353,0.622330476519151,0.545050150754916,0.622305463063859,0.00694336978634075,0.000947150169183231,1.51564664545421,1.51650522447733,1.51885953514698,3,3,3
"525",0.543816429187192,0.622333489768025,0.545035137682843,0.622305871528234,0.00691695384337728,0.000943625291131123,1.51565960792406,1.51652684106484,1.51888405592827,3,3,3
"526",0.543809966196876,0.62233202096597,0.54503602712161,0.622305006176635,0.00689068426897843,0.000940116716901529,1.51563869310721,1.51650179026894,1.51886643354255,3,3,3
"527",0.543814511101526,0.622331306621759,0.545020513149519,0.622304223135233,0.00686456537321736,0.000936646754830073,1.51564378671974,1.51650550702733,1.51887181073805,3,3,3
"528",0.543798555298674,0.622335984034255,0.545039398935312,0.622306507856864,0.00683859050017305,0.00093319285255411,1.51565620171605,1.51651935369725,1.51888413835762,3,3,3
"529",0.543800237256815,0.62232968489441,0.544992646911895,0.62230608466595,0.00681276363044421,0.00092976066969197,1.51564168792259,1.51650627516551,1.51886895513702,3,3,3
"530",0.543793649818909,0.62233191843872,0.545004545849073,0.622306225530557,0.00678707929555993,0.000926345290500286,1.51564926434459,1.51651603879085,1.51887951212285,3,3,3
"531",0.543796352769713,0.622335271817788,0.544997282761171,0.622305052580277,0.00676153991578416,0.000922954588893687,1.51565061828532,1.51651828970669,1.5188781633529,3,3,3
"532",0.543777809658701,0.622330968635614,0.544976553321857,0.622305431327045,0.00673614104043543,0.000919569785630237,1.51565270702643,1.5165117780947,1.51887531741423,3,3,3
"533",0.543783951010496,0.622328251211423,0.544985731627812,0.622306057228017,0.00671088635927245,0.000916203330028509,1.51564290063589,1.5165142572626,1.51887921160455,3,3,3
"534",0.543770940375451,0.62233474823193,0.5449656181647,0.622304342028247,0.00668576871376038,0.000912871191364295,1.51565893442847,1.51653220915585,1.5189015105167,3,3,3
"535",0.5437727975298,0.622329601308197,0.544967029619456,0.622304379835048,0.00666079204102,0.000909553126295815,1.51566182434486,1.51651828018131,1.51887104102878,3,3,3
"536",0.543761567996162,0.622331234468829,0.544951020888202,0.622305525658757,0.00663595272122938,0.000906246745901229,1.51566614763355,1.51652890978096,1.51888066943366,3,3,3
"537",0.543758429609197,0.622330940476032,0.544952045461938,0.622306985500457,0.00661125166840074,0.000902965352328589,1.51566666475761,1.51653821727671,1.51888948085065,3,3,3
"538",0.543747418096038,0.622330686860101,0.544939624521755,0.622304835465154,0.00658668433186484,0.000899698980355135,1.51566961045313,1.51652974676139,1.51890214496086,3,3,3
"539",0.54375571759298,0.622332255902855,0.544925021296993,0.622304612638819,0.00656225601636733,0.00089645650648662,1.51567879781345,1.51654610502218,1.51890834272111,3,3,3
"540",0.543740278767498,0.622331960647958,0.544915615421163,0.622304984141545,0.00653795882805671,0.000893225816421483,1.51567128342437,1.51653478297622,1.51889724019165,3,3,3
"541",0.54374688901038,0.622328026685404,0.544909029110225,0.622305360580529,0.00651379787878691,0.000890014923251026,1.51566287158974,1.51652762270984,1.51889238979675,3,3,3
"542",0.543734628445264,0.622332110293922,0.544904091430312,0.622304948160539,0.00648976759106218,0.000886829116303223,1.51568858445995,1.51654373231148,1.51891034209396,3,3,3
"543",0.543736428043974,0.622332604640809,0.544900077892394,0.622303456056627,0.00646586995603192,0.000883658755149397,1.5156674378223,1.51654439813614,1.51888727199168,3,3,3
"544",0.543726899075658,0.622330002520354,0.544903162706308,0.622304693161767,0.0064421006849002,0.000880493722758113,1.51568332596346,1.51654041970038,1.51890789331705,3,3,3
"545",0.54373824973071,0.622331415727234,0.54487789080242,0.622305507863166,0.00641846536209147,0.000877360177832909,1.51566988743552,1.51653924609819,1.51890095683676,3,3,3
"546",0.543713446128777,0.622332601640224,0.544887403666671,0.622304933705554,0.00639495380586592,0.000874239039578395,1.51569219368905,1.51655035123404,1.51892414585229,3,3,3
"547",0.543729849981932,0.622332941507996,0.544870996593386,0.622304893785633,0.00637157351442958,0.000871131798830582,1.51567711806486,1.51654115424056,1.51889730597271,3,3,3
"548",0.543718297397656,0.622330793669224,0.544861710192518,0.622303736738353,0.00634831854865138,0.000868040267036241,1.5156802592443,1.51654849938188,1.51889760024989,3,3,3
"549",0.543723928445451,0.62233330892702,0.544852292337671,0.62230475382162,0.00632519158689412,0.000864992384866925,1.51566331500573,1.5165428242808,1.51889173550111,3,3,3
"550",0.543706924203542,0.62233037059789,0.544850104601216,0.622304767993495,0.00630218626550548,0.000861958136105012,1.51568907823211,1.51655270069406,1.518917329817,3,3,3
"551",0.543721323561468,0.622332757700094,0.544843984948336,0.622305239643745,0.00627930918002671,0.000858945487383189,1.51566563405836,1.5165373573192,1.5188984582372,3,3,3
"552",0.543707141214037,0.622334809859005,0.54482120688811,0.622305031927239,0.00625655171495872,0.000855941247450587,1.51568807014635,1.51655112004018,1.51891655851239,3,3,3
"553",0.543720592009109,0.622330745162008,0.544833329527252,0.622306109283448,0.0062339201078497,0.000852957018676936,1.51564261202088,1.51651083162889,1.51887678035673,3,3,3
"554",0.543701633788439,0.622332199715511,0.544822448802846,0.622303767903468,0.00621140730034432,0.000849981960316493,1.51568276789478,1.5165458198437,1.51890827894172,3,3,3
"555",0.543713380521281,0.622336532114462,0.544803894250998,0.622304927747819,0.00618901706287432,0.00084703029736477,1.5156574406454,1.5165331879246,1.51888466987607,3,3,3
"556",0.543703949775846,0.62233030466857,0.544820970643163,0.622305417680507,0.0061667444270756,0.00084409147449771,1.51564454176646,1.5165134611245,1.51887081745175,3,3,3
"557",0.54371850280849,0.622332293889026,0.544788582677806,0.622304240989064,0.00614459483169273,0.000841185225692986,1.51563453208183,1.51650121546474,1.51887152952444,3,3,3
"558",0.543693839259084,0.622333577726055,0.544807399872544,0.622304618961645,0.00612255854797944,0.000838287669272519,1.51565400459955,1.51651917234965,1.51889342642298,3,3,3
"559",0.543708372532145,0.622332850512054,0.544772018360801,0.622306066360882,0.00610064306613145,0.000835407338569349,1.51564590983832,1.51651212430776,1.51886316486639,3,3,3
"560",0.543702054760041,0.622332182870188,0.544770995324578,0.622305082637679,0.00607884227258648,0.000832537319647719,1.51563412699035,1.51650429888753,1.51885955837762,3,3,3
"561",0.543705809284624,0.622332903828082,0.544767190746158,0.622303876592103,0.00605715926757412,0.000829694461701891,1.51561872839264,1.51649088214807,1.51885038707811,3,3,3
"562",0.543688980138864,0.622330020492629,0.544772074364358,0.622303894198635,0.00603558774715226,0.000826854307336755,1.51563983233881,1.51649911184858,1.51886942287082,3,3,3
"563",0.543706606624754,0.622333025231477,0.544760530892884,0.622305005000109,0.00601413411818767,0.000824030418573596,1.51561433397325,1.51647828237912,1.51884974211441,3,3,3
"564",0.543689517073071,0.622332746446972,0.544758834451594,0.622305107965012,0.00599279011329461,0.00082121413163605,1.51561402689028,1.51647655042439,1.51885080737489,3,3,3
"565",0.543701132184889,0.622329394885898,0.544745301376935,0.622305893703472,0.00597156204233744,0.00081842628190365,1.51559917980476,1.51645651557356,1.51883029460262,3,3,3
"566",0.543687430809411,0.622331936585058,0.544738376244619,0.622304106192753,0.00595044272215702,0.000815661778069465,1.51561990706476,1.51648547531327,1.51884925410301,3,3,3
"567",0.543691638809798,0.622332559918437,0.544711014159937,0.622304524114369,0.00592943610733065,0.000812911794524362,1.51561217901578,1.51648427103019,1.51883981412724,3,3,3
"568",0.543680309617946,0.622331356698261,0.544738370640129,0.622305171015691,0.00590853727279689,0.00081017033554931,1.51559931069144,1.51645915358357,1.51882995650285,3,3,3
"569",0.543697134532461,0.622329783095077,0.54471600495017,0.622305911559179,0.00588775175742814,0.000807441820308674,1.51558694850988,1.51644939712576,1.51882645366132,3,3,3
"570",0.543667929263082,0.622332929944265,0.544725739350594,0.622305443691712,0.00586706986843762,0.000804726283194723,1.51561333776045,1.51647494109916,1.5188568372337,3,3,3
"571",0.543682646246971,0.622331899389362,0.544700042964842,0.622304350453626,0.00584649911417685,0.000802035462980633,1.51559547257689,1.51645964210349,1.51882098331982,3,3,3
"572",0.543676544589959,0.622333028105662,0.544699313530187,0.622304126160127,0.00582603368309168,0.000799354758909465,1.51559700837777,1.51646613931937,1.51882914495182,3,3,3
"573",0.543683730599611,0.622333397098803,0.544690656236195,0.622304371191897,0.00580567713259771,0.000796699600833839,1.51559921868036,1.51646761693977,1.51884410239222,3,3,3
"574",0.543664975325435,0.622332499126222,0.544691950482878,0.622306655770875,0.00578542279038073,0.000794057335022136,1.515603876446,1.51645608422776,1.51884084258204,3,3,3
"575",0.543684905188751,0.622331986288582,0.544671857571073,0.622305104370219,0.0057652771177134,0.000791430284545092,1.51558248542415,1.51644052218215,1.51882564903821,3,3,3
"576",0.543669128234387,0.62233361553972,0.544663589391876,0.622304120417329,0.00574523249702768,0.000788818901872546,1.51559000651172,1.51644320154998,1.5188306503907,3,3,3
"577",0.543675884373738,0.622330238260208,0.544674189555383,0.622303938290089,0.00572529475312203,0.000786220459261244,1.51557392835697,1.51643191446021,1.51882057172581,3,3,3
"578",0.543667412624087,0.622333771652256,0.544660614913207,0.622304102118638,0.00570545678660242,0.000783627449593149,1.51560033459116,1.51646109111928,1.5188389142904,3,3,3
"579",0.543672624424526,0.622334581178168,0.544663468597494,0.622305443750118,0.00568572336119567,0.000781050341695622,1.51559065152781,1.5164608219485,1.51882826114988,3,3,3
"580",0.543661441963511,0.622332342165001,0.544643588770654,0.622305696487867,0.0056660889970111,0.000778486038890525,1.51557723910288,1.51642756044061,1.51881556029646,3,3,3
"581",0.54368428498574,0.622331199574488,0.544645003325189,0.622303631253952,0.00564655971633428,0.000775931065302604,1.51556053381034,1.5164166665477,1.51881348671426,3,3,3
"582",0.543652673344683,0.622333842603461,0.544641505344498,0.622304385297421,0.00562712564890002,0.000773384924449227,1.51560695892534,1.51646320332989,1.51885554332835,3,3,3
"583",0.543670829266749,0.622333462244687,0.544642613075799,0.622304603088755,0.00560779472109303,0.000770856928004604,1.51556694610965,1.51643083727759,1.51881605859328,3,3,3
"584",0.543672624066088,0.622333942901579,0.544625289420937,0.622305788980979,0.0055885611777936,0.000768336555837301,1.51556653366206,1.51642628285068,1.51881471356403,3,3,3
"585",0.543669523982517,0.622331988465663,0.544642899686656,0.622304976503211,0.00556942750217585,0.000765824026878636,1.51558105915029,1.51644160963266,1.51882919195352,3,3,3
"586",0.543650868214904,0.622332466928775,0.544605796887871,0.622306649230455,0.00555038779148012,0.000763319997658329,1.515591280092,1.51643399520852,1.5188406494169,3,3,3
"587",0.543678094329373,0.622334034068846,0.544632463190549,0.622305624362646,0.00553144856991426,0.000760828844679984,1.51554997152829,1.51640283832002,1.51880388781532,3,3,3
"588",0.543657859598545,0.622333955796909,0.544616602676605,0.622304114888811,0.00551260263805744,0.000758343810327911,1.51558261669545,1.51643374956858,1.51883916276929,3,3,3
"589",0.543669099365128,0.622331109884559,0.544616202620918,0.622305117126083,0.00549385492357462,0.000755869249937424,1.51554076125196,1.51639483618574,1.51879771081532,3,3,3
"590",0.543666363624312,0.622335505915358,0.544587435590959,0.622305861327167,0.00547519995407957,0.000753404444675421,1.51557183522626,1.5164260032017,1.51881528351422,3,3,3
"591",0.54367397148472,0.622334696501556,0.544587082203436,0.62230506027232,0.00545664175462034,0.000750950578093268,1.51557627854463,1.51643160467154,1.51882197600986,3,3,3
"592",0.543660299270417,0.62233270884152,0.544571140790543,0.62230489050732,0.00543817436427916,0.000748503352396734,1.51556234775982,1.51640231091644,1.51880756619515,3,3,3
"593",0.543684515043449,0.622330796901145,0.544602336822922,0.622305943231998,0.00541980361658824,0.00074606597140725,1.5155164426842,1.51636891741836,1.51877169984065,3,3,3
"594",0.543662147666526,0.622333004848676,0.544572100211483,0.62230635480358,0.00540152204564267,0.000743635590465974,1.51556733003518,1.51642357948798,1.51882301792332,3,3,3
"595",0.543676335625809,0.622333105721034,0.544572969409938,0.622305431562363,0.00538333475459899,0.00074121579671782,1.51553859971509,1.51638509702458,1.51878491476243,3,3,3
"596",0.543675658222614,0.622333904808633,0.544578632325516,0.622303796659466,0.00536523682417777,0.000738804845811347,1.51552960241982,1.51638447624812,1.51878393772314,3,3,3
"597",0.543680258892948,0.622331899878483,0.544551073388227,0.622305650729889,0.00534723196612201,0.000736411287647121,1.51554465862566,1.51638915347361,1.51879311257384,3,3,3
"598",0.543664452625865,0.622332342455761,0.544553494410387,0.622304546142696,0.00532931393278814,0.000734028093757444,1.51554465197734,1.51637649009985,1.51879256570482,3,3,3
"599",0.54369163250581,0.62233300373657,0.544537667726721,0.622306943301595,0.00531148871313377,0.000731654536554882,1.51550522373641,1.51634877667594,1.51875641051948,3,3,3
"600",0.543671344116822,0.622332466233653,0.54455048879495,0.622305188684243,0.00529374942793466,0.000729296710458516,1.51553771074373,1.51638444662742,1.51879284023315,3,3,3
"601",0.543680078899151,0.622330694529854,0.544543546186986,0.622304511677665,0.005276100341748,0.000726957512076631,1.51551364570577,1.51635509036646,1.51877171243902,3,3,3
"602",0.543677237988685,0.622333543546349,0.544528566447525,0.622304945508633,0.00525853673872992,0.000724628426856389,1.51552370237615,1.51637164347027,1.51876617528233,3,3,3
"603",0.543684799949868,0.622334366549544,0.544530236940117,0.622306125466671,0.00524106252616982,0.00072231326840988,1.51553988491343,1.5163818218266,1.51878413559155,3,3,3
"604",0.543668601332854,0.622332001426211,0.544529608586649,0.622304811890028,0.00522367150999845,0.000720009676422495,1.51552481520481,1.51635432139518,1.5187698501388,3,3,3
"605",0.543692743392166,0.622330682718086,0.544539987569951,0.622304445418665,0.00520636983459388,0.000717717740121304,1.51548198797018,1.51632125239939,1.51873687117219,3,3,3
"606",0.543667289445838,0.622335202581498,0.544507377443933,0.622305524994664,0.00518915006725412,0.000715441783238457,1.51554900603185,1.51638695700583,1.51880005350411,3,3,3
"607",0.543686625579584,0.622333209505184,0.544506193877222,0.622305375396686,0.0051720182221736,0.000713175192681659,1.51551099540282,1.51634908407569,1.51875799652174,3,3,3
"608",0.543678178911149,0.622333860148289,0.544480442048538,0.622305385486484,0.00515496754982827,0.000710915239459875,1.51550427354086,1.51634670749897,1.5187565734694,3,3,3
"609",0.543684896692808,0.62233169477701,0.544506007410222,0.622305478118427,0.00513800341340968,0.000708667482893444,1.51551407568605,1.51635412633555,1.51876753068015,3,3,3
"610",0.543668989972496,0.622331870529997,0.544484493529144,0.622304889858472,0.00512111935275543,0.000706428420132688,1.51551491805383,1.5163371638964,1.51876838238215,3,3,3
"611",0.543692431632385,0.622335250985068,0.54449755889621,0.622304595769476,0.00510432091096855,0.000704202033635748,1.51549880654673,1.51633720916952,1.51875462613744,3,3,3
"612",0.543666950602558,0.622330823587843,0.544475913231012,0.622305143987219,0.00508760093820636,0.000701975939990329,1.51551527639336,1.51635160230151,1.51877153934473,3,3,3
"613",0.543685287561777,0.622330139970398,0.544481115768049,0.622305365024339,0.00507096616705876,0.000699763200007086,1.51548079193667,1.51630797835391,1.51873034235397,3,3,3
"614",0.543671469176349,0.622334296036424,0.54448845954407,0.622304734469387,0.00505440877603481,0.00069755986495923,1.51551917579573,1.51635283109629,1.51876486693688,3,3,3
"615",0.543681124040966,0.62233454718563,0.54447622490696,0.622305067311223,0.00503793456726038,0.000695371162771963,1.51552606750506,1.51636580422413,1.51877534744275,3,3,3
"616",0.543667276244043,0.622332342374978,0.5444553814835,0.622304149681302,0.00502153762050704,0.00069319348102681,1.51550684113517,1.51633054028901,1.51876077391902,3,3,3
"617",0.543687673920529,0.622332477605727,0.544475878906361,0.6223046281025,0.0050052231507368,0.000691031897773087,1.51548159400164,1.51631622675987,1.51873753020857,3,3,3
"618",0.543656379400343,0.622333058893123,0.544442624394681,0.622305523627123,0.00498898351971058,0.000688878740154109,1.51553507043373,1.51637028469588,1.51879426184202,3,3,3
"619",0.543678069896954,0.62233285768135,0.544466346875118,0.622306212958439,0.00497282578455945,0.000686739069289621,1.51550344815,1.5163341708696,1.51875264250612,3,3,3
"620",0.54366955898394,0.622335572774043,0.544453150735839,0.62230541762761,0.00495674300860461,0.0006846143035103,1.51550762111032,1.51634918386761,1.51876990591001,3,3,3
"621",0.54367248132145,0.622332165259886,0.544468571246385,0.622305524176546,0.00494074013878325,0.000682499478379284,1.51550833928861,1.51634200835459,1.51876417870271,3,3,3
"622",0.543653205580728,0.622331521775076,0.544439503387554,0.62230476761816,0.00492481094955611,0.000680395248055521,1.51551815209669,1.51633377520085,1.518779488092,3,3,3
"623",0.543680215381089,0.622334353001986,0.544433603263805,0.622303845870113,0.00490896132670844,0.000678310038275787,1.51549864425036,1.51632496624068,1.51876061680694,3,3,3
"624",0.543654230195585,0.622332955110045,0.544429266723969,0.622303795072208,0.00489318422173842,0.000676233535351289,1.51551424731098,1.51635355622556,1.51878457863846,3,3,3
"625",0.543669183976519,0.622329860379131,0.54441280268097,0.622306686089179,0.00487748582114892,0.000674170529238238,1.51548195234757,1.5163071660168,1.51873976199563,3,3,3
"626",0.543655241126272,0.622334386495127,0.544423041684251,0.622305613605477,0.00486185890718345,0.000672111429066424,1.51552426583166,1.51635460376275,1.51878231961711,3,3,3
"627",0.543664775396006,0.622334461217464,0.544412397538252,0.622306144235971,0.004846309092749,0.000670063577128399,1.51553221290936,1.51636450262635,1.51878975601656,3,3,3
"628",0.543650799643186,0.622332198731136,0.544413736430665,0.622304018450651,0.004830830708001,0.000668029840751094,1.51550967392017,1.51633341638034,1.51877543280769,3,3,3
"629",0.543671068771526,0.622332176165341,0.544405604457885,0.622303412739846,0.00481542880082509,0.00066600591718935,1.51548599963038,1.51631504968841,1.51875269659627,3,3,3
"630",0.543639645847056,0.622332495417329,0.544420754486764,0.622305877722264,0.00480009604741064,0.000663988665060677,1.51553666965433,1.51636819209257,1.51880684136907,3,3,3
"631",0.543661201629867,0.622332238925982,0.544383208687843,0.622305082676028,0.00478483926730048,0.000661983914120312,1.51550645901608,1.51633240915668,1.51876561791141,3,3,3
"632",0.543652555769902,0.622334848967713,0.544406212381235,0.622303948108944,0.00476965181145461,0.000659985045821765,1.51550954197611,1.51634884159633,1.51878255119486,3,3,3
"633",0.543655346809218,0.622331689599219,0.544412656300182,0.622305045996535,0.0047545384691857,0.000657995546331613,1.51551364593488,1.51634390472469,1.51877849532482,3,3,3
"634",0.543635932294656,0.622330977316147,0.544405671423135,0.622304707525532,0.00473949327302355,0.000656009740518271,1.51552237009662,1.5163355824509,1.5187930396709,3,3,3
"635",0.543668283652755,0.62233317460112,0.544390322495186,0.622305026068371,0.00472452266922694,0.000654031072685579,1.51550404978248,1.51633030588816,1.51877073793876,3,3,3
"636",0.543636656003965,0.62233318924205,0.544383432314876,0.622304888427067,0.00470961839114878,0.000652057663941386,1.51552149504697,1.51635707217222,1.51879736640501,3,3,3
"637",0.543656958800762,0.622328644538075,0.54438158279418,0.622304421535191,0.00469478792318676,0.000650092778369138,1.51548114736952,1.51630282875461,1.51874826288867,3,3,3
"638",0.543642864199565,0.622333797096425,0.544380140924975,0.622304698492939,0.00468002358945462,0.000648131759758086,1.5155252234175,1.51635405748218,1.51878871258778,3,3,3
"639",0.543652257561297,0.622334605880808,0.544380440298172,0.622302783207594,0.00466533082143551,0.000646178198262848,1.51553660715772,1.51636695900035,1.51880082901636,3,3,3
"640",0.543638132626938,0.622332096651312,0.544372716146398,0.622304487461873,0.00465070418350009,0.000644231164210307,1.51551116765818,1.51633148042299,1.51878208317876,3,3,3
"641",0.543663742740168,0.622331121030819,0.544361645067794,0.622307277127163,0.00463614930135726,0.000642300570551479,1.51548285214295,1.51630963485746,1.51875816968289,3,3,3
"642",0.543626698536834,0.622333723426342,0.544367230411196,0.622304344401434,0.00462165766793095,0.000640374165504554,1.5155394531004,1.51637564863888,1.51881962852626,3,3,3
"643",0.543653600771903,0.622331645952291,0.544367822781472,0.62230303591785,0.00460723734976122,0.000638457200313414,1.5155046596737,1.51633018713252,1.51876801526821,3,3,3
"644",0.543644813482873,0.622334710254861,0.544352762370155,0.622304780281763,0.0045928812290728,0.000636546727689313,1.5155089763781,1.51634543302083,1.51878633300997,3,3,3
"645",0.543647473845595,0.622331974233771,0.544363680452699,0.622304640707205,0.00457859394427804,0.000634644750773683,1.51551378287329,1.51634365585023,1.51878533860069,3,3,3
"646",0.543631618482706,0.622330231813921,0.544349777555385,0.622304991277021,0.00456436999339924,0.000632744824417331,1.51551647131067,1.51632339009461,1.51878708730323,3,3,3
"647",0.543660152823102,0.622332778650108,0.544344916009053,0.622304961056451,0.00455021516085499,0.000630854641921252,1.51548851807819,1.51631444865039,1.51876503061334,3,3,3
"648",0.543623662093692,0.622336189759908,0.544356852444846,0.622304439428073,0.00453612192102021,0.000628969047201333,1.5155522071912,1.51639009000495,1.51883787095906,3,3,3
"649",0.543647523678918,0.622328618761949,0.544334847841563,0.622305867318478,0.00452209753951696,0.000627089735221076,1.51548668122814,1.51630862592127,1.518764759304,3,3,3
"650",0.543633336857499,0.622333785477354,0.544344696072464,0.622304554873618,0.00450813441901021,0.000625219004620536,1.51552672515975,1.51635433564419,1.51879819317489,3,3,3
"651",0.543634167199154,0.622335578144749,0.544329403472052,0.622304200469626,0.00449423778251973,0.000623358874996427,1.51555105398759,1.51639122769775,1.51883046894033,3,3,3
"652",0.54362774215868,0.622336016384341,0.544332160853057,0.622304302731166,0.00448040316920343,0.000621502534950968,1.51554912888197,1.51636712693269,1.51883156933057,3,3,3
"653",0.543644672847404,0.622332957567971,0.544327259515142,0.622305593726575,0.00446663517905234,0.000619660828035218,1.51552129233108,1.51635838355264,1.51881393713163,3,3,3
"654",0.543611377102148,0.622335777235056,0.544341688846548,0.62230484049087,0.0044529260563211,0.000617829551019411,1.51556916023869,1.51640764982092,1.51886211629844,3,3,3
"655",0.543633695977191,0.622334785755704,0.54431484917876,0.622305619081829,0.00443928367149508,0.000616005325460467,1.51555416686653,1.51638416298237,1.5188350859005,3,3,3
"656",0.543624864224576,0.622336493693614,0.54431353746455,0.622304569205634,0.00442570080417346,0.00061419041645816,1.5155505962181,1.51638419699446,1.51884164642517,3,3,3
"657",0.543626764348088,0.622335309415638,0.544309836456639,0.622304404134511,0.0044121826233011,0.000612388686864529,1.51557269806323,1.51639733304936,1.51885833159118,3,3,3
"658",0.543610880531832,0.622332663697548,0.544312358776768,0.622305508260705,0.004398723166883,0.000610593898461187,1.51556877957414,1.51637474840374,1.51885732080974,3,3,3
"659",0.543638126784049,0.622336210746012,0.544317934662403,0.622305866810652,0.0043853286570186,0.000608811953634603,1.51555096131277,1.5163827431245,1.51885031776835,3,3,3
"660",0.543606934456073,0.622335369247176,0.544298409269567,0.622305247286096,0.00437199109724689,0.000607034109954441,1.51557516229676,1.51641075004224,1.51887704615053,3,3,3
"661",0.543626254430273,0.622330919392136,0.544308493213383,0.622304160660401,0.00435871801732318,0.000605261851463146,1.51555327243373,1.51637489671126,1.51884742655527,3,3,3
"662",0.543615304328734,0.622335929385192,0.544283901643435,0.622304855611211,0.00434550198877698,0.000603494500388657,1.51557958379207,1.51640871559566,1.51887018318486,3,3,3
"663",0.543620176532746,0.62233648164114,0.544305834376645,0.622306356128268,0.0043323483038654,0.00060173779462247,1.5155919695004,1.5164219351176,1.51888249363934,3,3,3
"664",0.543606371523315,0.622332122598445,0.544279698845538,0.622306428524469,0.00431925146330343,0.000599982673646138,1.51557501940888,1.5163886008024,1.51887145648719,3,3,3
"665",0.543630611986823,0.622333607207676,0.544281282007471,0.622304531114123,0.00430621738300824,0.000598238129416395,1.5155540604082,1.51639027314349,1.51886668779509,3,3,3
"666",0.543597288873227,0.622336080530776,0.544288075934532,0.622304772337178,0.00429323787588385,0.000596498037859328,1.5156044988556,1.51644338494555,1.51891316959153,3,3,3
"667",0.543619561585,0.622333342448124,0.544279154449694,0.622305235832587,0.00428032055038895,0.000594763508973806,1.51557633315014,1.51640740637631,1.51887533056554,3,3,3
"668",0.543610680539542,0.622335754228057,0.544266963154196,0.622303558450409,0.00426745846299667,0.000593032182378161,1.51558043247988,1.51641645238631,1.51889215317528,3,3,3
"669",0.543612535058832,0.622333664400891,0.54428859112389,0.622305122992376,0.00425465661956815,0.000591320763619119,1.51559184235443,1.51642140292594,1.51889734418565,3,3,3
"670",0.543596588391712,0.622332296174148,0.544263962240296,0.622304253294973,0.00424190928766735,0.000589615248071329,1.51559991967772,1.51641099321223,1.51890585962869,3,3,3
"671",0.543623773634177,0.622335414447372,0.54427193260322,0.622304911119315,0.00422922248946227,0.000587919684825522,1.51557576212709,1.5164091999573,1.51889493503834,3,3,3
"672",0.543594977423852,0.622335831347183,0.544255930299915,0.622304903758536,0.00421658893612782,0.000586226949890301,1.51560498273321,1.51644343535722,1.51892408100505,3,3,3
"673",0.543611799548153,0.622331204439189,0.544252162707211,0.622303075627915,0.00420401510205232,0.000584538160382841,1.51558904448603,1.51641456007972,1.51890232475687,3,3,3
"674",0.543600746982481,0.622335395743123,0.544260394040585,0.622304374570812,0.00419149424215661,0.00058285899887156,1.5156094092821,1.51643796857415,1.51891573709604,3,3,3
"675",0.543608004421223,0.622336288465873,0.544230147236512,0.622305814575137,0.00417903188461334,0.000581204845762073,1.51561754653867,1.51644476645162,1.51892428333449,3,3,3
"676",0.543594147908643,0.622332531375255,0.544259201088807,0.622305049847872,0.00416662234019924,0.00057955325107395,1.51560886123372,1.51642557934816,1.51891798517787,3,3,3
"677",0.543615865749687,0.622333701331762,0.544232303321038,0.622305474545689,0.00415427093686649,0.000577912133829073,1.51559177355236,1.51642988841753,1.51891942232192,3,3,3
"678",0.543584896270694,0.622335783784234,0.5442560379945,0.622304752016185,0.00414197058890129,0.000576275780163615,1.51563349956083,1.51646831820103,1.51895332043867,3,3,3
"679",0.543607111766409,0.62233356925421,0.544233097217526,0.622304074008937,0.0041297282596668,0.000574648182755211,1.51560910470286,1.51644166976642,1.51892222731696,3,3,3
"680",0.543598155529117,0.622335508101148,0.544251531738502,0.622305096834874,0.00411753726549113,0.000573023560842989,1.51561345184377,1.51644610200482,1.5189346955662,3,3,3
"681",0.543599946080111,0.622334027317129,0.544229908377309,0.622305375024472,0.004105402456127,0.000571407773463983,1.51562704972736,1.51645885452161,1.51894798261363,3,3,3
"682",0.543583919328407,0.62233197649212,0.544232154827918,0.62230458437249,0.00409331831441437,0.000569791806906639,1.51563270695872,1.51643951676053,1.51894981890939,3,3,3
"683",0.543611033560196,0.622335147227766,0.544232538881628,0.622303744783524,0.00408129067101711,0.000568185807044319,1.5156069164068,1.51644100455498,1.51893791880546,3,3,3
"684",0.54358216865395,0.622335332786663,0.544235502697449,0.62230442380938,0.00406931250743258,0.000566582313035524,1.5156348976014,1.51647157401209,1.51896596851739,3,3,3
"685",0.54359892831588,0.622331039812197,0.544222687384825,0.622304073503056,0.00405739008994494,0.00056498634379254,1.51562024146943,1.51644603830623,1.51894737384583,3,3,3
"686",0.543587809731229,0.622334918456632,0.544216353059288,0.622303934668667,0.00404551692278947,0.000563398813086868,1.51563830686243,1.51646789175734,1.51895716188274,3,3,3
"687",0.543595012934731,0.622336093450516,0.54422878918342,0.622305170505886,0.00403369836014858,0.000561821181450095,1.51564874296331,1.51647767262822,1.51896779472793,3,3,3
"688",0.543581100210833,0.622332144205263,0.544194670305966,0.622306294891303,0.00402192892424638,0.000560243311707675,1.51563908181528,1.51645519916354,1.51896143145548,3,3,3
"689",0.54360356481908,0.622336075943651,0.544225782393389,0.622305840806528,0.00401021305943473,0.000558674489945288,1.5156362696557,1.51647203418747,1.51897076220836,3,3,3
"690",0.543576294939684,0.62233606333777,0.544220935941344,0.622305404696574,0.00399854541353187,0.000557109752123419,1.51566354824703,1.51649688951903,1.51899061081435,3,3,3
"691",0.543594726265489,0.622333177747367,0.544206731091475,0.622304323351241,0.00398693122032668,0.000555551494283879,1.51563306502989,1.5164664474913,1.51895657425893,3,3,3
"692",0.543590273597729,0.622336458895543,0.544224110934215,0.622304204589603,0.00397536483131047,0.000554005317124906,1.51563863171532,1.51646886965789,1.51896962353017,3,3,3
"693",0.543595735026479,0.622333573584746,0.54420645813886,0.622303344472815,0.00396385110685557,0.000552466819293773,1.51564836731743,1.51646951313036,1.51897453411773,3,3,3
"694",0.543576016317417,0.622332514979916,0.544222550741201,0.622305778563538,0.00395238433932431,0.000550933556615618,1.51564512530271,1.51645774680349,1.51898004474408,3,3,3
"695",0.543607576255449,0.62233602058163,0.544193440297862,0.62230526579004,0.00394096986328618,0.00054940879714227,1.51561647613498,1.51644877697445,1.51895516404774,3,3,3
"696",0.543582467972482,0.622336005188136,0.54421777555522,0.62230425379049,0.00392960216761133,0.00054788712619902,1.51564569700426,1.51647718670253,1.51897890139175,3,3,3
"697",0.543595476992026,0.622331312944444,0.544225267507972,0.622307011362035,0.00391828584076809,0.000546372017170671,1.51562137584252,1.51644430331995,1.51895572937994,3,3,3
"698",0.543588896925951,0.622337213151588,0.544210095485649,0.622306032221539,0.00390701539881845,0.0005448651612181,1.5156474214789,1.516467153751,1.5189691086821,3,3,3
"699",0.543599784464248,0.622335695340039,0.544213266517473,0.622304718938651,0.00389579618798832,0.000543367006274553,1.51563849991098,1.51645672385915,1.51896258950804,3,3,3
"700",0.543582209821481,0.622332982834419,0.544216930982779,0.622305071475092,0.00388462254417248,0.000541871198788568,1.51562692672536,1.51644652585679,1.51896187555151,3,3,3
"701",0.543608347473891,0.622334501646592,0.544194544399606,0.622305475279233,0.00387349916147347,0.000540383096286678,1.51560796584645,1.51644549750919,1.51895103532019,3,3,3
"702",0.543581097631481,0.622335601776806,0.544210295882243,0.622305557131833,0.00386242068929353,0.000538900014209642,1.51564657330231,1.51647462160752,1.51897732003345,3,3,3
"703",0.543599539854011,0.622333373544696,0.54418443199182,0.622305673430913,0.00385139219909289,0.000537421089964352,1.51561625567491,1.51644707369821,1.51894520320598,3,3,3
"704",0.543595094685044,0.6223369353538,0.544202494838556,0.622304869160114,0.00384040824709947,0.000535945384302461,1.51562496487631,1.51644922441684,1.51895740958497,3,3,3
"705",0.543600549698146,0.622333338888295,0.544191341269937,0.622305900610267,0.00382947354565779,0.000534475396306244,1.51562572510367,1.5164454762125,1.51895708326687,3,3,3
"706",0.543580834251143,0.622332485522862,0.544206613028763,0.622304881666556,0.00381858259110493,0.000533010494698671,1.51562737964705,1.51643768622333,1.51896565919898,3,3,3
"707",0.543612398450551,0.622336090912086,0.544197469553847,0.622305648215494,0.00380774055324568,0.00053155831481444,1.51560102084842,1.51643132754417,1.51894249347847,3,3,3
"708",0.543592653509461,0.622335633114854,0.54421601993568,0.622305200083425,0.00379694259756915,0.000530109402709034,1.51561902846657,1.5164504211252,1.51895812513442,3,3,3
"709",0.543605636431046,0.622331378420731,0.544214832393949,0.622303736933925,0.00378619269106845,0.000528662879317854,1.51560601146661,1.51642512638336,1.51894191743155,3,3,3
"710",0.543599028163484,0.622336527896022,0.544203412357377,0.622304386622932,0.0037754855460656,0.000527220805530582,1.51562560865846,1.5164441376553,1.51895150576156,3,3,3
"711",0.543605341676375,0.622333656689471,0.544218787799552,0.622305968534078,0.0037648259912759,0.00052578240747303,1.51563134963179,1.51644838806004,1.51895271440952,3,3,3
"712",0.543597648053735,0.622332896567944,0.544173622840524,0.622306957919526,0.00375420974503265,0.000524351394964873,1.51559425399591,1.5164128288835,1.51892923347864,3,3,3
"713",0.54361590933749,0.622332695065968,0.544208744639246,0.622306346250553,0.00374363996105643,0.000522922474491483,1.51560443497833,1.51643215796215,1.51893811255024,3,3,3
"714",0.543591861498399,0.622337136488181,0.544193522722164,0.622306329032834,0.00373311226296952,0.00052150137884921,1.51564662830265,1.51646945481851,1.51897380674861,3,3,3
"715",0.543610245700162,0.622333064379621,0.544223419222315,0.622305500248178,0.00372263135453313,0.00052008473800591,1.51559294809943,1.51642452401763,1.51892653393289,3,3,3
"716",0.543607832109375,0.622334959017783,0.544194797122205,0.622304660623882,0.00371219223867994,0.000518670127214849,1.51559365275468,1.51641369652875,1.51892659369332,3,3,3
"717",0.54360864944153,0.622332201226136,0.544203206883432,0.622304701455082,0.00370179887946871,0.000517258689065936,1.51562258870527,1.51644397671583,1.51895481994545,3,3,3
"718",0.543592122697309,0.62233397711431,0.544190433903531,0.622305527950824,0.00369144653030882,0.000515855363059536,1.51562796214892,1.51643680477603,1.51896484941829,3,3,3
"719",0.543620332247353,0.622335786793115,0.544211747771111,0.62230583179009,0.00368113978179762,0.000514457810570579,1.51559584683898,1.51642601460162,1.51893831847961,3,3,3
"720",0.543600483249226,0.622335137929646,0.544187213116243,0.622306834214529,0.00367087418098192,0.000513064353825698,1.51560467492452,1.51643728624186,1.51894722355336,3,3,3
"721",0.543608831117623,0.622329560173496,0.544180459998247,0.622305063999916,0.00366065323338242,0.000511673462584294,1.51560076056556,1.51642304421896,1.51893834752934,3,3,3
"722",0.543602147508867,0.622336910068188,0.544211273074048,0.622304363020609,0.00365047218382249,0.000510292419284686,1.51562924894038,1.51644970674009,1.51895899136555,3,3,3
"723",0.543612920740431,0.622336128099554,0.544193714024944,0.622305275748577,0.00364033605738734,0.000508920567633742,1.51562299653139,1.51644166671426,1.51895343872935,3,3,3
"724",0.543600604771215,0.622332102154906,0.54420998935327,0.62230436974211,0.00363024003796748,0.000507550815940117,1.51559030726845,1.51640671225534,1.51892774189714,3,3,3
"725",0.543618800979229,0.622332463962613,0.544175501522305,0.622305496433161,0.00362018753274062,0.000506182050885928,1.51560314958505,1.51643499647436,1.51894190158597,3,3,3
"726",0.543597702162616,0.622338034061183,0.544184971284903,0.622305336535883,0.00361017426253674,0.000504823061259541,1.51563878697817,1.51645862839802,1.51896902665917,3,3,3
"727",0.543613033965369,0.62233122737702,0.544180077067238,0.622306146577796,0.00360020490651343,0.000503467734330632,1.51558227734122,1.51641414144905,1.5189247974045,3,3,3
"728",0.543610580188678,0.622335191651067,0.544204814705828,0.622305062082682,0.0035902745794847,0.000502116104910133,1.51560155094226,1.51642367856885,1.51893318003928,3,3,3
"729",0.543614353872289,0.622333897525915,0.544170115624406,0.622305809116507,0.00358038707304376,0.000500779313319377,1.51562521697845,1.5164428893687,1.51895454956129,3,3,3
"730",0.54359780802468,0.622333956962661,0.544176836475747,0.622304739056806,0.00357053786557193,0.000499447086518834,1.51561839912392,1.51642484942647,1.51895609060199,3,3,3
"731",0.543622990953349,0.622334059366029,0.544183078182719,0.622306972463794,0.00356073146539939,0.000498121113923999,1.51559064948763,1.51642461084229,1.51893573664984,3,3,3
"732",0.543606116442174,0.62233607422339,0.544182076578137,0.62230676005797,0.0035509634582218,0.000496805318677795,1.51560416272755,1.51643199685665,1.51894810659822,3,3,3
"733",0.543614453223074,0.622329762578871,0.544175018185941,0.622304191585432,0.00354123730800002,0.000495494953607234,1.51559694490704,1.51641594274951,1.51893334580983,3,3,3
"734",0.543607765513713,0.622336887732283,0.544174315275258,0.62230294305176,0.00353154842298319,0.000494189924304833,1.51562462820672,1.51644208946917,1.51895528165958,3,3,3
"735",0.54361851913742,0.622335567627538,0.544179884167046,0.622304100888475,0.00352190167743531,0.000492894269299771,1.5156168116209,1.51642987442633,1.51894601902494,3,3,3
"736",0.543606196400623,0.622331961129504,0.544166155541834,0.622304881459101,0.00351229242019242,0.000491601175030665,1.51558700942359,1.51640085889928,1.518925076445,3,3,3
"737",0.543624379315856,0.622332290844,0.544172150901136,0.622305151325251,0.00350272396014837,0.000490308880575774,1.51559967288684,1.51642796934998,1.5189384783524,3,3,3
"738",0.543603264208467,0.622337791503438,0.544175543105914,0.622305285914948,0.00349319216593181,0.000489024319395792,1.51563336150084,1.51645112834579,1.51896396129372,3,3,3
"739",0.543618579230403,0.622331003472443,0.544192449766567,0.622303772178319,0.00348370157732913,0.000487743187334022,1.51557750726519,1.51640573953878,1.5189197882019,3,3,3
"740",0.543619142561701,0.622334621031701,0.544158307289519,0.622304919678141,0.00347424767244253,0.000486468037921406,1.51560026143928,1.51641877259619,1.51893353030965,3,3,3
"741",0.543619881251474,0.622334652355743,0.544184675064699,0.622305356501119,0.00346483374086055,0.000485198879613291,1.5156159419194,1.51643592488965,1.51895315352382,3,3,3
"742",0.543606325812289,0.622332860336839,0.544174176616763,0.622304248917406,0.00345545580518566,0.000483931955403527,1.51560354415577,1.51641270788427,1.51894305414916,3,3,3
"743",0.543626029274781,0.62233510769489,0.544183911379149,0.622304631750913,0.00344611749973728,0.000482670721060341,1.51558959591995,1.51641681946841,1.51893136181654,3,3,3
"744",0.543614634770303,0.622335524656884,0.544166429731259,0.622306649208406,0.00343681565667711,0.000481417468299994,1.51559803574574,1.51641942684096,1.51893436878451,3,3,3
"745",0.543617459859429,0.622330646917523,0.544166787757797,0.622305743761941,0.00342755254657291,0.00048016582080801,1.51558804307475,1.51640815408628,1.51892897442474,3,3,3
"746",0.543613790700535,0.622335939145011,0.544165857665999,0.62230387543424,0.00341832447431704,0.000478923581895718,1.51561035607326,1.51643309018884,1.51894559319155,3,3,3
"747",0.543629335521013,0.622336141125857,0.544150866413206,0.62230498540871,0.00340913583451169,0.000477689983134133,1.51559975537964,1.51641621007237,1.51892788629165,3,3,3
"748",0.543612215310935,0.622332825558445,0.544179756509146,0.622306203706073,0.00339998241818415,0.000476457561501609,1.51559023123491,1.51640047037761,1.5189189025318,3,3,3
"749",0.543629666504646,0.622332993373844,0.544145829267017,0.622305824457009,0.00339086661635195,0.000475226678440133,1.51557208755504,1.5164000207899,1.51891789201308,3,3,3
"750",0.543617058423122,0.622335725428293,0.544167760765397,0.622304036918858,0.00338178584991144,0.000474000730406932,1.51559824321405,1.51642217793153,1.51893515255583,3,3,3
"751",0.543626882121662,0.622332282754041,0.544158238022144,0.622303875478292,0.00337274325875363,0.000472780248386928,1.5155633675371,1.51639371309537,1.51890482422856,3,3,3
"752",0.543624408869519,0.622335828016466,0.544165355962041,0.622303901040514,0.00336373482153792,0.000471564977573502,1.51557841659076,1.51639847209267,1.51890479519125,3,3,3
"753",0.543632922022833,0.622334200991528,0.544145061104209,0.622305360435823,0.00335476397245206,0.000470352742387603,1.51558168875779,1.51640160624482,1.51891189319151,3,3,3
"754",0.543614591146399,0.622332916792342,0.544133176379648,0.622304705715845,0.00334582696054383,0.000469142989532156,1.51558344789157,1.51639747533154,1.51892477033427,3,3,3
"755",0.543639051454181,0.622334454101914,0.544141714472293,0.622304243375914,0.00333692703500074,0.00046793886133667,1.51554918818877,1.5163781460598,1.51889048756195,3,3,3
"756",0.543627653165578,0.62233595978843,0.544144714144994,0.622305448415239,0.003328061276331,0.000466738254717214,1.51556714358527,1.51639023889497,1.51890189391036,3,3,3
"757",0.543630463824783,0.622330888101247,0.544150596418847,0.622305526000715,0.00331923189339207,0.000465540331948344,1.51555418420791,1.51637823023208,1.51889561981543,3,3,3
"758",0.543626787878213,0.622335572420735,0.544123209457949,0.622305334637915,0.00331043531527545,0.000464348845589768,1.51557267161562,1.51639455205986,1.51890405261315,3,3,3
"759",0.543642330594971,0.622335561030731,0.544145403000524,0.622305920438368,0.00330167580862907,0.000463165154723444,1.51556061242465,1.51637756101627,1.51888503458956,3,3,3
"760",0.543625227000052,0.622332955317028,0.544127949426284,0.622304902143768,0.00329294930434124,0.000461985869850579,1.51555534253871,1.5163681528577,1.51888570149481,3,3,3
"761",0.543642694136255,0.622332946876381,0.544149025462325,0.622306387595742,0.0032842581280882,0.000460813679470595,1.51553797023036,1.51636753568505,1.51887999288175,3,3,3
"762",0.543630113127764,0.622335572733352,0.544149597583891,0.62230538292815,0.00327559978888184,0.000459647126206497,1.51556316543561,1.51638771382489,1.51889811321149,3,3,3
"763",0.543639969051636,0.622332021485896,0.544153559342002,0.622305273390114,0.00326697733843157,0.000458485015033872,1.5155278053762,1.51635887026643,1.51886683423458,3,3,3
"764",0.54363753879935,0.622335658764725,0.544126151609009,0.622305790649407,0.00325838688849192,0.000457324864330588,1.51554432119589,1.51636483903306,1.51886836280413,3,3,3
"765",0.543646103103598,0.622334012966993,0.544128681458845,0.622305179955132,0.00324983177527735,0.000456167335723068,1.51554804516139,1.51636858293886,1.51887493296111,3,3,3
"766",0.543627830177924,0.622332740445032,0.544126412662207,0.622305480390665,0.00324130837189154,0.000455013425312289,1.51554955820633,1.51636361969634,1.51889022022932,3,3,3
"767",0.543652354721448,0.622334207299461,0.544117184843946,0.622306837045506,0.00323281983625211,0.000453869103796189,1.51551530734973,1.51634490142722,1.51885379795608,3,3,3
"768",0.543641025451834,0.622335725042021,0.544105703179255,0.622307370827012,0.00322436334664792,0.000452730676731461,1.51553296103469,1.51635679303052,1.51886632296746,3,3,3
"769",0.54364390834661,0.622330714405158,0.544118079906295,0.622305398054554,0.00321594105239696,0.000451593381915916,1.51552075911293,1.51634598911693,1.51886069240017,3,3,3
"770",0.543640309946895,0.62233538110259,0.544124057318912,0.622304704991572,0.00320754950037823,0.000450460217736759,1.5155387778744,1.51636200702587,1.51886892539065,3,3,3
"771",0.543655931037885,0.622335348495886,0.54409946156131,0.622306642783113,0.00319919283455436,0.000449334234161936,1.51552650290245,1.51634384569776,1.51884957143435,3,3,3
"772",0.543638902917266,0.622332814547618,0.544131536747457,0.622306943488642,0.00319086711856434,0.000448211595015402,1.51552120542873,1.51633612117191,1.51885074188525,3,3,3
"773",0.543656447284668,0.622332705876836,0.544114046569166,0.622304988250893,0.00318257461522075,0.000447090651084614,1.51550303945955,1.5163338083798,1.51884418096797,3,3,3
"774",0.543643943102614,0.622335475392489,0.544123990542465,0.622306312584425,0.00317431291708723,0.000445976638422052,1.51552912643613,1.51635541154181,1.51886280421365,3,3,3
"775",0.543653870251852,0.622331864853436,0.544124556610882,0.622304702303305,0.00316608499116721,0.000444866926607723,1.51549313008348,1.51632494528071,1.5188307977304,3,3,3
"776",0.543651505915832,0.622335562601201,0.544103792321974,0.622304908290736,0.00315788707573372,0.000443758841515929,1.51550965554709,1.51633222006295,1.51883263652075,3,3,3
"777",0.543660135261438,0.622333945530915,0.544122119870037,0.622303621738533,0.00314972241309513,0.000442653243006186,1.51551309176578,1.51633510560846,1.51883935780237,3,3,3
"778",0.543641918713566,0.622332652440519,0.544110306745414,0.622303405085367,0.00314158749428814,0.000441550138332691,1.51551481238986,1.51633033015015,1.51885341636526,3,3,3
"779",0.543666497989302,0.622334254722411,0.544148474039009,0.622307260411252,0.00313348538975472,0.000440456197338346,1.51548110411686,1.51631119152639,1.51881840875172,3,3,3
"780",0.543655211580164,0.622335778020711,0.544108280253188,0.622305756972362,0.00312541337066438,0.000439367015369618,1.51549856921187,1.51632393849004,1.51883027546584,3,3,3
"781",0.5436581355619,0.622330759346593,0.544121946133181,0.622303564056,0.00311737352914821,0.000438278224452748,1.51548618485418,1.51631180551869,1.51882469523699,3,3,3
"782",0.543657470639366,0.622334655981735,0.54412382502139,0.622304361417168,0.0031093631182503,0.000437196612899871,1.515502888877,1.51632044942532,1.51883143036677,3,3,3
"783",0.543670107459381,0.622337243407121,0.544118301636897,0.622305446197982,0.00310138539669952,0.000436126926239067,1.51550217932484,1.51631625024167,1.51882984166139,3,3,3
"784",0.543656099404281,0.622331380617956,0.544118827372494,0.622305829446467,0.00309343690162183,0.000435055678977281,1.51547906908847,1.51629351553604,1.51881183283831,3,3,3
"785",0.543673691587281,0.622332482590153,0.544119786149428,0.622305270574178,0.00308551966168598,0.000433985543757731,1.51547328894676,1.51630073722429,1.51880836327062,3,3,3
"786",0.543657381246161,0.622335874782806,0.544128768551129,0.622305085877375,0.00307763149916686,0.000432919896228734,1.5155111001979,1.51633196286624,1.51883487716521,3,3,3
"787",0.543670980768529,0.62233258273843,0.544117351434076,0.622305344588253,0.00306977541240313,0.00043186021722208,1.51546234892112,1.51629111356746,1.51880293932568,3,3,3
"788",0.543667952156478,0.622333204591581,0.544116425323494,0.622305725826081,0.00306194740670582,0.000430798147577849,1.51547508717817,1.51629449606974,1.51879908892464,3,3,3
"789",0.543673568390436,0.622335097840436,0.544119798061991,0.622304424126661,0.00305415055145923,0.000429740935986134,1.51549595174167,1.51631302495713,1.51882184582029,3,3,3
"790",0.543658223840662,0.62233233559755,0.544116278256904,0.622304686835058,0.003046382203412,0.000428685883906876,1.51549275186519,1.51629863832757,1.51882604523104,3,3,3
"791",0.543682801251199,0.622334186123371,0.544118473073189,0.62230435115822,0.00303864476846035,0.000427635661955583,1.51546039604405,1.51628319293739,1.51879312461736,3,3,3
"792",0.543667800646228,0.622334852102518,0.544114299035535,0.622304592958814,0.00303093534430508,0.000426589125651189,1.51548284895574,1.51630052541424,1.51880782809394,3,3,3
"793",0.543674400439775,0.622331009904239,0.544123597174774,0.622304857803408,0.0030232564864802,0.000425545417101048,1.51546345615004,1.51628458211826,1.51879792856859,3,3,3
"794",0.54367002986627,0.62233367278223,0.544103802232997,0.622304481977587,0.00301560501912529,0.000424502723399889,1.51548299251522,1.51629522111604,1.51880475314631,3,3,3
"795",0.543682644379476,0.622337217291179,0.544134788935251,0.622304663107837,0.0030079843692101,0.000423469834022971,1.51548995470592,1.51629433280929,1.51881095585592,3,3,3
"796",0.543668619978753,0.622331636795815,0.544117463793327,0.622304934842484,0.00300039118342359,0.000422435791708864,1.51546866723903,1.51627290680447,1.51879452060909,3,3,3
"797",0.543686195194467,0.622332193482879,0.544124039374127,0.622306176385453,0.00299282743754701,0.000421402946014116,1.51545514560271,1.5162748799823,1.51878397133796,3,3,3
"798",0.543669872315452,0.622335340738335,0.544122895847828,0.6223055681195,0.00298529102378799,0.000420374572208004,1.5154925677485,1.51630354607682,1.51880951327075,3,3,3
"799",0.54368347810041,0.622332850715538,0.5441257010128,0.622305328035129,0.00297778485942378,0.000419352034236709,1.51545101978455,1.5162704193134,1.51878420079639,3,3,3
"800",0.543680445401019,0.622333015582379,0.544120421284289,0.622303915353191,0.00297030507363052,0.000418327693832321,1.51545920071781,1.5162698936695,1.51877779785331,3,3,3
"801",0.543686071835707,0.622335026436273,0.544098036947883,0.622304989333594,0.00296285465192782,0.000417309082159423,1.5154830525202,1.51628801593186,1.51880135822734,3,3,3
"802",0.54367073560152,0.622332040347854,0.544098428202211,0.622304855144732,0.00295543103453661,0.000416295325116667,1.51547620338785,1.51627352248743,1.51880427396043,3,3,3
"803",0.543695332710629,0.622334068186112,0.544101220061092,0.622304810749284,0.00294803656384059,0.000415288691562599,1.51544657426987,1.51625970248372,1.51877282756537,3,3,3
"804",0.543680353980981,0.622334712947903,0.544107486827368,0.62230484063855,0.0029406684283625,0.000414283148442052,1.51546908529267,1.51627718315303,1.51878730704962,3,3,3
"805",0.543686978773353,0.62233085104851,0.544104915358073,0.622305047850864,0.00293332911552087,0.000413279756564133,1.51544987773289,1.51626104285953,1.51877801262408,3,3,3
"806",0.543682636969146,0.622333407013165,0.544090745692945,0.622305334683962,0.00292601554790817,0.000412277253611038,1.51546765229852,1.51627241338549,1.51878425499555,3,3,3
"807",0.543695285320604,0.62233702000718,0.544103776089593,0.622305682818118,0.00291873105915698,0.000411282586423312,1.51547641571159,1.51627160705275,1.51879005713125,3,3,3
"808",0.543681291117259,0.622331481452207,0.544087928472759,0.622305190023307,0.00291147239972531,0.000410290828736892,1.51545406736697,1.51625222168998,1.51877506513375,3,3,3
"809",0.543698900991295,0.622332022439312,0.544110979424491,0.622306004950165,0.00290424149439482,0.00040930013053242,1.51544117956807,1.51625281288002,1.51876369054895,3,3,3
"810",0.543682608961967,0.622335160959433,0.544090379035755,0.622306273926541,0.00289703630190902,0.000408313924733839,1.51547804243592,1.51628138335693,1.51878960064119,3,3,3
"811",0.543696247000706,0.622332744789627,0.544097337546688,0.622306327483133,0.00288985966177758,0.000407333592910009,1.5154369498117,1.5162488134474,1.51876369024983,3,3,3
"812",0.543693241127301,0.622332938940368,0.544091380346435,0.622305004037391,0.00288270782131607,0.00040635340407702,1.51544439465213,1.51624861129784,1.51875812497928,3,3,3
"813",0.543698894418504,0.622335027367845,0.544065304820779,0.622304860934096,0.00287558368569799,0.000405379508366499,1.51546933962139,1.51626656543583,1.51878123316577,3,3,3
"814",0.543683578816068,0.622332018640402,0.544083273338349,0.622304309902222,0.00286848477467819,0.000404409270880035,1.5154617187658,1.51625205293762,1.51878418210302,3,3,3
"815",0.54370819648614,0.62233408566921,0.544074986335053,0.622305564962763,0.00286141336975451,0.000403443307660734,1.515432435794,1.51623766021685,1.51875249429573,3,3,3
"816",0.54369323104641,0.622334738473467,0.544091538176463,0.622304610142374,0.00285436674598241,0.00040248124262543,1.51545436526136,1.51625577737429,1.51876738660504,3,3,3
"817",0.543699868512304,0.622330872788253,0.544064343528081,0.622305374745563,0.00284734732540614,0.000401525113916223,1.51543535983593,1.51623887443102,1.51875786993502,3,3,3
"818",0.543692664122398,0.62233185268728,0.544072473876851,0.622305602838259,0.00284035191156569,0.000400570499221597,1.51545510801907,1.51624886713082,1.51876511307795,3,3,3
"819",0.543708193366932,0.622338737162845,0.5440531748467,0.622307327573397,0.00283338417044285,0.000399627439508166,1.51546561277696,1.51625354586585,1.51878041292613,3,3,3
"820",0.543694188827706,0.622331878963028,0.544065784663121,0.622306254955885,0.00282644074386527,0.000398682736212019,1.51543673420658,1.51622679602157,1.5187492031961,3,3,3
"821",0.543708927437283,0.622330447323599,0.544052995715101,0.622305288775525,0.00281952329475746,0.000397736456310915,1.51542389922961,1.51622681335654,1.51874053890393,3,3,3
"822",0.543692638355808,0.622334991306926,0.544077251234568,0.6223055623219,0.00281263005299528,0.000396795437055508,1.51546881626949,1.51626277209453,1.51877281839761,3,3,3
"823",0.54370913984253,0.622334685579048,0.54406047712281,0.622305046443734,0.00280576399505811,0.00039586187674312,1.51542761982154,1.51622920597763,1.51874694579109,3,3,3
"824",0.543703249266062,0.622331992579156,0.544084994533591,0.622304220588394,0.00279892106401256,0.000394923347498355,1.51543035505323,1.51622491919439,1.51873497031748,3,3,3
"825",0.543708900424207,0.622334724869298,0.544056822790868,0.62230566063023,0.00279210429274692,0.000393989337865275,1.51545696120271,1.51624631642821,1.51876275586097,3,3,3
"826",0.543693576035073,0.622331994898571,0.544059911817321,0.622304608864308,0.00278531127792522,0.000393057561489996,1.51544986021283,1.51623108991903,1.51876509607578,3,3,3
"827",0.543718188976657,0.622334414995265,0.544054973651226,0.622304142054852,0.00277854424234175,0.000392131222029302,1.51542156811754,1.51621783888232,1.51873572245595,3,3,3
"828",0.543703212585784,0.62233491245907,0.54406726776953,0.622304272592188,0.00277180054339906,0.000391210574890888,1.51544112788103,1.51623426920669,1.51874801639815,3,3,3
"829",0.543709843126249,0.622330937116497,0.544067407340153,0.622304934321236,0.00276508254012707,0.000390291650190999,1.51542161488826,1.51621704808375,1.51873680230903,3,3,3
"830",0.543702636096021,0.622331897143314,0.544081597217047,0.622306079738715,0.00275838713142381,0.000389371639174185,1.51544214729359,1.51622729474518,1.51874476935365,3,3,3
"831",0.543715293146307,0.62233677623724,0.544060583514225,0.622305207672503,0.00275171767884089,0.000388460195073992,1.51545222993441,1.51622957144878,1.51875302683472,3,3,3
"832",0.54370417071044,0.62233350172279,0.544074734728627,0.622305298905539,0.00274507133323728,0.000387549893386296,1.51542994224252,1.5162096058539,1.5187371939348,3,3,3
"833",0.54371890285157,0.622331346479678,0.544061000052788,0.622305199536774,0.00273844951510009,0.000386639462680471,1.51541212796449,1.51620699292831,1.51872158604498,3,3,3
"834",0.543702612573723,0.622335135354672,0.544060710196474,0.622303968726225,0.00273185050728222,0.00038573358875349,1.51545389567659,1.51623931323815,1.51875106113843,3,3,3
"835",0.543716251119262,0.622332741888755,0.544070161137983,0.622306042682679,0.00272527700386229,0.000384832826031412,1.5154105065126,1.5162053292865,1.51872411242123,3,3,3
"836",0.543710376697089,0.622331395223949,0.544082028389638,0.622304248596401,0.00271872526823194,0.000383927914553772,1.51541981005978,1.5162027646052,1.51871876822845,3,3,3
"837",0.54371603751387,0.622334790744467,0.54406177528562,0.622304378459644,0.00271219825471986,0.00038302839243376,1.51544631771478,1.51622376391152,1.51874299564145,3,3,3
"838",0.54370071888033,0.62233221402383,0.54407281607851,0.622305373816606,0.00270569363225208,0.000382131461065582,1.51543551087049,1.51620700533309,1.51874244729915,3,3,3
"839",0.543722470464638,0.622332972665038,0.544057774918096,0.622304966410413,0.00269921336475668,0.000381236988389877,1.51540682167534,1.51619079903261,1.51871125926576,3,3,3
"840",0.543704502886336,0.622334264346511,0.544092031753037,0.622306960390234,0.00269275513151084,0.000380344174332414,1.5154441103913,1.51622599766484,1.51873976500546,3,3,3
"841",0.543714136135038,0.622333550727377,0.544075735689971,0.622304779907977,0.00268632114130173,0.000379455827517639,1.51542424696072,1.51620828386645,1.51872896757757,3,3,3
"842",0.543706935951135,0.622332463192095,0.544083155246235,0.622304878275278,0.00267990843253375,0.000378566697383564,1.51542657310286,1.51619721879545,1.51871857908109,3,3,3
"843",0.543716591146908,0.62233547527357,0.544078791529483,0.622305987885302,0.00267352032130234,0.000377688289452061,1.51543922812352,1.51620629595662,1.51873595837691,3,3,3
"844",0.543702588179302,0.62233173840434,0.544091126366,0.622304953647394,0.00266715379536809,0.000376809224916341,1.51542776800669,1.51619566698116,1.51872571485129,3,3,3
"845",0.543720347039808,0.622332726187124,0.544081076300489,0.622304016374422,0.00266081039524002,0.000375929767147398,1.5154145787641,1.51618608402898,1.51870874684018,3,3,3
"846",0.543701059319302,0.622334411405977,0.544098602505735,0.622305293958571,0.00265448854735698,0.000375055050000683,1.51544822977495,1.51622359974909,1.51873637011422,3,3,3
"847",0.543714684979403,0.62233283850569,0.544081575283123,0.622305998508532,0.00264819082917341,0.000374189642460054,1.51540926180328,1.51618953100214,1.51871339021034,3,3,3
"848",0.543708806944722,0.622331800628011,0.544089561310596,0.622304415142335,0.00264191361322709,0.000373321844290508,1.51541699683142,1.51618991337325,1.51870615573479,3,3,3
"849",0.543714467207118,0.622335636353422,0.544070682782458,0.62230533254594,0.00263565977698459,0.000372460833773847,1.51544709065427,1.51621403337271,1.51873729356771,3,3,3
"850",0.543699141261583,0.622332405679941,0.544084230688213,0.622303718301771,0.00262942705833253,0.000371603918986274,1.51543213128427,1.51619354854492,1.51873126794434,3,3,3
"851",0.543720889804344,0.622332905160176,0.544075247140297,0.622304524375045,0.00262321737247527,0.000370748872401516,1.51540315046162,1.51617656212951,1.51869881596705,3,3,3
"852",0.543702916227144,0.622334014185936,0.544072174934994,0.622305557511289,0.00261702846713421,0.000369895167372181,1.51544003335485,1.51621255653623,1.51872801012399,3,3,3
"853",0.543712546361346,0.62233332479611,0.54406166848794,0.622305519311429,0.00261086249518311,0.000369044347071301,1.51542151063074,1.51619544685651,1.51871732534172,3,3,3
"854",0.543705338494534,0.622332323063625,0.544082481013451,0.622304372475497,0.00260471658097235,0.000368196997425518,1.51542414731186,1.51618455159346,1.51870846029839,3,3,3
"855",0.543714983061695,0.622335488985146,0.544077230548783,0.622305325507899,0.00259859395458648,0.000367363595448977,1.51543777990331,1.5161950539014,1.51872648320009,3,3,3
"856",0.543700967036541,0.622331681210305,0.544089701935018,0.622305306883344,0.00259249169110683,0.000366530503835838,1.51542573129679,1.51618300468414,1.51871480461502,3,3,3
"857",0.543718713515346,0.622332794262087,0.544083115414075,0.622304406395362,0.00258641129381787,0.000365696935856863,1.51541210855396,1.5161741316926,1.51869897434949,3,3,3
"858",0.543699407806298,0.622334498791083,0.544067180570961,0.622306482261172,0.00258035123626638,0.000364867436139837,1.51544567378283,1.51621197704126,1.51872667204817,3,3,3
"859",0.543713014641464,0.622332900546693,0.544066299188373,0.622304987600518,0.0025743140306191,0.000364043308900053,1.51540751570143,1.51617778058496,1.51870320563305,3,3,3
"860",0.54370711951634,0.622331869931441,0.544074876859481,0.622305250862464,0.00256829615308806,0.000363214984250848,1.5154147141131,1.51617811307267,1.51869676424057,3,3,3
"861",0.543712758700509,0.622335686428199,0.544070198022661,0.622305548746487,0.00256230040700359,0.000362391627416137,1.51544443379058,1.51620274770243,1.51872780554425,3,3,3
"862",0.543697410494866,0.622332446793852,0.544083214220708,0.622306309535636,0.00255632459588864,0.000361572625092732,1.51543010196093,1.51618181578454,1.51872228378804,3,3,3
"863",0.543719137775269,0.622332933526555,0.544056541058218,0.622305887413873,0.00255037058785644,0.000360755821686154,1.51540091506502,1.51616530077759,1.51868911083501,3,3,3
"864",0.543701141295673,0.622334061464508,0.544067830928237,0.622305744982701,0.00254443619575034,0.000359941347141901,1.51543767228333,1.51620109453027,1.51871914915953,3,3,3
"865",0.543710747675006,0.62233331582771,0.544065642647412,0.622304694508225,0.00253852351831807,0.000359133302855308,1.51541894533899,1.516184214956,1.51870746084686,3,3,3
"866",0.54370351900173,0.622332359351159,0.544055128935322,0.622304842320071,0.0025326297617695,0.000358324085259265,1.51542150876323,1.5161732010411,1.51869914506075,3,3,3
"867",0.543713138580278,0.622335474652819,0.544056776871416,0.622303656558245,0.00252675807300555,0.000357522195992388,1.51543511220039,1.51618352183817,1.51871668979558,3,3,3
"868",0.543699100368709,0.622331659373051,0.544059729902568,0.622304390416031,0.00252090561017579,0.000356719527652261,1.51542282549953,1.51617178268933,1.51870530662968,3,3,3
"869",0.543716825757396,0.622332768446406,0.544067532647095,0.622304397243279,0.0025150738401717,0.000355916469545692,1.51540939277386,1.51616294279503,1.51868919572623,3,3,3
"870",0.543697497423248,0.622334441216259,0.544058038230565,0.622304550788795,0.00250926128094564,0.000355119084058719,1.51544278242823,1.51620056148633,1.5187166766774,3,3,3
"871",0.543711081067698,0.622332795849795,0.54407887523219,0.622306103710581,0.00250347038131818,0.000354327043088132,1.51540414904628,1.51616666403646,1.51869349686916,3,3,3
"872",0.543705166870222,0.62233178977877,0.544061440164951,0.622304163130388,0.00249769771632154,0.000353530725893503,1.51541183436605,1.51616704068083,1.51868685949854,3,3,3
"873",0.54370710145357,0.62233672781164,0.544072280829203,0.6223038858168,0.00249194589283659,0.000352740396398543,1.51545003677815,1.51620457951901,1.51872682955882,3,3,3
"874",0.54369540483351,0.622331347806232,0.544057544438855,0.6223052781548,0.00248621302735194,0.000351950028699699,1.5154221567869,1.51617162558124,1.51871023618622,3,3,3
"875",0.54371342956515,0.622333099928746,0.544063326857012,0.622305060568682,0.00248050069198954,0.000351162865607435,1.51540469830874,1.51616333232695,1.51868492668411,3,3,3
"876",0.543695407922012,0.62233417522782,0.54403360626815,0.622306075922425,0.00247480688740957,0.000350378448490729,1.51544531502822,1.5162004576732,1.51871984671342,3,3,3
"877",0.543704991290867,0.622333438636547,0.54406428425092,0.622307535325712,0.00246913365970727,0.000349597364716403,1.51543035233718,1.51618616548725,1.51871085915636,3,3,3
"878",0.54369772937928,0.622331703469237,0.544060857378623,0.622305625127966,0.00246347829330715,0.000348815599942598,1.51542296424388,1.51617099280043,1.51869636524679,3,3,3
"879",0.543703639104215,0.622336325351551,0.544063497662958,0.622303746989055,0.00245784373183644,0.000348043740792781,1.51545235377753,1.5161943550484,1.51872402514895,3,3,3
"880",0.543693253872509,0.622331094162898,0.544051769192835,0.622304781565601,0.00245222746024325,0.000347272472502214,1.51543525223357,1.5161745293655,1.51870475814727,3,3,3
"881",0.543707262912071,0.622332869944378,0.544054908771001,0.622303593070849,0.00244663066327426,0.000346502379705682,1.51541888703087,1.5161696348447,1.51869464262201,3,3,3
"882",0.543687903209975,0.622334747272628,0.544056588413324,0.622303840824971,0.00244105202555133,0.000345735599276531,1.51545983475528,1.51620977317911,1.51872671698604,3,3,3
"883",0.543701453538565,0.622332945724017,0.544068023037334,0.622304650660941,0.00243549393470327,0.000344973707412044,1.51542235168804,1.51617688859966,1.51870507327793,3,3,3
"884",0.54369550131013,0.622331424057914,0.544052861690382,0.622306335093026,0.00242995306055267,0.000344207520328932,1.51542561068007,1.51617421391659,1.51869329253536,3,3,3
"885",0.543697399925167,0.622336201752568,0.544066578054796,0.622304696358445,0.00242443194409103,0.000343448457258533,1.5154617155458,1.51620946734056,1.51873345827985,3,3,3
"886",0.543685674336816,0.62233129208056,0.544045296466854,0.622305477731143,0.00241892875519728,0.00034269042513857,1.51543732044022,1.51618066107704,1.51871904909106,3,3,3
"887",0.543703664147917,0.622333057987184,0.54407063214222,0.622305111833251,0.00241344502847682,0.000341935568820673,1.5154191266966,1.51617061901385,1.51869336641077,3,3,3
"888",0.543685610352418,0.622334226620036,0.544048299351167,0.622305649777414,0.00240797882081369,0.000341181208984742,1.51545934660279,1.51620857851471,1.51872837711058,3,3,3
"889",0.543695160111472,0.622333380505534,0.544078165558255,0.622306549582794,0.00240253212797773,0.000340429381897045,1.51544333216079,1.51619275890985,1.51871850981076,3,3,3
"890",0.54368786982858,0.622331798224482,0.544047113658857,0.622306518395775,0.00239710230940631,0.000339675994364685,1.51543828140338,1.51617922214016,1.51870503759194,3,3,3
"891",0.543693750815273,0.622336342034457,0.544068712568086,0.622306381072614,0.00239169223474821,0.000338931196688264,1.51546663161501,1.51620215762013,1.51873267582363,3,3,3
"892",0.543683336975798,0.622331095642137,0.544055251220349,0.622305011204577,0.00238629945880743,0.000338185886626374,1.515449823388,1.51618305647419,1.518713802766,3,3,3
"893",0.543697320784205,0.622332823059645,0.544061883354382,0.622303743792556,0.00238092513871151,0.000337441483249989,1.51543364012858,1.51617801445525,1.51870323306493,3,3,3
"894",0.543677936679307,0.622334667774865,0.544064411407829,0.622304310367073,0.0023755679964467,0.000336700192977157,1.51547397972578,1.51621810318711,1.51873544370802,3,3,3
"895",0.543691463154218,0.622332899219663,0.544051072649786,0.62230484118545,0.00237023036086455,0.000335963661725169,1.51543709760619,1.51618577826123,1.51871440068546,3,3,3
"896",0.543689237203492,0.622331579349335,0.544068828476633,0.622305684750774,0.00236490943796272,0.000335223245131466,1.51544452574771,1.51618627153446,1.5187044337002,3,3,3
"897",0.543687363283043,0.622335849561131,0.544050622136309,0.622305014825808,0.00235960681252554,0.000334489495784074,1.51547079548769,1.51621456088799,1.51873967007415,3,3,3
"898",0.54367936494511,0.622331493971228,0.544065222285231,0.622306471396034,0.00235432159641291,0.000333756322868139,1.51545479562164,1.51619082815724,1.51873066634952,3,3,3
"899",0.54369733028301,0.622332895119822,0.544048767525436,0.622307983186743,0.00234905484142358,0.000333026238235612,1.51543216971904,1.51617895847376,1.51870121711222,3,3,3
"900",0.543674248601574,0.622333852440516,0.54406023534881,0.622305105401462,0.0023438044756102,0.000332295716395925,1.51547991975332,1.51622337263101,1.51873909061356,3,3,3
"901",0.54368879939471,0.622333551990622,0.544043387904979,0.62230556287226,0.00233857281268273,0.000331568557998319,1.51546304752578,1.51620394437179,1.51872628890147,3,3,3
"902",0.543680204770353,0.622330944152752,0.544070223351293,0.622305286952185,0.00233335735745585,0.000330839704517305,1.51545580844472,1.51619200471401,1.51871393281995,3,3,3
"903",0.54368233423041,0.622336077800758,0.544040302131104,0.622304365280704,0.00232816021090262,0.000330119666471229,1.51548596640173,1.51621524283102,1.51874769626089,3,3,3
"904",0.543675652150598,0.622331511645061,0.544043280629133,0.62230428660191,0.00232297987368013,0.000329397480408167,1.5154778203405,1.51620306754257,1.51873492680312,3,3,3
"905",0.543689607250129,0.622332352666295,0.544028810575526,0.622306785625822,0.00231781703564684,0.000328676338862355,1.51544982508828,1.51619032828025,1.51871348707869,3,3,3
"906",0.543665195844621,0.622334235266155,0.544058385952661,0.622304455968133,0.00231267027434751,0.000327957432658343,1.51549871514698,1.51623754209734,1.51875145717438,3,3,3
"907",0.543683733446892,0.622333393156684,0.544045514403405,0.622304113029546,0.00230754222376967,0.000327244340224242,1.51546377687025,1.516203738358,1.51872724267943,3,3,3
"908",0.543676455160012,0.622330920721705,0.544032727922574,0.622304697598029,0.00230242980416773,0.000326528541220727,1.51546471038169,1.51620238662381,1.51871781615356,3,3,3
"909",0.543674587900295,0.62233627571789,0.544060460541095,0.6223056192051,0.0022973347437664,0.000325819726963994,1.51550170260854,1.51623822492713,1.51876398965117,3,3,3
"910",0.543666575967095,0.622331797023741,0.54403353243362,0.622304308903596,0.00229225617959633,0.000325111238646758,1.51548389269345,1.51621499719822,1.51875394480847,3,3,3
"911",0.543684524767546,0.622332752156943,0.54404802029208,0.622303399818633,0.00228719514008642,0.000324407073616806,1.51545609235198,1.51619900401501,1.51871881941287,3,3,3
"912",0.54366143224694,0.622333844631348,0.544039841909705,0.622305021232024,0.00228214960941432,0.00032370559014272,1.51550427420778,1.51624345643208,1.51875964714873,3,3,3
"913",0.543675980413175,0.622333810090015,0.544057249395093,0.622305562901596,0.00227712184472223,0.000323007795798524,1.51548974721542,1.51622616854633,1.51874671497185,3,3,3
"914",0.543667376465262,0.622331236251572,0.544036604701692,0.622304752582957,0.00227210941761136,0.000322307682072309,1.51548218782054,1.51621434122312,1.51873529795517,3,3,3
"915",0.543669501017018,0.622336304370752,0.544034634997236,0.62230553637985,0.00226711437856868,0.000321615049638235,1.5155115174565,1.51623713632392,1.51876909292928,3,3,3
"916",0.543662811557,0.622331534262648,0.544025589698787,0.622306232769305,0.00226213526921797,0.000320920053438978,1.51550260613327,1.51622358968155,1.51875472454445,3,3,3
"917",0.543676762546729,0.622332475546434,0.54404481799365,0.622304556110786,0.00225717276497255,0.000320226001647383,1.51547661793775,1.51621319301923,1.51873531417333,3,3,3
"918",0.543652348829381,0.622334198514434,0.54403566354948,0.622306033766245,0.00225222548213231,0.000319534537299826,1.51552427014356,1.5162590774509,1.51877231462574,3,3,3
"919",0.543670878661052,0.622333298739744,0.544050552421784,0.622306449429027,0.00224729599051025,0.000318850202738585,1.51548927614092,1.51622554707876,1.51874895461098,3,3,3
"920",0.543663595291691,0.622330799022913,0.544030633288212,0.622307222267352,0.00224238129184511,0.000318160987110239,1.51549157077799,1.51622379862599,1.51873888889241,3,3,3
"921",0.543661720995821,0.622336099256961,0.544049781623258,0.622304881774951,0.00223748307329436,0.000317476928714866,1.51552683626783,1.51626029410204,1.51878495101175,3,3,3
"922",0.543653700273684,0.62233166255868,0.544032152103098,0.622303908461887,0.00223260049602349,0.000316796210584891,1.51551067530618,1.51623619672082,1.51877532099023,3,3,3
"923",0.5436716373721,0.622332598157332,0.544036734657226,0.62230464119306,0.00222773456585684,0.00031611984339508,1.51548233477948,1.51622054730919,1.51874031863101,3,3,3
"924",0.543651494521647,0.622334935464099,0.544038210806196,0.622304484020999,0.00222288345337614,0.000315444311261959,1.51552821467876,1.5162555916129,1.51877642569124,3,3,3
"925",0.543663097326451,0.622333777559229,0.544054828095041,0.622303752742283,0.00221804909687049,0.00031476952546039,1.51552464243648,1.5162538396553,1.51877790472208,3,3,3
"926",0.543654447035391,0.622330228631457,0.544018850354378,0.622305210752911,0.00221322926377105,0.000314092944454392,1.51550374789207,1.51623341931743,1.5187515490801,3,3,3
"927",0.543659508094065,0.622336593001994,0.544053737939163,0.622306181969106,0.0022084260875966,0.000313425643219345,1.51552270383684,1.51625205035715,1.51877600426411,3,3,3
"928",0.543652826376418,0.622332196025736,0.544043717464939,0.622305342095659,0.00220363801814658,0.000312755239718521,1.51552466985752,1.5162421241599,1.51877204746125,3,3,3
"929",0.543663805902038,0.622331999216463,0.544041927103252,0.622305270650134,0.00219886558573033,0.000312083699917975,1.51551121773004,1.5162355329562,1.51876406981412,3,3,3
"930",0.543642300620014,0.622334495094835,0.544044350527741,0.622303789686034,0.00219410770526374,0.000311416506607931,1.51554240491086,1.51626870148142,1.51878431169915,3,3,3
"931",0.5436608265818,0.622333612929655,0.544040200571102,0.622303770733041,0.0021893667544779,0.000310754429906246,1.51550694260891,1.51624395209551,1.51876240708473,3,3,3
"932",0.543653523970209,0.622330828738312,0.544057194889206,0.622304043693289,0.00218463981335614,0.000310087542669701,1.51550953942805,1.51624038296223,1.51875203642603,3,3,3
"933",0.54365163332097,0.62233620345456,0.544031597616515,0.622306762756938,0.00217992852934137,0.000309425278150255,1.5155472063516,1.51627810502522,1.51880050115872,3,3,3
"934",0.543643589811858,0.622331478638094,0.544052213430631,0.622305465528888,0.00217523208663675,0.000308763210726148,1.51552705762978,1.51625285168906,1.51878765901619,3,3,3
"935",0.543661506476974,0.622332378649635,0.544033654256217,0.622304902752408,0.00217055146906157,0.000308104157243139,1.51549976070497,1.51623396354233,1.51875271479659,3,3,3
"936",0.543641349059361,0.622334767675085,0.544052119565794,0.622304365630163,0.00216588489544755,0.000307446380771181,1.51554502594196,1.51627036171288,1.51878839992237,3,3,3
"937",0.543652938949574,0.622333707642908,0.544038615544841,0.622304586040416,0.00216123425814397,0.000306789192536905,1.51554251345225,1.5162688582387,1.51879051471069,3,3,3
"938",0.543644279082676,0.622330221930445,0.54404956115945,0.622305341412082,0.00215659738265154,0.000306130137781357,1.51552144745677,1.51624956199595,1.51876511783702,3,3,3
"939",0.543649333392808,0.622336523715195,0.544026600142096,0.622305319547213,0.00215197635203409,0.000305481218729753,1.5155410498326,1.51626707794679,1.5187889687975,3,3,3
"940",0.543642647646932,0.622332104276702,0.544046395459125,0.622307122937463,0.00214736965696498,0.000304831794279314,1.51554282440837,1.51625769297674,1.51878466862185,3,3,3
"941",0.543653625704959,0.622331859834998,0.544044086300389,0.622305869241726,0.00214277781736276,0.000304180887019112,1.51552853622865,1.51625101108119,1.51877744090649,3,3,3
"942",0.543632124874499,0.622334351438553,0.544061318787904,0.622305269748499,0.00213819977702367,0.000303534124077021,1.51556014206327,1.51628367769228,1.51879732443927,3,3,3
"943",0.54365065648077,0.622333516488659,0.544054222592976,0.622304132776103,0.00213363785718159,0.000302892359879015,1.51552557362292,1.5162592783729,1.51877517220726,3,3,3
"944",0.543643361984721,0.622330683265011,0.54402947572736,0.622305552218968,0.00212908921289791,0.000302245784337241,1.51552673170646,1.51625516635156,1.51876511433906,3,3,3
"945",0.543641483737854,0.6223361803455,0.544061229844476,0.622305357250618,0.00212455545324666,0.000301603733752875,1.5155656988809,1.51629368413019,1.51881406083316,3,3,3
"946",0.543633452792444,0.622331436988969,0.544036864225455,0.622306460021635,0.00212003578440421,0.000300961810150158,1.51554499329839,1.51626807375758,1.51880095741509,3,3,3
"947",0.543651383757748,0.622332356038767,0.544058682342908,0.62230628705408,0.00211553116885339,0.000300322806122466,1.51551745136992,1.51624954736377,1.51876610315035,3,3,3
"948",0.543631242569008,0.622334765216403,0.544033415936287,0.622304490543506,0.00211103987174398,0.000299684998756766,1.51556309049637,1.51628528694854,1.51880172798844,3,3,3
"949",0.54364284687421,0.622333711908156,0.544044272359449,0.622304382655467,0.00210656374106222,0.00029904787468038,1.51556001001652,1.51628446827137,1.51880396263044,3,3,3
"950",0.543634203394971,0.62233021562605,0.544030152708506,0.622306244989602,0.00210210065813699,0.000298408833027231,1.5155392253337,1.51626430592597,1.51877841304358,3,3,3
"951",0.543639273107448,0.622336556540051,0.544066688277571,0.622306759604063,0.00209765265740562,0.000297778660741876,1.51555845830473,1.51628279853912,1.51880229151003,3,3,3
"952",0.543632600977301,0.622332148134516,0.54403770656476,0.622307289793119,0.00209321826883991,0.000297145715534075,1.51556049714276,1.51627273143,1.51879835717832,3,3,3
"953",0.543643590678024,0.622331888605763,0.544050582649842,0.622305681044224,0.00208879800234232,0.000296511240985065,1.51554626599431,1.51626632722287,1.51879075564374,3,3,3
"954",0.543622102197706,0.622334395118534,0.544046371233133,0.622304594500102,0.00208439082952981,0.000295880817862582,1.51557779321432,1.51629889246466,1.51881057243477,3,3,3
"955",0.543640641814122,0.622333536277516,0.544032647696149,0.622305676614729,0.00207999901720112,0.000295255290500007,1.51554252226285,1.51627455884269,1.51878867035748,3,3,3
"956",0.543633354672355,0.622330738529398,0.544040342241066,0.622307353403744,0.00207561979268269,0.000294624972224322,1.51554490176573,1.51627019166579,1.51877854945506,3,3,3
"957",0.543631480576037,0.622336192451289,0.544044139313296,0.622305055552601,0.00207125472806349,0.000293999076412699,1.51558278136464,1.51630904169501,1.51882726722423,3,3,3
"958",0.543623452565493,0.622331457977827,0.544035496562809,0.622305978249638,0.00206690305061706,0.000293373294294574,1.51556258505904,1.5162831114468,1.51881423169439,3,3,3
"959",0.543641383790936,0.622332377812541,0.544055379122002,0.622306725529993,0.00206256570218693,0.000292750363398375,1.51553521539313,1.5162646082345,1.5187796343076,3,3,3
"960",0.543621242053473,0.622334798077795,0.544035764029975,0.622304924622776,0.0020582409924371,0.000292128724259544,1.51558053161797,1.51630060359108,1.518815221121,3,3,3
"961",0.543632841822779,0.622333709394192,0.544053377258546,0.622305259866888,0.00205393072647671,0.000291510532462347,1.51557742261212,1.51629938454264,1.51881736377612,3,3,3
"962",0.54362419407653,0.622330235888697,0.54403455799789,0.622304888382825,0.00204963283928642,0.000290893718593477,1.51555700890032,1.51627965674518,1.51879174391105,3,3,3
"963",0.543629258062268,0.622336549877636,0.544055524010764,0.62230460970666,0.00204534931830963,0.000290287448616033,1.51557557168045,1.51629770267061,1.51881589822019,3,3,3
"964",0.54362257870846,0.622332162506857,0.544031649647902,0.622306452298773,0.00204107873119169,0.000289678305932406,1.51557794863453,1.51628795038897,1.51881179456988,3,3,3
"965",0.543633559644311,0.622331878041131,0.544042303682921,0.622306732687607,0.0020368215779907,0.000289067717583857,1.5155637794333,1.51628124738084,1.51880420198093,3,3,3
"966",0.543612063866194,0.622334395826875,0.544038893622983,0.622304916533713,0.00203257685696933,0.000288461287503483,1.5155949469706,1.51631407029835,1.51882415721995,3,3,3
"967",0.543630594479323,0.622333538143821,0.544034761310883,0.622305140626753,0.00202834678228085,0.000287860283440744,1.51556002602741,1.51628949182012,1.51880229187732,3,3,3
"968",0.543623298639889,0.62233073775874,0.544025493095048,0.622305843598755,0.00202412865067579,0.000287254397368097,1.51556197350121,1.51628562000953,1.51879216001766,3,3,3
"969",0.543621416580553,0.622336177439998,0.544037491245764,0.622304623028841,0.00201992399842426,0.000286653009575644,1.51560007317237,1.51632383646607,1.51884087315022,3,3,3
"970",0.543613380964253,0.622331454079763,0.544020254632432,0.62230500476205,0.00201573207295699,0.000286051560438039,1.51557971922364,1.5162982813467,1.51882792279187,3,3,3
"971",0.543631305060328,0.622332349704197,0.544057779615457,0.622305868512064,0.00201155379604406,0.000285454006758168,1.51555226364275,1.51627956020704,1.51879309944094,3,3,3
"972",0.543611157783983,0.622334792836252,0.544045197564974,0.622305413852602,0.00200738752007834,0.000284860239258333,1.515597643004,1.51631573085309,1.51882888821637,3,3,3
"973",0.543622751954138,0.622333690999723,0.544048119273841,0.622304651010802,0.0020032350086811,0.000284266891970919,1.51559466684899,1.51631426559591,1.51883095171677,3,3,3
"974",0.54361410051969,0.62233021030733,0.544057501196795,0.622303682595772,0.00199909424838738,0.000283671967057919,1.51557384390248,1.5162946330384,1.51880554978214,3,3,3
"975",0.543619162432985,0.622336550494592,0.544037511037415,0.622304272227281,0.00199496718121327,0.000283087052530884,1.51559310092135,1.51631267153959,1.51882946084594,3,3,3
"976",0.54361248077707,0.622332143722472,0.54404010787494,0.622304723276519,0.00199085241095233,0.000282499107544409,1.51559492210899,1.51630294394567,1.51882546415767,3,3,3
"977",0.543623461317679,0.622331844079568,0.544034311226976,0.622305993231597,0.00198675042803521,0.000281909692277593,1.51558060556124,1.51629613614705,1.51881788472809,3,3,3
"978",0.543601967134898,0.622334387541074,0.54406795954048,0.622304378784517,0.00198266025629119,0.000281324195141708,1.51561216695609,1.51632891592004,1.51883792734346,3,3,3
"979",0.543620499070038,0.622333527453039,0.544040996069946,0.622306162430914,0.00197858405899041,0.000280743356209645,1.5155771979805,1.5163044857801,1.51881592531597,3,3,3
"980",0.543613205774113,0.622330701828342,0.544051323642165,0.622305404421228,0.00197451919965561,0.000280159206020869,1.51557880506174,1.51630030090217,1.5188058870237,3,3,3
"981",0.543611327944098,0.622336182721564,0.544035845209829,0.622303715396948,0.00197046717991941,0.000279581850458843,1.51561734460472,1.51633884333948,1.51885471935783,3,3,3
"982",0.543608359806967,0.622332540267035,0.544033326236745,0.622305293677785,0.00196642719967658,0.000279004153095563,1.51558948061497,1.51630574120193,1.51883085901837,3,3,3
"983",0.543621210618068,0.622331545942914,0.544031431527981,0.622305641102251,0.00196240029595214,0.000278429497170385,1.51556833051494,1.51628862771066,1.51880098139564,3,3,3
"984",0.543606138636535,0.622335695051859,0.544047025975433,0.622304177182044,0.00195838472761762,0.000277855628565082,1.5156054795731,1.5163256683774,1.51883299378547,3,3,3
"985",0.543617720113083,0.622333911425474,0.544035498012274,0.622305711174384,0.00195438228606371,0.000277282091449726,1.51559964381227,1.51631861770831,1.51883339153342,3,3,3
"986",0.543609065285202,0.622329957424526,0.544044558642115,0.622304767067647,0.00195039100731192,0.000276706588484887,1.51557459377415,1.51629578888578,1.51880601625732,3,3,3
"987",0.543614133183587,0.622336915773721,0.544025062024069,0.622304149810158,0.00194641278941256,0.000276139716494761,1.51560212798122,1.51631935903088,1.51883458666113,3,3,3
"988",0.543612504054748,0.62233292039196,0.544037533657703,0.622304048448873,0.00194244620492726,0.000275571379300343,1.51558735564694,1.51630086653287,1.51881448492221,3,3,3
"989",0.543618412902804,0.622331579055114,0.544029782938109,0.62230389614808,0.00193849186787197,0.00027500331798036,1.51558541707039,1.51630610049859,1.51881866520416,3,3,3
"990",0.543601982274641,0.622335150653145,0.544045467004121,0.622304552805816,0.00193454869370044,0.000274439081352051,1.51560826827305,1.51632630210378,1.51883093550939,3,3,3
"991",0.54362049524978,0.622333534114705,0.544053302760491,0.622304443860289,0.00193061886347725,0.000273880214722744,1.51556818377097,1.51629661145066,1.51880650935939,3,3,3
"992",0.54361319184095,0.622330464543011,0.544055603630768,0.622305255354864,0.00192669980482707,0.000273316600221896,1.51556900334536,1.51629122506071,1.51879545941104,3,3,3
"993",0.543611309756323,0.622336310629262,0.544027810974347,0.622304056994643,0.00192279298573745,0.00027275720534059,1.5156107111593,1.51633556635048,1.51884703291514,3,3,3
"994",0.543608326054266,0.622331991180499,0.544053814691448,0.622304268204747,0.00191889762625197,0.000272197570701849,1.51557768993972,1.51629548865354,1.51881876216204,3,3,3
"995",0.543621175216042,0.622331552045687,0.544042696400893,0.622303728440757,0.0019150147409918,0.00027164138203728,1.51556196979233,1.51628296231671,1.51879375874918,3,3,3
"996",0.543606092591898,0.622335418459636,0.544054568506963,0.622305619977941,0.00191114263159743,0.000271088198370739,1.51559649911252,1.51631764325246,1.51882369024383,3,3,3
"997",0.54361766752502,0.622333633468406,0.544043484600038,0.622304750570293,0.00190728304882747,0.000270535382483672,1.51559039454267,1.51631063436332,1.51882427249956,3,3,3
"998",0.543609008124365,0.622329818175802,0.544049870912539,0.62230523035255,0.00190343407630475,0.000269980679681425,1.51556759195814,1.51628897114862,1.51879704409408,3,3,3
"999",0.543614067718491,0.62233662642838,0.544039807461179,0.622304445692235,0.00189959756948001,0.000269434350028686,1.51559252839086,1.51631207747149,1.51882550559224,3,3,3
"1000",0.543612437283475,0.622332744774532,0.544049628708243,0.622303101001682,0.00189577213585836,0.000268884934766622,1.5155793649798,1.51629364208177,1.51880583461354,3,3,3
"1001",0.543618340055338,0.622331341067741,0.544035973625831,0.622303682806552,0.00189195837682916,0.000268334222363387,1.51557633037747,1.5162992992694,1.51880959697735,3,3,3
"1002",0.543601907827885,0.622334956690435,0.54405639721209,0.62230657236649,0.00188815523467537,0.000267786999826658,1.51560038825918,1.51631861068575,1.51882200431805,3,3,3
"1003",0.543620417246523,0.622333384221047,0.544038107777898,0.622305299774366,0.00188436484116308,0.000267244339614892,1.51555993662976,1.51629036000789,1.51879815528764,3,3,3
"1004",0.543613112786387,0.622330305133316,0.544047167156223,0.622304230754578,0.00188058468578927,0.000266696963119761,1.51556107781792,1.51628388748217,1.51878670139017,3,3,3
"1005",0.543611227355144,0.622336212567939,0.544033387935069,0.622304795361397,0.0018768162040435,0.000266153660160584,1.51560344407369,1.51632894254132,1.51883894812676,3,3,3
"1006",0.543611115908509,0.622334521170837,0.544053474649598,0.622303988110214,0.00187305877516861,0.00026561149354154,1.51557606146009,1.51629829232293,1.51882534829763,3,3,3
"1007",0.543623945504624,0.622332111288813,0.544025604036543,0.622304356761781,0.0018693132547175,0.00026507122365238,1.51555435984875,1.51627856492132,1.51878665006095,3,3,3
"1008",0.543608861493293,0.622335338896793,0.544051709655394,0.622304928923159,0.00186557798455978,0.000264530846904587,1.51558970296597,1.51631283474527,1.51881956032865,3,3,3
"1009",0.543623295543463,0.622334875609534,0.544030355258831,0.62230704401213,0.00186185481506711,0.000263991852197942,1.51558200722253,1.5163080370021,1.5188226409223,3,3,3
"1010",0.543614636691761,0.622329799545961,0.544041405139235,0.62230621476065,0.00185814173913266,0.000263449969280849,1.5155581745519,1.51628407647425,1.51879143964877,3,3,3
"1011",0.543622561557328,0.622338144965211,0.544024842468413,0.622306017686518,0.00185444070845315,0.000262917246730221,1.51558721225103,1.51631264103405,1.51882346062145,3,3,3
"1012",0.54362093615015,0.622332905229555,0.544038829985235,0.622305296621265,0.00185075022804803,0.000262380690092434,1.51556884909783,1.51628981774464,1.51880433389911,3,3,3
"1013",0.543629703875161,0.62233260519249,0.544035705460967,0.622305678577241,0.00184707102388905,0.000261844382071108,1.51556393679531,1.51629863948156,1.51880826461061,3,3,3
"1014",0.543613289616293,0.622335313621122,0.544060309313276,0.622305176452491,0.00184340192845575,0.000261310628569045,1.51559043791607,1.51631746354454,1.51881981397915,3,3,3
"1015",0.543634669118984,0.622334775413259,0.544048311837434,0.622304343813995,0.001839745162131,0.000260782835410978,1.51554812594684,1.51629039848429,1.51879493111653,3,3,3
"1016",0.543627384523128,0.622330568376601,0.544052232366654,0.62230526637875,0.0018360981388677,0.0002602538070825,1.51554548427979,1.5162817956618,1.51878493295237,3,3,3
"1017",0.543628377406379,0.622337492717155,0.544039453384552,0.622306923424851,0.00183246239836518,0.000259729785580642,1.51558583615903,1.51632803224171,1.51883478959848,3,3,3
"1018",0.543625417432568,0.622332194284436,0.544059163537507,0.62230518902493,0.0018288370640217,0.00025920526691614,1.51555395843587,1.51628723149401,1.51880573555766,3,3,3
"1019",0.543641145833282,0.622332665645887,0.54404766526651,0.622304585975017,0.00182522324285724,0.000258685421157479,1.51553646500009,1.51627534039644,1.51877857210664,3,3,3
"1020",0.543626093122229,0.622335450820128,0.544043950936555,0.622304637694508,0.00182161918332631,0.000258165382082676,1.51556884354057,1.51630862888649,1.51880894864146,3,3,3
"1021",0.543640546824205,0.622334578568044,0.544029708669245,0.622307641113452,0.00181802669340326,0.000257646495684494,1.5155600126407,1.51630213293629,1.51880879665018,3,3,3
"1022",0.543631917824446,0.622329756808208,0.54404570800393,0.622305598470266,0.00181444381318738,0.00025712488509666,1.51553951176812,1.51628083289151,1.51878100290511,3,3,3
"1023",0.543639867566155,0.622337497047773,0.544031729631489,0.622305169418227,0.00181087245106984,0.000256612331588912,1.51556269949661,1.51630303380041,1.51880759724364,3,3,3
"1024",0.543638264325168,0.622332635362388,0.544054507547823,0.622305757925115,0.00180731114736773,0.000256095820509894,1.51554840968298,1.51628534291986,1.51879046488847,3,3,3
"1025",0.543647049224532,0.622332042843809,0.544031170794081,0.622304505107208,0.00180376061252887,0.000255578928265443,1.51554249946086,1.51629018593797,1.51879284328609,3,3,3
"1026",0.543636091933699,0.622336632982313,0.544031218233839,0.622304866134497,0.00180021978450756,0.000255065566028945,1.51557061659092,1.5163203365542,1.5188130874018,3,3,3
"1027",0.54365745372054,0.622334567505024,0.544031659908982,0.622305039827863,0.00179669075607846,0.000254558029377128,1.51551762940644,1.51627439105825,1.51877435115176,3,3,3
"1028",0.543650171735626,0.622330437714929,0.544042384148345,0.62230425056588,0.00179317100148499,0.000254046057888924,1.5155174264027,1.51626564935472,1.51876769457427,3,3,3
"1029",0.543656586101353,0.62233792818584,0.544028729353163,0.622304887915936,0.00178966210370835,0.000253539250897661,1.51555029629868,1.51630801932045,1.51881655924446,3,3,3
"1030",0.543653610591794,0.622332038179484,0.544049969950572,0.622304521843145,0.00178616312935301,0.000253031002388715,1.51551505507825,1.51626153787124,1.51878269918921,3,3,3
"1031",0.543674750294868,0.622333206311728,0.544027960454951,0.622304250763258,0.00178267523865139,0.00025252650714247,1.51549199819696,1.51624532985537,1.51875493738708,3,3,3
"1032",0.543659673166339,0.622335681930295,0.54403927745108,0.622303485255695,0.00177919664401475,0.000252021555444237,1.51552210069255,1.51627567860441,1.51878304403622,3,3,3
"1033",0.543679525915258,0.62233512857174,0.544035379843754,0.622304794626049,0.00177572919001203,0.000251517755441966,1.51550521098091,1.51626096006185,1.51877753143889,3,3,3
"1034",0.543670867369512,0.622330182175035,0.544048640642285,0.622304790787412,0.00177227088546919,0.000251011068614471,1.5154822550894,1.51623824217869,1.51875016738362,3,3,3
"1035",0.543684207971907,0.622337971985164,0.544027010798905,0.62230568582877,0.00176882367355859,0.000250513409059128,1.51549498916451,1.51625083343983,1.51876664904881,3,3,3
"1036",0.54368256743726,0.622332914159394,0.544051986703705,0.622304415216245,0.00176538605215055,0.000250011691769969,1.51547921332556,1.51623054056854,1.5187479610135,3,3,3
"1037",0.543696740463341,0.622332541297208,0.544034036316541,0.622306384568966,0.00176195879319137,0.000249509739500109,1.51546375619263,1.51622523437963,1.51874251914146,3,3,3
"1038",0.543680299193797,0.6223349093409,0.544050653581461,0.62230669442453,0.00175854070765738,0.000249012625629375,1.51548649002191,1.51624412622021,1.51874974877498,3,3,3
"1039",0.543707081165655,0.622334547462234,0.544029781848075,0.622306166299741,0.00175513399441027,0.000248521156784753,1.51543429584087,1.51620544723878,1.51871747437424,3,3,3
"1040",0.543699756954105,0.622330239397757,0.544049133785266,0.622304702730548,0.00175173611005544,0.000248024298011074,1.51543328403449,1.51619644469825,1.51870548083794,3,3,3
"1041",0.543703286334034,0.6223360002288,0.544023446871522,0.622305709653728,0.0017483484729465,0.000247530966512199,1.51546683084631,1.51623246795172,1.51874770223344,3,3,3
"1042",0.543703135487965,0.622333069723691,0.544010235883529,0.622305461346263,0.00174497043015129,0.000247039391995441,1.51542814884854,1.51619348628773,1.51871966293484,3,3,3
"1043",0.543721385169289,0.622331683891622,0.544038051189785,0.622305238091106,0.00174160286043743,0.000246550990018135,1.5154004531806,1.51616641765856,1.51868255849916,3,3,3
"1044",0.543706281914918,0.622335524313991,0.544035948093761,0.62230359266009,0.00173824414480392,0.000246062902887423,1.51543827693176,1.51620251248671,1.51871596924155,3,3,3
"1045",0.543726116830793,0.62233525425648,0.544041258210737,0.622304894267168,0.00173489608843957,0.000245576341057929,1.51541843533594,1.51618462560352,1.51870904448039,3,3,3
"1046",0.543717425792117,0.622330359779486,0.544024368634548,0.62230531627672,0.00173155674614739,0.000245087187515702,1.51539588284985,1.51616351460831,1.51867676892554,3,3,3
"1047",0.543727890157813,0.622336753151758,0.544058472863659,0.622305470345074,0.0017282278902747,0.000244606138963488,1.51540848081701,1.51617451997138,1.51870014318256,3,3,3
"1048",0.543729098101365,0.622334611088943,0.544025775359235,0.622305364390299,0.00172490830899049,0.000244126808405354,1.51539781022258,1.51616105621274,1.51868152824378,3,3,3
"1049",0.543740389535036,0.622331734965533,0.544046036082689,0.62230565943348,0.00172159850423929,0.000243645247594904,1.51538026915211,1.51615076555098,1.51867020969694,3,3,3
"1050",0.543723935558502,0.622335332702476,0.544040237618216,0.622305558314297,0.00171829744025502,0.000243166449520493,1.51540969156981,1.51617330101292,1.51868979518945,3,3,3
"1051",0.543750713916278,0.622335206412937,0.544040946637394,0.622306021449127,0.00171500726905962,0.00024269309479652,1.5153571425415,1.51613361251073,1.51865615425893,3,3,3
"1052",0.543743377113094,0.622330866841827,0.544055492471236,0.62230486854208,0.00171172550540452,0.000242214362676796,1.51535323749954,1.51612579905618,1.51864169248566,3,3,3
"1053",0.543746896920315,0.622336461646346,0.544032547749481,0.622306334074789,0.00170845353755731,0.000241738863548391,1.51538714964503,1.51616068867582,1.5186856402867,3,3,3
"1054",0.543746753321932,0.622333677546924,0.544057123197788,0.622306254349569,0.00170519072794297,0.000241264910497141,1.51535161097081,1.5161225120034,1.51866161380695,3,3,3
"1055",0.543765002385595,0.622331971626073,0.54404167912962,0.622305185697264,0.00170193793752275,0.000240795173885755,1.51532271322848,1.51609553827116,1.51862130924867,3,3,3
"1056",0.543749898457713,0.622335615044673,0.544043727244083,0.622304987802357,0.0016986935845703,0.000240325523860885,1.51536062425797,1.51613163271007,1.51865595558444,3,3,3
"1057",0.543769742166641,0.622335268390696,0.544033153393709,0.622306706794899,0.00169545943540545,0.00023985974909102,1.51534109924819,1.51611343848078,1.51864754681586,3,3,3
"1058",0.543761053994279,0.622330113463574,0.544068449648201,0.622306733588498,0.00169223358904136,0.000239391484416984,1.51531627682251,1.51609018032504,1.51861446061685,3,3,3
"1059",0.543771527447053,0.62233677072509,0.544034793073937,0.622304796431521,0.00168901778034614,0.000238930444541485,1.51533134847282,1.51610450300386,1.51863880728195,3,3,3
"1060",0.543772740582986,0.622334239299816,0.544049443556431,0.622304455083378,0.00168581082531088,0.000238467562720057,1.51531819763807,1.51608644524771,1.51861638665626,3,3,3
"1061",0.543784042771735,0.622331723625087,0.544060592637964,0.622304916543967,0.00168261321627405,0.000238002503966106,1.51530266011297,1.51607939316145,1.51860800276077,3,3,3
"1062",0.543767589041445,0.62233492985484,0.544063139817768,0.622304927204962,0.00167942394143093,0.00023754011198851,1.51532945941409,1.51609958863909,1.51862383458181,3,3,3
"1063",0.54379437830914,0.622335023693688,0.544057792071719,0.622304457272891,0.00167624510679538,0.00023708353632268,1.51527844906298,1.51606211271635,1.51859191536004,3,3,3
"1064",0.543787043289523,0.622330565800272,0.544053847548922,0.62230601573713,0.00167307428308003,0.000236623187847007,1.51527491571584,1.51605251850462,1.51857729337319,3,3,3
"1065",0.543790566966226,0.622336132193655,0.544065968822662,0.622305116882479,0.00166991282942561,0.000236166043702801,1.51530817429803,1.51608851823512,1.51862062395824,3,3,3
"1066",0.543790423250249,0.622333339423709,0.544054468450106,0.622304630326744,0.0016667601229724,0.000235709762787861,1.51527283731396,1.51605123901531,1.51859726427326,3,3,3
"1067",0.543803256723822,0.622332297331466,0.544072013809492,0.622306121074413,0.0016636169351357,0.000235255188827721,1.51526132178116,1.51604403512104,1.51856978909303,3,3,3
"1068",0.543793574111605,0.622335394954303,0.544046701883712,0.622306225989415,0.00166048186445247,0.000234800877588981,1.51528378011394,1.51606460191039,1.51858970796462,3,3,3
"1069",0.543805118478582,0.622333179032508,0.54405636264444,0.622305480185015,0.00165735637143,0.000234347896011511,1.51527645694899,1.51605238558238,1.51858652674795,3,3,3
"1070",0.543799304049211,0.62233170916397,0.544038884744436,0.622304379233551,0.00165423891504539,0.000233895413755625,1.51525567436218,1.516037609977,1.51857138430799,3,3,3
"1071",0.543809767017485,0.622337517433012,0.544056997529422,0.622303870062277,0.00165113107306814,0.000233451181863908,1.51526795986899,1.51604592550216,1.5185859364459,3,3,3
"1072",0.543808096460248,0.622332630272621,0.544056705314966,0.622303203771189,0.00164803156419476,0.000233004459106012,1.51525186631643,1.51602329823775,1.51855930491543,3,3,3
"1073",0.543813976048381,0.622331404827349,0.544062105411393,0.622305048833567,0.00164494092071899,0.000232556713327448,1.51525356647421,1.51603493621362,1.51856428196279,3,3,3
"1074",0.543805817903952,0.62233728927193,0.544034464296476,0.622307376836892,0.00164185842029628,0.00023211389020239,1.51526828984873,1.51604961756657,1.51857764527779,3,3,3
"1075",0.543824281778743,0.622333643194686,0.544055628340549,0.622304834374303,0.00163878573845793,0.000231674235830259,1.51521999538504,1.51600927405556,1.51853824688583,3,3,3
"1076",0.543816952003604,0.622330521539158,0.54403393822944,0.62230512171187,0.00163572069078486,0.000231231182141634,1.51522463075496,1.51600606928296,1.51853749187418,3,3,3
"1077",0.543820468363883,0.622336369679774,0.544045814419086,0.622304337027283,0.00163266460883353,0.000230792349892317,1.51525787028623,1.51604192704429,1.51857991209052,3,3,3
"1078",0.543817760522784,0.622332562044197,0.544029466249733,0.622304461653212,0.00162961689794532,0.000230356409765542,1.51522980852973,1.51601406153513,1.51855823762337,3,3,3
"1079",0.54383309247516,0.622332976413246,0.544043021397553,0.622304826120435,0.00162657828444395,0.00022992214364892,1.51520884802133,1.51599666344275,1.51852388207568,3,3,3
"1080",0.543823422004077,0.622335939262721,0.544023445033533,0.622306837200717,0.0016235474146605,0.000229488469607242,1.51523115686208,1.51601518903575,1.51854239811674,3,3,3
"1081",0.543832405647965,0.622332339288181,0.544044084755551,0.622305890206438,0.00162052573194222,0.000229056572494502,1.51523013597489,1.51601103668591,1.51854873724137,3,3,3
"1082",0.543826558664739,0.622331812379274,0.544024442244878,0.622305550077752,0.00161751171396474,0.000228626793795761,1.51521672961353,1.51600212892772,1.51853980677576,3,3,3
"1083",0.543839549972858,0.622338444515837,0.544012163812688,0.622305462608167,0.00161450689240031,0.000228203500354462,1.51521255729735,1.51600247585975,1.51854143325515,3,3,3
"1084",0.543835347632719,0.622331905963705,0.544021229989451,0.622305235605122,0.00161151004403121,0.00022777953247699,1.51520379207319,1.51598030387759,1.5185242266015,3,3,3
"1085",0.543841199969723,0.622331429247347,0.544031819794308,0.622304821877512,0.00160852167502302,0.000227353662646146,1.51521427004457,1.51599824020349,1.51853259847106,3,3,3
"1086",0.543833023688453,0.622337236960069,0.544006916421857,0.622305474031374,0.00160554108012609,0.000226932829547777,1.51522703747826,1.51601063230126,1.51854369475736,3,3,3
"1087",0.543851481092695,0.622334018426631,0.544031549051184,0.622305656932169,0.00160256989994228,0.000226514600223382,1.51518241985619,1.51597181958361,1.51850782662994,3,3,3
"1088",0.543844138721162,0.622330655652933,0.544020024271895,0.622306350676013,0.00159960599840479,0.00022609184469391,1.51518418364777,1.515966540551,1.51850341843269,3,3,3
"1089",0.543847649640712,0.622336523646317,0.544032870628745,0.622305265210707,0.00159665067986259,0.000225672691977596,1.51521619652624,1.51600280213901,1.51854599179264,3,3,3
"1090",0.543844935805084,0.622332655647462,0.544006375395124,0.622305062537766,0.00159370336316157,0.000225255747804964,1.51518801893409,1.51597458087115,1.5185243471338,3,3,3
"1091",0.543860261864192,0.622333137935552,0.544027642480179,0.622304644133385,0.00159076476060033,0.000224840219640865,1.51516870806648,1.51595777457651,1.5184912916894,3,3,3
"1092",0.543850585027114,0.622336016643049,0.544017606329102,0.622304023856012,0.00158783354895883,0.000224425404476314,1.5151907268267,1.51597637699828,1.51850887978493,3,3,3
"1093",0.543859559549212,0.622332347502035,0.544034785366513,0.62230420317509,0.0015849111415063,0.000224012499079218,1.51518921110304,1.51597251232177,1.51851517476633,3,3,3
"1094",0.54385370285467,0.622331939012581,0.544024154711275,0.622304434832904,0.00158199604957095,0.000223603187494148,1.51517755444849,1.5159642594593,1.51850762988313,3,3,3
"1095",0.543866678906073,0.622338318549245,0.544028236652556,0.622305329516811,0.00157908977368454,0.000223201424510377,1.51517081614287,1.51596293004022,1.51850725343189,3,3,3
"1096",0.543862462920449,0.622331967474038,0.544007805395408,0.622303098427667,0.00157619111755473,0.000222798681121517,1.51516388535053,1.51594285045798,1.51849139630921,3,3,3
"1097",0.543868296334608,0.622331369488044,0.544028492582209,0.62230446940883,0.00157330057768748,0.000222396366861499,1.51517372681498,1.51595911706272,1.51849934062079,3,3,3
"1098",0.543860101851886,0.622337221267912,0.544002285396525,0.622305797501744,0.00157041746499157,0.000221999301970088,1.51518677809255,1.51597215673801,1.51851029970279,3,3,3
"1099",0.543878535863085,0.622333966065382,0.544018994472966,0.622305631877924,0.00156754338605519,0.000221604923947516,1.5151414612418,1.51593372642417,1.51847438146765,3,3,3
"1100",0.543871169490869,0.622330609425981,0.54398803621531,0.622305836579503,0.00156467625136979,0.000221205964793803,1.51514418073368,1.51592839936706,1.51846985919205,3,3,3
"1101",0.543874655475098,0.622336463563698,0.544012378563044,0.622303999810751,0.00156181733872409,0.000220809914032616,1.51517588508181,1.51596445537121,1.51851296336541,3,3,3
"1102",0.543871914749493,0.622332576541168,0.544009031878812,0.622303924504301,0.00155896607976876,0.000220414922814438,1.51514762260689,1.51593619577653,1.51849084750356,3,3,3
"1103",0.543887211019191,0.622333013727456,0.544019800015553,0.622304325703219,0.00155612317290717,0.000220021507728707,1.51512822098636,1.51591933111138,1.51845767698478,3,3,3
"1104",0.543877506842582,0.622335913055616,0.544021402825267,0.622304859365194,0.00155328732413609,0.000219628451048726,1.5151504628681,1.51593809445147,1.51847542767947,3,3,3
"1105",0.543886452358205,0.622332274372404,0.544011012740413,0.622305979698179,0.00155045991731237,0.000219235306385013,1.51514926999937,1.51593413155064,1.51848213517716,3,3,3
"1106",0.543880564945981,0.622331800659029,0.544039790617621,0.622305308780208,0.00154763949605119,0.000218843342904118,1.51513695453563,1.51592563976852,1.51847381059918,3,3,3
"1107",0.543888082029339,0.622338089366436,0.544017081855228,0.622305747751152,0.00154482746278897,0.000218458540324651,1.51514273014068,1.51593803043564,1.51847834817729,3,3,3
"1108",0.543889286960964,0.622332841886308,0.544038128380085,0.622306501053452,0.00154202278238288,0.000218070503530843,1.51513128518222,1.51591761806169,1.51846534587827,3,3,3
"1109",0.543895071019806,0.6223308935277,0.54403284666521,0.622305418715455,0.00153922587400039,0.000217680469097536,1.51513017387958,1.51591435126841,1.5184631001506,3,3,3
"1110",0.543881418019868,0.622336681822249,0.54404467325885,0.622304461947398,0.00153643599666572,0.000217295143808971,1.5151536875218,1.51593832335609,1.51848455751547,3,3,3
"1111",0.543899842223439,0.622334239459126,0.54402218030435,0.622304471132095,0.00153365479131371,0.000216912573265726,1.51511575484675,1.51591143374223,1.51845299117399,3,3,3
"1112",0.543893294575953,0.62233026033634,0.544038355672196,0.622304018779245,0.00153088027958796,0.000216525530269074,1.5151145325428,1.51590251564619,1.51844362386463,3,3,3
"1113",0.543891309236396,0.622335786013137,0.544024673957049,0.622305924335042,0.00152811358090443,0.000216141498094791,1.51515755473545,1.51594598334859,1.51849232126289,3,3,3
"1114",0.543888552466602,0.622332527836036,0.544031425754628,0.622304995517017,0.00152535420608358,0.000215759142097371,1.51513022716608,1.51592350798491,1.5184797023169,3,3,3
"1115",0.543903816267532,0.622332743810618,0.544034133343601,0.622304776859418,0.00152260283985772,0.000215378785360154,1.51511191401185,1.51590235123238,1.51844058551292,3,3,3
"1116",0.54388950176571,0.622335281609474,0.544026163835118,0.622304976652153,0.00151985821559786,0.00021499916855483,1.51514099374812,1.51593094455172,1.51846846798183,3,3,3
"1117",0.543898420225264,0.622332172937551,0.54404977839048,0.622304908549243,0.00151712169049747,0.000214620641766361,1.5151448954456,1.51593025336782,1.51847964286404,3,3,3
"1118",0.543892501761009,0.622331475978776,0.544039102724986,0.62230441789839,0.00151439183911836,0.000214242017625654,1.51512755965509,1.51592062937022,1.51846635330051,3,3,3
"1119",0.543899988935289,0.622337942146838,0.544032746891311,0.622305735279924,0.00151167003568563,0.000213871438775826,1.51513803085486,1.5159315370632,1.51847117085122,3,3,3
"1120",0.543896580349041,0.622332029185702,0.544051679316272,0.622305133495808,0.00150895526675412,0.000213497509662264,1.51513064238114,1.51591750501485,1.51846542301562,3,3,3
"1121",0.543902340661967,0.622330796247535,0.544031544579229,0.622304587046485,0.0015062479453559,0.000213121578595654,1.51513663108373,1.51592312410029,1.51846801178095,3,3,3
"1122",0.543888662666737,0.622336620875524,0.544026889362864,0.622304781136801,0.00150354734654395,0.000212750993450306,1.51515782180862,1.51594670255297,1.51848963237092,3,3,3
"1123",0.543907058648806,0.622334220205247,0.544019899441023,0.622304749563467,0.00150085507795999,0.000212383385388093,1.51512217400296,1.51591801018585,1.51845627178018,3,3,3
"1124",0.543900490020813,0.622330431201812,0.544018916636379,0.622305697470964,0.00149816920351,0.000212011256601974,1.51511995121772,1.51591203372657,1.51844720647999,3,3,3
"1125",0.543898485371028,0.622335829165998,0.54403768543321,0.622305854078969,0.00149549082029632,0.000211641873791968,1.51516105990279,1.51595246082209,1.51849605381718,3,3,3
"1126",0.543895715491817,0.622332749968423,0.544014044854633,0.622306322973,0.00149281944995417,0.000211273307863968,1.51513515194151,1.51593130931725,1.5184837828753,3,3,3
"1127",0.543910963680565,0.622332963981257,0.544033705592438,0.622306512227143,0.00149015576413363,0.000210906481208806,1.51511644281608,1.51591013174556,1.51844578159635,3,3,3
"1128",0.54389663922816,0.622335420019879,0.544013159629207,0.622307082184503,0.00148749852357411,0.000210539859802461,1.515145457166,1.51593787800079,1.51847237439556,3,3,3
"1129",0.543905549613298,0.622332336891906,0.54403031183687,0.622306895850577,0.0014848490579743,0.000210172320415203,1.51514918969341,1.51593868451706,1.51848370888064,3,3,3
"1130",0.543899625046542,0.622331660133227,0.544018502553572,0.62230545293088,0.001482205972175,0.000209804587454676,1.51513311485436,1.5159276920352,1.51847090749763,3,3,3
"1131",0.543907104543484,0.622338027023228,0.544017862013167,0.622304723117208,0.00147957061302225,0.00020944328011252,1.51514139967668,1.51593944576083,1.51847543763019,3,3,3
"1132",0.543903692860703,0.622332162253393,0.54401477994879,0.622305084355744,0.00147694198875412,0.000209078525945983,1.51513585195935,1.51592492977449,1.51846969082168,3,3,3
"1133",0.543909448370239,0.622331018099906,0.544024212400402,0.622304093762345,0.00147432050458977,0.000208711842120901,1.51514163867561,1.5159315175405,1.51847459719368,3,3,3
"1134",0.543895765550958,0.622336774914263,0.54401532233639,0.622304524291939,0.00147170545122753,0.000208349632477733,1.51516304771083,1.51595440895981,1.51849486899313,3,3,3
"1135",0.54391415437599,0.622334315145616,0.544036954079463,0.622304878258499,0.00146909840386251,0.000207990168098915,1.51512644138599,1.51592597897436,1.51846165181178,3,3,3
"1136",0.543907579317802,0.622330574343339,0.544016282478141,0.622303999618559,0.0014664974671202,0.000207626241365388,1.51512622188255,1.51591914369853,1.51845336137223,3,3,3
"1137",0.54390556518668,0.622335934099218,0.544012820895239,0.622303836115658,0.0014639037161929,0.00020726502935009,1.51516617453716,1.51596062945133,1.51850240095228,3,3,3
"1138",0.543902785585824,0.62233279986281,0.543991830826032,0.622306204066512,0.00146131668293934,0.000206904615212999,1.51514036173226,1.51593863148521,1.5184892721272,3,3,3
"1139",0.543918018642893,0.622332991811217,0.544025172562439,0.622304848351339,0.00145873702604477,0.000206545902220245,1.51512114745026,1.51591802950039,1.51845209814833,3,3,3
"1140",0.543903680309559,0.622335470638527,0.544015961722343,0.62230436016675,0.0014561635325466,0.000206187363947286,1.51515142024822,1.51594562942041,1.51847871755503,3,3,3
"1141",0.543912573795874,0.622332283915718,0.544007798125313,0.62230435312152,0.00145359750530084,0.000205827879385168,1.51515388948059,1.5159460324316,1.51848946555783,3,3,3
"1142",0.543906631414434,0.622331641823356,0.544019600965352,0.622306230734971,0.00145103757832949,0.000205468160653588,1.51513839911338,1.51593571892017,1.51847672920682,3,3,3
"1143",0.543914090286446,0.622337959083169,0.544008780110791,0.622306057353928,0.00144848507181023,0.000205114750312041,1.51514654696243,1.51594705190334,1.51848135156438,3,3,3
"1144",0.543910658753927,0.622332067553625,0.544035959538464,0.622306211586201,0.00144593901494128,0.000204757877489081,1.5151407032275,1.51593250295728,1.51847528946651,3,3,3
"1145",0.543916392151305,0.622330834925143,0.544007795227154,0.622304121574154,0.00144339980532447,0.000204399803728661,1.51514630024741,1.51593855396257,1.51847953821725,3,3,3
"1146",0.543902690221198,0.622336666432869,0.544020644858008,0.622304696415528,0.00144086674885408,0.000204046640406519,1.51516789795987,1.51596211564644,1.51850084103142,3,3,3
"1147",0.543921057252633,0.622334183067543,0.544023497066653,0.622305396522863,0.00143834138931066,0.000203696138864173,1.51513172790389,1.51593317091868,1.51846735933558,3,3,3
"1148",0.543914461491757,0.622330376682223,0.544023773968757,0.62230404758703,0.00143582187086947,0.000203341415699998,1.51513011412198,1.51592677598232,1.51845853417005,3,3,3
"1149",0.543912429043847,0.62233575485202,0.544023859681995,0.622304476680934,0.00143330924760786,0.000202990295998684,1.5151712928879,1.51596749488114,1.51850800103129,3,3,3
"1150",0.543909633824063,0.62233269436176,0.544009077259904,0.622305215313614,0.00143080306143562,0.000202642066944536,1.5151451188324,1.51594620199923,1.51849558361187,3,3,3
"1151",0.543924848584479,0.622332848144737,0.544013589550835,0.622303758462738,0.00142830395857301,0.000202295472350289,1.51512665731919,1.51592510549164,1.51845756267849,3,3,3
"1152",0.543910496883394,0.622335291072499,0.544002704117309,0.622306352491125,0.00142581075170883,0.000201949424236347,1.51515539267008,1.51595267782931,1.5184843491968,3,3,3
"1153",0.543919378647081,0.622332208146715,0.544037384970142,0.622305794555366,0.00142332471781526,0.000201604391194321,1.51515962551821,1.51595324249457,1.51849582606652,3,3,3
"1154",0.543910550300124,0.622329617089172,0.544014596425483,0.622305095044244,0.00142084441261191,0.000201259082257432,1.51514384261956,1.5159387168134,1.51847674812362,3,3,3
"1155",0.543918004067427,0.622337559770196,0.544026758979814,0.622305388899065,0.00141837123536085,0.000200920892912904,1.51515414018219,1.51595493780386,1.51849072070079,3,3,3
"1156",0.543914562496007,0.622332336829545,0.544030960559202,0.62230395561579,0.00141590423646184,0.000200579907472465,1.51514733271813,1.51593968919835,1.5184809968335,3,3,3
"1157",0.543920281390274,0.622331473399743,0.544010491370007,0.622306189130374,0.00141344380629448,0.000200237257983793,1.51515308735138,1.51594383280186,1.51848691904446,3,3,3
"1158",0.543903694911259,0.622335329509285,0.544028174797006,0.622304452575021,0.00141098915960243,0.000199897703555663,1.51517353118347,1.51596460902961,1.5185009850433,3,3,3
"1159",0.543922056399602,0.622334217339268,0.544021179907106,0.6223046785413,0.00140854191387701,0.0001995614151723,1.5151417078066,1.51594030316625,1.51847562399374,3,3,3
"1160",0.543915448836972,0.622330832005123,0.544033418309244,0.622304703388009,0.00140610025239737,0.000199221498536128,1.51513974757796,1.51593364192721,1.51846453901303,3,3,3
"1161",0.54391339761702,0.622336151189238,0.544005278684599,0.622306211769733,0.00140366520881551,0.00019888533643031,1.51517816365942,1.5159720532161,1.51851464879117,3,3,3
"1162",0.543907715767238,0.622331134803041,0.544018536559594,0.622303998338355,0.00140123622947482,0.00019854854839163,1.51515409368074,1.51594768913373,1.51849577795313,3,3,3
"1163",0.543922920169503,0.622332571898365,0.544016913785613,0.622303042861033,0.00139881405186055,0.000198213997025021,1.51513697675074,1.51593109401036,1.51846582871436,3,3,3
"1164",0.543908550248556,0.622335497025986,0.544030233385176,0.622304770393969,0.00139639751424143,0.000197880646162107,1.51516591642018,1.51595812161263,1.51849006200545,3,3,3
"1165",0.54391741161838,0.622332586905127,0.54401265731023,0.622306956834986,0.00139398786852351,0.000197546778535229,1.51516843382465,1.51595745247291,1.51850184048907,3,3,3
"1166",0.543908564773001,0.622329964012217,0.544027152665927,0.622304012574581,0.00139158370004687,0.000197212237198374,1.51515252529099,1.51594318231442,1.51848134986702,3,3,3
"1167",0.543915996786174,0.622337744538547,0.544025515710335,0.622303830456444,0.00138918638097302,0.000196885273453518,1.51516429122436,1.51595988418516,1.51849527397766,3,3,3
"1168",0.543912538635113,0.622332338647892,0.544022563394647,0.622304063532122,0.00138679498149647,0.000196555303898949,1.51515752721992,1.51594398474265,1.51848626349072,3,3,3
"1169",0.543918239711736,0.622331414237997,0.544028843902552,0.622304668742234,0.0013844098848423,0.000196223546110152,1.51516258054377,1.51594977944113,1.51849276808647,3,3,3
"1170",0.543901634020121,0.622335192152967,0.544021817378949,0.622306193101083,0.00138203032217049,0.000195894733988733,1.51518418700031,1.51596928623126,1.51850583404746,3,3,3
"1171",0.543919979413744,0.622334138023961,0.544028711098747,0.622306186954483,0.00137965787941832,0.000195569165862941,1.51515089725577,1.51594533072816,1.51848162831943,3,3,3
"1172",0.54391335713154,0.622330844723254,0.544021384686824,0.622304634606075,0.00137729077709411,0.000195239576910033,1.51514939738862,1.51593774860588,1.51847053906532,3,3,3
"1173",0.543911292343965,0.622336415782624,0.544020252460061,0.622305627964993,0.0013749300290563,0.000194912716902751,1.5151889761051,1.51597883417429,1.51852110406198,3,3,3
"1174",0.543905597922351,0.622331335846111,0.544037417554352,0.622304362487938,0.0013725750932739,0.000194586294526178,1.51516317562034,1.51595279961482,1.51850126269173,3,3,3
"1175",0.543920790553699,0.622332927902164,0.544004758731154,0.622304761485662,0.00137022669349386,0.000194262431234993,1.51514762220065,1.51593700985265,1.51847277571345,3,3,3
"1176",0.543906410735219,0.622335819146237,0.544036785785294,0.622305995628453,0.0013678836921689,0.000193939617468164,1.51517674455335,1.51596389736277,1.51849657377786,3,3,3
"1177",0.543915264622105,0.622332891569076,0.544022139350041,0.622304761919562,0.00136554731693944,0.000193616273917896,1.51517839789016,1.51596402823974,1.51850904216057,3,3,3
"1178",0.543906411156221,0.622330234746874,0.544043152039099,0.622305568017006,0.00136321618190337,0.000193291303612342,1.51516264165994,1.51594919511797,1.51848906335278,3,3,3
"1179",0.543913834882011,0.622337918486374,0.54401370620366,0.622303502343391,0.00136089163294242,0.000192973102132066,1.51517504212247,1.51596543156456,1.51850259313017,3,3,3
"1180",0.543910372777574,0.622332510526041,0.544023559568112,0.62230498756091,0.00135857275947946,0.00019265183913908,1.51516797443056,1.51595071721685,1.51849400524426,3,3,3
"1181",0.543916068792172,0.622331483978311,0.544005603441728,0.622306185310012,0.00135625993777449,0.000192328848844903,1.51517259936762,1.51595614405701,1.518499675529,3,3,3
"1182",0.543899458029409,0.622335225837662,0.544023234093036,0.622305393645811,0.00135395241483597,0.000192008724633874,1.51519427593942,1.51597506982971,1.5185133777136,3,3,3
"1183",0.543917797705237,0.622334133622674,0.544003243021953,0.622306251338613,0.00135165174588813,0.000191691856299192,1.51516141801569,1.51595139849006,1.51848879367153,3,3,3
"1184",0.543911170316122,0.622330802517679,0.544029062093277,0.622306168045183,0.00134935618739111,0.000191370945392677,1.51515917499999,1.51594433587585,1.51847761468412,3,3,3
"1185",0.543909098446452,0.622336283084937,0.544016999519916,0.622305998649903,0.00134706673378207,0.000191052936054148,1.51519901235674,1.51598429768442,1.518528069676,3,3,3
"1186",0.543903398532817,0.62233124369944,0.544028824651445,0.622305712452642,0.00134478285407767,0.000190734573229157,1.51517331369442,1.51595915495108,1.51850850427458,3,3,3
"1187",0.543918580164265,0.622332729309522,0.544022192266029,0.622305184359969,0.00134250525840352,0.000190418423061334,1.51515746895423,1.51594291632204,1.51847919743068,3,3,3
"1188",0.543904190767128,0.622335598720203,0.544022028062557,0.622304526405805,0.00134023283239947,0.000190102740694309,1.51518607509527,1.51597005171947,1.5185035421029,3,3,3
"1189",0.543913033780733,0.622332665935919,0.544028328335247,0.622305841726023,0.00133796677990083,0.000189786548695836,1.51518862545644,1.51596969708429,1.51851606697312,3,3,3
"1190",0.543904167430874,0.622330013821858,0.544029604029119,0.622306024308149,0.00133570574263493,0.000189470156219285,1.51517244216019,1.51595566386605,1.51849565363009,3,3,3
"1191",0.543911573862325,0.62233766343396,0.544025178162571,0.622305988401216,0.00133345104071548,0.000189160271759081,1.51518449948345,1.51597197125155,1.51850967094546,3,3,3
"1192",0.54390303299578,0.622331693428365,0.544012911779778,0.622305456462964,0.00133120182544517,0.000188847663456726,1.51519322683365,1.51596596095451,1.5185180293148,3,3,3
"1193",0.543913784649419,0.622331517985753,0.544028109524705,0.622304979989987,0.00132895837861638,0.000188533058739337,1.51518271816663,1.51595646804114,1.51850863857439,3,3,3
"1194",0.543892079804539,0.622334313416211,0.544031180374751,0.622304361805599,0.00132672004986618,0.000188221545064482,1.51521327265392,1.51599092306606,1.51853174130428,3,3,3
"1195",0.543910414842228,0.62233396156196,0.544031372693073,0.622303786422648,0.00132448832039233,0.000187913071265977,1.51518516475115,1.5159714226049,1.51850986487441,3,3,3
"1196",0.54390377452237,0.622330960800401,0.544027568808597,0.622304291628459,0.00132226148150143,0.000187600728697945,1.51518574030029,1.515965753016,1.51849885045347,3,3,3
"1197",0.543901679631942,0.622336052537231,0.544031220074317,0.622304400137003,0.00132004050875595,0.000187290960038777,1.51522003737416,1.51599843481475,1.51854678857351,3,3,3
"1198",0.54389089727743,0.622330537209484,0.544018936018109,0.622305101342661,0.00131782492476859,0.000186980833879136,1.5152078875073,1.51598800687379,1.51854207873701,3,3,3
"1199",0.543906077766686,0.622332802245127,0.544055636290236,0.622307721252019,0.00131561538281298,0.000186672727180204,1.51519523570255,1.51597515879001,1.5185127320687,3,3,3
"1200",0.543891679214724,0.622336173759823,0.544013936339005,0.622308241603614,0.00131341079112695,0.000186365143044598,1.51522712960688,1.51600449896354,1.51853841975302,3,3,3
"1201",0.543900501273469,0.622332642790051,0.544040785363473,0.622306615613059,0.00131121233059801,0.000186056654144173,1.5152215317381,1.51599406329481,1.51854616181339,3,3,3
"1202",0.543886556452,0.622329386521572,0.544033557998858,0.622305032259744,0.00130901871242961,0.000185746777307649,1.51521771047623,1.51599350750519,1.51853851118504,3,3,3
"1203",0.543893966104322,0.622337754963879,0.544042407280669,0.622303828916706,0.00130683118857838,0.000185443284049902,1.51523341577891,1.51601239303477,1.51855213487012,3,3,3
"1204",0.54389048560581,0.622332974351725,0.544048612567933,0.62230458721319,0.00130464888505919,0.000185136866711511,1.51522974015292,1.51600161762244,1.51854661172348,3,3,3
"1205",0.543896146827657,0.622331365085109,0.544034376046395,0.62230471514259,0.00130247216466094,0.000184829098479833,1.51522734221332,1.5159967102722,1.51854735422286,3,3,3
"1206",0.54387699402642,0.62233564136993,0.544057800463607,0.622305583943002,0.00130030033554902,0.000184525316526463,1.51525589303499,1.51601789477074,1.51856835309515,3,3,3
"1207",0.543892804610568,0.622333006662088,0.544044768495846,0.622306165978366,0.00129813487511024,0.000184225109914782,1.51522537511887,1.51599936980213,1.518545146896,3,3,3
"1208",0.543886149318193,0.622331559072056,0.544074453474334,0.622304382523783,0.00129597409573274,0.00018392105452858,1.51523685658395,1.51600939162628,1.51854528130769,3,3,3
"1209",0.54388658343804,0.622337231486396,0.544039077387468,0.622305007188803,0.0012938189438955,0.00018361957060109,1.51525754196641,1.51602634276739,1.51857897695388,3,3,3
"1210",0.5438758201352,0.622330538549647,0.544047586234096,0.62230528985613,0.00129166896440941,0.000183317586185283,1.515237396173,1.51600973475607,1.51856571078419,3,3,3
"1211",0.543888462357889,0.622331986922934,0.544042929098602,0.622305307794051,0.00128952480984513,0.000183017390618656,1.51524057637707,1.51600288595278,1.51855318681109,3,3,3
"1212",0.543876576403897,0.622337144087492,0.544042442800501,0.622305831463586,0.00128738538669033,0.00018271794262803,1.51526629425122,1.51603580536106,1.51857078433995,3,3,3
"1213",0.543885414331858,0.622332977577642,0.544034102766854,0.622307366608643,0.00128525186638273,0.000182418726374367,1.5152549011556,1.51602079763553,1.51857398434854,3,3,3
"1214",0.543871474150394,0.62232965717841,0.544062547387181,0.622305993334108,0.00128312298511694,0.000182118909582085,1.51525173858026,1.51602116040051,1.51856795491755,3,3,3
"1215",0.543878881445102,0.622337684331974,0.544021945971712,0.622306779886944,0.00128099997167476,0.000181825711903061,1.51526506680143,1.51603777007152,1.51857854449505,3,3,3
"1216",0.543875398862201,0.622333056091391,0.54404786752258,0.622307196565491,0.00127888196949919,0.0001815297030765,1.51526355723024,1.51603041254611,1.51857568346062,3,3,3
"1217",0.543881061044317,0.622331588356617,0.544030854340162,0.622305971521274,0.00127676933492973,0.000181231866144049,1.51526377666672,1.51602568768296,1.51857721205254,3,3,3
"1218",0.54386649707051,0.622337008038941,0.544046791957067,0.622305727682626,0.00127466139082688,0.000180937475527054,1.51528802455353,1.51604762685472,1.5185957352126,3,3,3
"1219",0.543882299349208,0.622333541061898,0.544048531998935,0.62230562523704,0.00127255958494905,0.000180645943692048,1.5152501155016,1.5160161626458,1.51856722430474,3,3,3
"1220",0.543875650519378,0.622331948711774,0.544060093874902,0.622304485068618,0.00127046226285368,0.000180350749396596,1.51526209108783,1.51602500193889,1.51856534650581,3,3,3
"1221",0.543880676255637,0.62233781293101,0.544025896127943,0.622305548072768,0.00126837035453794,0.000180058206116995,1.51527041965973,1.51603126971363,1.51858901811522,3,3,3
"1222",0.543869928352267,0.622331041367267,0.544057985730977,0.622306306603301,0.00126628341159364,0.000179765249576413,1.51525123257956,1.51601442796531,1.51857658702906,3,3,3
"1223",0.543882601373712,0.622332854489156,0.544036614992273,0.622305645425399,0.00126420207503153,0.000179474214577202,1.51525628902828,1.51601465604643,1.51856594202507,3,3,3
"1224",0.543875312792475,0.622337911423689,0.544045814240792,0.622305486496935,0.00126212527395584,0.000179186459522085,1.51527096854271,1.51603325670396,1.51857414893907,3,3,3
"1225",0.543884182437989,0.622333300727776,0.544023141096158,0.622305123756482,0.00126005415571568,0.000178898417902307,1.51525623831731,1.51601533295552,1.51857467559372,3,3,3
"1226",0.543874859859334,0.622330563102004,0.544008275964706,0.622304092258409,0.00125798748213238,0.000178609089773962,1.51524525759724,1.51600883109285,1.5185647761065,3,3,3
"1227",0.54388230818631,0.622337966766867,0.544034703700552,0.622303928332675,0.00125592645729298,0.000178325898410048,1.5152524774722,1.51602048549647,1.51857020827651,3,3,3
"1228",0.543878866668211,0.622333319684935,0.544029902125886,0.622304272865987,0.00125387024160663,0.000178039852958833,1.51525579592902,1.51601102184201,1.51856956333823,3,3,3
"1229",0.543889146389565,0.622331659072563,0.544032028321798,0.622305736313429,0.00125181918624777,0.000177751935790837,1.51523967511865,1.51599407830549,1.51855917011869,3,3,3
"1230",0.543870032856394,0.622335464131648,0.544035811120253,0.622304510400082,0.00124977262399071,0.000177466993820374,1.51526480962254,1.51601408578061,1.51857715713901,3,3,3
"1231",0.543885894574597,0.62233326962464,0.544036155222848,0.622304988684155,0.0012477319779021,0.000177184611348635,1.51523931998578,1.5160016034228,1.51855591385928,3,3,3
"1232",0.543883855605053,0.622331870933236,0.544016131039783,0.622306288781513,0.00124569562644907,0.000176898527308622,1.51523878656017,1.51599938968856,1.51854764591702,3,3,3
"1233",0.543884336631029,0.622337186753805,0.544023937298183,0.622304375253527,0.00124366447932289,0.000176614908897088,1.51525779670192,1.51601245563305,1.51857714311277,3,3,3
"1234",0.543873615735528,0.622330506019767,0.544011422687687,0.622305029955115,0.00124163809894698,0.000176330762745258,1.51523996373312,1.51599546599687,1.51856708795808,3,3,3
"1235",0.543890885548207,0.622332203538593,0.544020525978546,0.622305194170372,0.00123961711602926,0.000176048534860418,1.51523069497515,1.51597887398789,1.51854592301868,3,3,3
"1236",0.54387658083799,0.622336855200987,0.544012908668817,0.622304220230912,0.00123760035903589,0.000175767193777987,1.51526048783116,1.51601125587056,1.51856673842747,3,3,3
"1237",0.543887892491512,0.622332419306795,0.544016674839391,0.622304139393278,0.00123558919265129,0.000175485489525951,1.51523820337733,1.51598785270377,1.51855491130087,3,3,3
"1238",0.543878600412192,0.622330656677316,0.544018338312114,0.6223043284299,0.00123358228475011,0.000175202283633991,1.51523623239509,1.51599295397037,1.5185558130602,3,3,3
"1239",0.543883592946058,0.62233774045469,0.544013768532143,0.622304378956142,0.00123158069952826,0.000174924527393983,1.51524987600397,1.51600521787232,1.51856683813797,3,3,3
"1240",0.543880113569158,0.622332267797912,0.544006033814879,0.622305174171625,0.00122958373130314,0.00017464413206647,1.51524107695453,1.51598973667907,1.51855520036239,3,3,3
"1241",0.543892850113124,0.622331686262884,0.544021352395739,0.622304866961883,0.0012275918431961,0.000174362393108862,1.51522910362458,1.51596916160903,1.51854741201742,3,3,3
"1242",0.543871290913537,0.62233556697477,0.544004762489738,0.622305812227485,0.00122560414663804,0.000174084242607897,1.51525961585066,1.51600218689275,1.51857388649714,3,3,3
"1243",0.543887121258848,0.62233294370564,0.544030978620925,0.622306930690243,0.0012236221554223,0.000173809671139891,1.51522912723367,1.51598341025441,1.5185457081878,3,3,3
"1244",0.543885069018681,0.622331715360052,0.544013076806554,0.622305660202329,0.00122164427960054,0.000173531621586731,1.51522765933189,1.51598300958716,1.51853748084843,3,3,3
"1245",0.543885536565084,0.622336997342192,0.544014192636018,0.622305309656369,0.00121967141253166,0.000173256635434771,1.51524501240508,1.51599313797442,1.51856612687614,3,3,3
"1246",0.543874806163066,0.622330633759553,0.544024607906386,0.622305273344452,0.00121770312509461,0.000172981239251135,1.51522977989643,1.51597899845244,1.51855947077001,3,3,3
"1247",0.543892071114548,0.622332535363431,0.544010293797599,0.622304815084965,0.00121574003719276,0.0001727074764869,1.51522264560399,1.51596443897671,1.51853716435628,3,3,3
"1248",0.543877753160589,0.622336783461627,0.544027174249835,0.622305177700229,0.0012137809999131,0.00017243409192147,1.51524795087827,1.51599257243284,1.5185561322832,3,3,3
"1249",0.543889061428135,0.622332541949075,0.544031556516046,0.622305031088196,0.00121182735273817,0.000172160392834964,1.51522786179137,1.51597145952279,1.51854451062495,3,3,3
"1250",0.543879764720924,0.622330747227803,0.54404107059879,0.622304224483367,0.00120987778881586,0.000171885294308227,1.51522505205662,1.51597553680631,1.51854523547696,3,3,3
"1251",0.54388475637211,0.622337991863752,0.544030752365884,0.622304523568883,0.00120793335328902,0.000171615686976323,1.51523884781643,1.51598923953589,1.51855656351657,3,3,3
"1252",0.543881270578035,0.622332435182063,0.544019655697119,0.622304941488723,0.00120599335393888,0.000171343629301268,1.51522985843219,1.51597261046047,1.51854342104408,3,3,3
"1253",0.543894007073019,0.622332056382709,0.544018960255175,0.622304397474307,0.00120405824572068,0.000171070252257044,1.51521899047196,1.51595332293402,1.51853699660534,3,3,3
"1254",0.543872442500738,0.622335827844009,0.544003054640126,0.622304692199416,0.00120212715681324,0.000170799316258297,1.51524826899719,1.51598548461363,1.51856228665018,3,3,3
"1255",0.543888268610412,0.622333169328932,0.544031753430678,0.622306106105311,0.00120020157331313,0.000170531016111086,1.5152174642098,1.51596683099882,1.51853384357167,3,3,3
"1256",0.543886212590904,0.622332113849628,0.544007220288657,0.622305502193688,0.00119827993530592,0.000170260174744974,1.51521830939066,1.51596681900855,1.51852807019741,3,3,3
"1257",0.543886671423054,0.622337229383687,0.544040740120234,0.622305709220353,0.00119636311987056,0.000169992211304426,1.51523372462059,1.51597724459204,1.51855445299216,3,3,3
"1258",0.543875930445337,0.622330777187283,0.544026108628301,0.62230602394885,0.00119445070575337,0.000169723854425818,1.51521952177238,1.51596262977431,1.5185474674815,3,3,3
"1259",0.543893188882206,0.622332758512128,0.544024057844097,0.622304192784226,0.00119254330208062,0.000169457121133254,1.51521140990391,1.51594850588518,1.51852818909788,3,3,3
"1260",0.543878857053644,0.622337006273984,0.544043429265629,0.622305680326067,0.00119063978159314,0.000169190862165491,1.51523843190928,1.51597740356914,1.51854620767908,3,3,3
"1261",0.543890150268113,0.622332553186005,0.544019664695689,0.622306753386387,0.00118874145906652,0.000168924156395911,1.51521668018509,1.51595499681304,1.51853352611675,3,3,3
"1262",0.5438808406995,0.62233087344288,0.544040349744723,0.622305768483583,0.00118684705205053,0.000168655896417347,1.5152157074236,1.51596000746078,1.51853598794075,3,3,3
"1263",0.543885817155616,0.622338023451629,0.544023671185454,0.622304510737488,0.00118495758703548,0.000168393290668312,1.51522780763962,1.51597391617918,1.51854658307934,3,3,3
"1264",0.543882312888907,0.622332390881131,0.544042497367708,0.622305394827406,0.00118307238478987,0.000168127972451027,1.51521985072533,1.51595671477311,1.51853294485696,3,3,3
"1265",0.543895034875225,0.622331981483675,0.544015277706787,0.622306498251395,0.00118119189234532,0.000167861259498414,1.51520812321703,1.51593724951,1.51852708660144,3,3,3
"1266",0.543873453540134,0.6223357607438,0.544030005266809,0.622305454687217,0.00117931525415831,0.000167597071908943,1.51523820200715,1.51597032154301,1.51855193439836,3,3,3
"1267",0.543889263891861,0.62233303073884,0.544018073385318,0.622305785650355,0.00117744392948965,0.000167335293475679,1.51520671646424,1.51595127364437,1.51852329853815,3,3,3
"1268",0.543887193127829,0.622331908913696,0.544016894272761,0.622304691851497,0.00117557638773986,0.00016706989836679,1.51520749497716,1.51595097001206,1.5185167104729,3,3,3
"1269",0.543887639381679,0.622337059005417,0.544031221827837,0.62230396906185,0.00117371349030452,0.000166807184960427,1.51522327560257,1.51596132909308,1.51854370348111,3,3,3
"1270",0.543876884535437,0.622330553994442,0.544030888569827,0.622304855745422,0.00117185482375197,0.000166543779759887,1.51520845851272,1.51594699432282,1.51853670906521,3,3,3
"1271",0.543889552078344,0.622332265345921,0.544028248926318,0.622305593524663,0.00117000098562476,0.000166281760923259,1.51521308812095,1.51594695510357,1.51852187193072,3,3,3
"1272",0.543879791147837,0.622337101647219,0.544034516082542,0.62230368375619,0.00116815087330638,0.000166020254856014,1.51523133068189,1.51596707639356,1.51853634504885,3,3,3
"1273",0.543891067823956,0.622332042106274,0.544013462879123,0.622304393021521,0.00116630577544048,0.000165758297204777,1.51520351291093,1.51593382748169,1.51852101139944,3,3,3
"1274",0.543877166451585,0.622329983275155,0.544035861221543,0.622305930473967,0.00116446443234597,0.000165494698112889,1.51521366156929,1.51595047606157,1.51852959876167,3,3,3
"1275",0.54388213789335,0.622337961748732,0.544022462454473,0.622305402095878,0.00116262785471699,0.00016523662570378,1.51523159945541,1.51597298443096,1.51854861367696,3,3,3
"1276",0.543883207638061,0.622332968262927,0.544031017572725,0.622306591986829,0.00116079537720259,0.00016497595079068,1.51521270162956,1.5159514866832,1.51852705836465,3,3,3
"1277",0.543891332977961,0.622331439531631,0.544013046197134,0.622304158530025,0.00115896743577799,0.000164713867200184,1.51520680595632,1.51593197823398,1.51852095719712,3,3,3
"1278",0.543869744783371,0.622335682004989,0.544018684907777,0.62230434188264,0.0011571431931765,0.000164454268841818,1.51523981653282,1.51596751365468,1.51855365345145,3,3,3
"1279",0.543888183878595,0.622335601534491,0.544018359969839,0.622305248388897,0.00115532411088535,0.00016419893803854,1.51520322243144,1.51594217985687,1.5185205893286,3,3,3
"1280",0.543878053656474,0.622329539289063,0.544021799964732,0.622303221785392,0.00115350857855774,0.000163936815848809,1.51521371541857,1.51595362564547,1.5185216935413,3,3,3
"1281",0.543881735658223,0.622340375839111,0.544010828849746,0.622306271673003,0.00115169741175277,0.000163680126791244,1.51523479340442,1.51596899742024,1.51855157287632,3,3,3
"1282",0.543875835687415,0.622330358656237,0.544043442961338,0.622305830380506,0.00114989050883144,0.000163421288683074,1.51520052914699,1.5159407900948,1.51852538682059,3,3,3
"1283",0.543883655632629,0.622332288869498,0.544015563837778,0.622305758465731,0.0011480880731892,0.000163163791053411,1.51520881702878,1.5159388686523,1.51851837944396,3,3,3
"1284",0.543868482059911,0.622335990275721,0.544035137889092,0.622304031710152,0.00114628916325268,0.0001629082213771,1.51523388691642,1.51596277069016,1.5185364038002,3,3,3
"1285",0.543882433082465,0.622334359659558,0.544023977349934,0.622304261962473,0.0011444951244819,0.000162656583931664,1.51520987999714,1.51593793966104,1.51852257261786,3,3,3
"1286",0.543865932474093,0.622328081237956,0.544027092385362,0.622304352266189,0.00114270466510311,0.000162400991855605,1.51522331572628,1.51595841609099,1.51853251542617,3,3,3
"1287",0.543873757696955,0.622340267470494,0.54401841822378,0.622306076543459,0.00114091860678804,0.000162153621087735,1.51521947060825,1.51596056015483,1.51853834661868,3,3,3
"1288",0.543869217936518,0.622331220445547,0.544014664699674,0.622307086768052,0.00113913667183637,0.000161902570020689,1.51521584114388,1.51594503722902,1.51852383925305,3,3,3
"1289",0.543872556271062,0.622331969292803,0.54401295267632,0.622305185213283,0.00113735892298012,0.000161650291300997,1.51522651013821,1.51595119502372,1.51853460020151,3,3,3
"1290",0.543856074560465,0.622336283904257,0.544017518106682,0.622304117329352,0.00113558469295906,0.000161400607158302,1.51524885938344,1.51597180517103,1.51854603449683,3,3,3
"1291",0.543874528941551,0.622334753508618,0.544013490077242,0.622304801828909,0.0011338154536509,0.000161155717593342,1.5151988373088,1.51593756550889,1.51851010091809,3,3,3
"1292",0.543859367897798,0.622328027419603,0.544009965249824,0.622305573771474,0.00113204966027785,0.00016090518519396,1.51522569094449,1.51595230042559,1.51852856381704,3,3,3
"1293",0.543862712718362,0.622339357991154,0.544020985962554,0.622304230735091,0.00113028798915332,0.000160660220325237,1.51523913047424,1.51596594504524,1.51854674394683,3,3,3
"1294",0.543856857387288,0.622330477247678,0.543996495714208,0.622306034959108,0.00112853042899093,0.00016041333501704,1.51521601970303,1.51595046663662,1.51852872210865,3,3,3
"1295",0.543864701957871,0.622332266686761,0.544024740755295,0.622306513939281,0.00112677717996401,0.000160167959465052,1.51522209228848,1.51594834220134,1.518522463594,3,3,3
"1296",0.543849555245767,0.622335573296837,0.544004821819352,0.622303765463543,0.00112502731777691,0.00015992267011633,1.51524442528725,1.51596895697659,1.51853481148206,3,3,3
"1297",0.543863534802453,0.622334098844287,0.544026642140193,0.622304386566682,0.00112328216365563,0.000159678918550621,1.5152208594317,1.51594855811458,1.51852303606447,3,3,3
"1298",0.543847066723694,0.622328063029863,0.544004695233168,0.622305007193855,0.00112154044921322,0.000159430761053292,1.51523770256388,1.515968991888,1.51853817623975,3,3,3
"1299",0.543854920528914,0.622340058621697,0.544022294531283,0.622305265833427,0.00111980298198159,0.000159190879962856,1.51523341953813,1.51597286993089,1.51854050959226,3,3,3
"1300",0.54385041275879,0.622330791387369,0.544012613974182,0.622305193701297,0.00111806948916087,0.000158947196341463,1.51522857551175,1.5159539331167,1.51852697304219,3,3,3
"1301",0.543853785167465,0.622331648202048,0.544014251927372,0.622305249043427,0.00111634003271129,0.000158702294305368,1.51524046674549,1.51596424529177,1.51853848408905,3,3,3
"1302",0.543837342330969,0.622335874429577,0.544032206612809,0.622305997234808,0.00111461395756601,0.00015845923396518,1.51526198428199,1.51598291643738,1.51855109104869,3,3,3
"1303",0.543855834513437,0.622334238324581,0.543999210242055,0.622306185092689,0.00111289270947609,0.000158220416436872,1.51521233711352,1.51594913209531,1.51851324059931,3,3,3
"1304",0.543840717857403,0.622327592534042,0.544022716783829,0.622305141021676,0.00111117477163742,0.00015797504068471,1.51523947067797,1.51596372824554,1.51853424262931,3,3,3
"1305",0.54384410768386,0.622338814002817,0.544001116123896,0.622304212277804,0.00110946080872911,0.00015773607736369,1.51525316922582,1.51597677274818,1.51855043937952,3,3,3
"1306",0.543838302746767,0.622330130353375,0.544006957274488,0.622305204179462,0.00110775080956654,0.00015749609432425,1.51523028479566,1.51596288942774,1.51853581267432,3,3,3
"1307",0.543846196683899,0.622331869050958,0.544005081619152,0.622303698360942,0.0011060449714059,0.000157257884893958,1.51523625189714,1.51596040403984,1.5185285073493,3,3,3
"1308",0.543833563659905,0.6223356929798,0.544002884482645,0.622303647969064,0.00110434249234901,0.000157020002821251,1.51525720640267,1.51598276986148,1.51853686318875,3,3,3
"1309",0.543845170609665,0.622334509846787,0.544014907875514,0.622305440727249,0.00110264445971323,0.000156782990495485,1.51524435850689,1.51597534243896,1.51853762935882,3,3,3
"1310",0.54382873170584,0.622327156636679,0.544007769755845,0.622304156011438,0.00110094973271024,0.000156541429760404,1.51524806513013,1.51597792796185,1.51854116332442,3,3,3
"1311",0.543839096380602,0.622339463705656,0.544006812466932,0.622304596267981,0.00109925921047397,0.000156308332641686,1.5152391342139,1.51597905697484,1.51853534146232,3,3,3
"1312",0.543834678380097,0.622331175583903,0.544000438540422,0.622304814134385,0.00109757252052078,0.000156071280668302,1.51524437991423,1.51596884000193,1.51853481111473,3,3,3
"1313",0.543835656905311,0.622331459981997,0.5440178399837,0.622303583333147,0.00109588961926255,0.000155832513839216,1.51525624531336,1.51598476746904,1.51854594852285,3,3,3
"1314",0.543821703917393,0.622335496215886,0.544017037723735,0.622304265899759,0.00109421007245134,0.000155596153504578,1.51526944202437,1.51598856176556,1.51854765047995,3,3,3
"1315",0.5438402741391,0.622334529276026,0.544029968426156,0.622304917284173,0.0010925351966783,0.000155364217959364,1.51522613820348,1.51596192932516,1.51851830603404,3,3,3
"1316",0.543825215109182,0.622327582726083,0.543995984383307,0.622304842279061,0.00109086350221959,0.000155127154796264,1.51525171113951,1.51597446390055,1.51853629028218,3,3,3
"1317",0.543828667150629,0.622339123116789,0.544030604273179,0.622305259153386,0.00108919564249706,0.0001548953624122,1.51526817432155,1.51599042805798,1.5185565288868,3,3,3
"1318",0.543819229741109,0.62233161578348,0.544011149319052,0.622304822074669,0.00108753154971246,0.000154662261580341,1.51525924980039,1.51598318743701,1.51855063805927,3,3,3
"1319",0.543830857189823,0.622331913870801,0.544020167571981,0.622303839003876,0.00108587153245146,0.000154429497589148,1.51525716618215,1.51597555114262,1.51853985825862,3,3,3
"1320",0.543818266413016,0.622334903263082,0.544014968516121,0.622305665437269,0.00108421474592381,0.00015419714578202,1.51526818332614,1.51599098797983,1.51853434277607,3,3,3
"1321",0.543826231005411,0.622334824680073,0.544017536197009,0.622304311327893,0.00108256220205283,0.00015396668646106,1.51525687591913,1.51599176948427,1.5185452252545,3,3,3
"1322",0.543809838321074,0.622327955515813,0.544019180934557,0.622304251036749,0.00108091283757096,0.00015373131404306,1.51527533051921,1.51599975985065,1.51855503444957,3,3,3
"1323",0.543823930366556,0.622339071515996,0.544013055562787,0.622304630000909,0.00107926759266456,0.000153503443247049,1.51525648337938,1.51599258231695,1.51854790466001,3,3,3
"1324",0.54381585790704,0.622331262154535,0.54401829956858,0.622305367185673,0.00107762598814208,0.000153272650455061,1.51525965286768,1.51598383585313,1.5185439876821,3,3,3
"1325",0.543816872088679,0.622331838530502,0.544007891404597,0.622305379847902,0.0010759880387177,0.000153040096579016,1.51527813578371,1.51600577390585,1.51855979808361,3,3,3
"1326",0.543802953268718,0.622335684818269,0.544031533037896,0.622305660182975,0.00107435331780044,0.000152809718124924,1.51529199697262,1.51600905923891,1.51856165340619,3,3,3
"1327",0.543821558465854,0.6223347236129,0.544009053260251,0.622306774094377,0.00107272311912197,0.000152583424783193,1.51525062170783,1.51598298561814,1.51853424825275,3,3,3
"1328",0.543806528713843,0.622327534918698,0.54402864200624,0.622306316127056,0.0010710959794298,0.000152350534532775,1.51527438391818,1.51599525187401,1.51854870756225,3,3,3
"1329",0.543810012425629,0.622339064034012,0.54402049732712,0.622305575041222,0.00106947254108199,0.000152122929033549,1.5152889243353,1.51600976804438,1.51857037507237,3,3,3
"1330",0.543800606485977,0.622331530507789,0.544021025526528,0.622304796095433,0.00106785273722335,0.000151894105485773,1.51527970912472,1.51600271549659,1.51856316788348,3,3,3
"1331",0.543812268560614,0.622331975462332,0.544010320448679,0.622305276764572,0.00106623687167961,0.000151665686090818,1.51527832278105,1.51599596668089,1.5185531982073,3,3,3
"1332",0.543799711753127,0.622335015734096,0.544014993581381,0.622303786089688,0.00106462411464537,0.000151438370250778,1.51528958185009,1.51601150432763,1.51854803615364,3,3,3
"1333",0.543807710362843,0.622334915062061,0.544007441201015,0.622304744956994,0.00106301546043257,0.000151213083290136,1.51527892926296,1.51601242872328,1.51855835569978,3,3,3
"1334",0.543791353857061,0.622328047859026,0.544025165807264,0.622304550549118,0.00106140986448401,0.000150982911016562,1.51529723220772,1.51602061062254,1.51856914699987,3,3,3
"1335",0.543805481419661,0.622338981749983,0.544017936983459,0.622304130717271,0.00105980825110911,0.000150760153021179,1.51527747790326,1.51601240611915,1.51856049773024,3,3,3
"1336",0.543797446996751,0.622331208484653,0.544019437644864,0.622304211453093,0.00105821014936212,0.000150534460267027,1.51528137250598,1.51600427356576,1.51855791308748,3,3,3
"1337",0.543798499393711,0.62233171767368,0.544010202552075,0.622304776558334,0.00105661557416037,0.000150306979795123,1.51529997583211,1.5160265499756,1.51857298352915,3,3,3
"1338",0.543784620940899,0.622335467545599,0.544022748337416,0.622304303811868,0.00105502410639395,0.000150081631354326,1.5153129580251,1.51602871644283,1.51857474085128,3,3,3
"1339",0.543803266215827,0.622334550465767,0.544007615822039,0.622306236449434,0.00105343701751443,0.000149860292450454,1.51527226159875,1.51600397924213,1.51854748368848,3,3,3
"1340",0.543788277255661,0.622327360515204,0.544026072646204,0.622304653784919,0.00105185287001255,0.000149632375675557,1.51529610965063,1.51601529458847,1.51856330832849,3,3,3
"1341",0.543791802475496,0.622338821765932,0.54400010308397,0.622305095211733,0.00105027229548347,0.000149409669354506,1.51531060673733,1.51602995779481,1.51858325827929,3,3,3
"1342",0.543782438768507,0.622331370903117,0.544012025190453,0.622304566871618,0.00104869522801356,0.000149185718662181,1.5153017240625,1.51602328031228,1.51857775481736,3,3,3
"1343",0.543794142153671,0.622331770344138,0.543989274565355,0.622306829092502,0.00104712196681343,0.000148962125834595,1.51529996394047,1.51601622302559,1.51856729622937,3,3,3
"1344",0.543781627406353,0.622334797946372,0.544005343197419,0.622305540034762,0.00104555169671635,0.000148738955795258,1.51531097372391,1.51603165880591,1.51856183016944,3,3,3
"1345",0.543789667471078,0.622334744657911,0.544001647344025,0.622305191966316,0.00104398539493935,0.000148517621253896,1.51530056354082,1.51603315897825,1.51857245060924,3,3,3
"1346",0.543773352174992,0.622327890411682,0.54401429699302,0.622305325239252,0.00104242203521623,0.000148291418831437,1.51531904919289,1.51604065411448,1.51858377050307,3,3,3
"1347",0.543787521347924,0.622338875984581,0.54401291866149,0.622305382403184,0.00104086252647669,0.000148072541797051,1.51529923377824,1.51603337850617,1.51857469074726,3,3,3
"1348",0.543779526117043,0.622331096332101,0.544014012923937,0.62230444392951,0.00103930640589287,0.000147851989276915,1.51530273553094,1.51602470100038,1.5185722371991,3,3,3
"1349",0.543780617970198,0.622331628366433,0.543997285031887,0.622304106322845,0.00103775368867263,0.000147629713737163,1.51532154435262,1.51604676291455,1.51858732277509,3,3,3
"1350",0.543766779044659,0.622335438114289,0.544013641046537,0.622305829396575,0.0010362039630968,0.000147409594488224,1.51533453394528,1.51604951423074,1.51858906526595,3,3,3
"1351",0.54378546173572,0.622334579522171,0.544004862126582,0.622305048012548,0.00103465847900752,0.000147193429511305,1.51529403957773,1.51602486669286,1.51856216683394,3,3,3
"1352",0.543770508451096,0.622327340097985,0.544015615871579,0.622304004029009,0.00103311582404495,0.000146971251791306,1.51531741616597,1.51603560940558,1.51857723067717,3,3,3
"1353",0.543774070532344,0.622338895324171,0.544016538579032,0.622303453740394,0.0010315766194113,0.000146754245666236,1.51533222258458,1.51605066840082,1.51859805114867,3,3,3
"1354",0.543764740549048,0.622331421545667,0.543996171593371,0.622304301236849,0.00103004080017473,0.00014653604517767,1.51532293678422,1.51604381993493,1.5185918806318,3,3,3
"1355",0.543776477162736,0.62233185559612,0.544028925996164,0.622305436319916,0.0010285086611003,0.00014631819182731,1.51532150033413,1.51603668852382,1.51858167868828,3,3,3
"1356",0.543763994609283,0.622334925670862,0.543991225473113,0.622305841196501,0.00102697940132039,0.000146100807518645,1.51533261009696,1.51605232993,1.51857660086296,3,3,3
"1357",0.543772065026061,0.622334872106862,0.544024260031783,0.622306910537475,0.0010254539814291,0.000145885158907233,1.51532212077274,1.51605342182808,1.51858734071314,3,3,3
"1358",0.543755778736596,0.622327990335958,0.544022228811828,0.622306251360809,0.00102393139298133,0.00014566473923705,1.51534026921482,1.51606137119597,1.51859789651346,3,3,3
"1359",0.543769977139928,0.622339027200702,0.544017618162717,0.622304069712032,0.00102241252992988,0.000145451598028146,1.51532088968129,1.51605363473947,1.51858983944906,3,3,3
"1360",0.543762007881746,0.62233122675256,0.544026065903632,0.622304426775213,0.00102089693732188,0.000145235582348358,1.51532432006635,1.51604529524416,1.51858684338027,3,3,3
"1361",0.543763125582861,0.622331750971662,0.544016954080579,0.622302977554243,0.00101938463061836,0.000145017722979923,1.51534290849761,1.51606734585628,1.51860227014249,3,3,3
"1362",0.543749311919339,0.622335567131041,0.544017766909076,0.62230547414598,0.00101787520525672,0.000144802021570412,1.51535615997279,1.51607001099162,1.51860418609013,3,3,3
"1363",0.54376801801972,0.62233465849811,0.544038511838023,0.622304573836699,0.00101636988996887,0.000144590240766074,1.51531537012217,1.51604485745991,1.51857710837628,3,3,3
"1364",0.543753087656741,0.62232743971753,0.544013600827252,0.622306405860809,0.00101486729681862,0.000144372025050243,1.51533901090503,1.51605657788504,1.51859225159267,3,3,3
"1365",0.543756672519898,0.62233896179267,0.544034730644062,0.622306649039971,0.00101336803681947,0.000144158869061828,1.51535350712077,1.51607111384737,1.51861328220007,3,3,3
"1366",0.543747363883208,0.622331462212023,0.544006329473443,0.622305683001289,0.00101187204591005,0.000143944532500551,1.51534446591477,1.51606430180658,1.51860684845034,3,3,3
"1367",0.543759122008982,0.622331869390429,0.544004649828691,0.62230517367485,0.00101037961444521,0.000143730541573794,1.51534274243818,1.51605721724641,1.51859680608698,3,3,3
"1368",0.54374666101144,0.62233493473329,0.544002458758527,0.622304987526723,0.00100888995540188,0.000143517015435024,1.51535406758329,1.51607296361814,1.51859170957754,3,3,3
"1369",0.54375475205519,0.622334832512202,0.544032703248756,0.62230572121549,0.00100740401309744,0.000143305760593959,1.51534324929723,1.51607389332736,1.51860231351347,3,3,3
"1370",0.543738487377913,0.622327964202295,0.544014622237115,0.622306372584318,0.00100592079637147,0.000143090606639196,1.51536182158002,1.51608199299334,1.51861323332943,3,3,3
"1371",0.543752707393508,0.622338956646041,0.544035622367857,0.622304558014481,0.00100444118451604,0.000142882854361481,1.51534193917297,1.51607414714178,1.51860479074024,3,3,3
"1372",0.543744759413127,0.62233114909439,0.544010980660198,0.622303926717197,0.0010029647301776,0.000142672448005032,1.51534561831351,1.51606569227009,1.5186020242838,3,3,3
"1373",0.543745899418423,0.622331672651611,0.544011856323452,0.622304345157946,0.00100149144901003,0.000142460607607475,1.51536430316023,1.51608800207645,1.51861750780091,3,3,3
"1374",0.543732108938239,0.622335472985554,0.544023996372038,0.622305959188999,0.00100002094337828,0.000142252350511352,1.51537737382701,1.51609049186616,1.51861931734458,3,3,3
"1375",0.543750837881797,0.622334566878972,0.544021457697225,0.622305611559781,0.000998554421406281,0.000142047947974677,1.51533656711478,1.51606555804679,1.5185922839998,3,3,3
"1376",0.543735930978505,0.622327339079523,0.543997227874258,0.622306216731605,0.000997090518926369,0.000141836983343135,1.51536026793404,1.51607682755404,1.51860773472484,3,3,3
"1377",0.543739540450142,0.622338865731827,0.544014492299756,0.622304077538054,0.000995629837012123,0.000141631479969706,1.5153748339547,1.5160916959685,1.51862836236635,3,3,3
"1378",0.543730256540583,0.622331385628506,0.544012195660539,0.622305048228138,0.000994172312446507,0.000141424580376026,1.51536573545448,1.51608482126207,1.51862249032824,3,3,3
"1379",0.543742039771179,0.62233180236191,0.544030388438259,0.622305178668865,0.000992718231291205,0.000141217861535647,1.51536411664259,1.51607784986792,1.51861229414612,3,3,3
"1380",0.54372960410622,0.622334852583005,0.544010677203841,0.622304803824042,0.000991266820026404,0.00014101150460144,1.51537512358324,1.51609332316738,1.51860709950514,3,3,3
"1381",0.543737720823162,0.622334788300927,0.544030614305587,0.622304027390271,0.000989819007134494,0.000140807267713261,1.51536469144249,1.51609464332229,1.51861777628443,3,3,3
"1382",0.543721481936058,0.622327910850099,0.544006214805233,0.622305974673699,0.000988373818328191,0.000140598054257146,1.51538292092353,1.51610232699206,1.51862894877255,3,3,3
"1383",0.543735728182593,0.622338936364361,0.54402220335407,0.62230361425011,0.000986932118648414,0.000140395911910063,1.51536329110293,1.51609479033832,1.51862031641156,3,3,3
"1384",0.543727805094187,0.62233113696668,0.544022227757427,0.622304270017828,0.000985493468182423,0.000140191450856531,1.5153667802529,1.51608632884869,1.51861783723113,3,3,3
"1385",0.54372897051648,0.622331653305286,0.544021073569615,0.622304543549257,0.000984057882814296,0.000139985543989751,1.51538548541701,1.51610840325797,1.51863306759554,3,3,3
"1386",0.543715205386495,0.622335471418326,0.544021318544886,0.622304714957656,0.000982624971703619,0.000139781534529426,1.51539844798821,1.51611098361352,1.51863497974803,3,3,3
"1387",0.543733958578159,0.622334598411192,0.54402569875567,0.622304265428304,0.000981195922930491,0.000139581885209794,1.51535788936742,1.5160862734589,1.5186080756907,3,3,3
"1388",0.543719074864302,0.622327351706117,0.544019207039232,0.622306349719522,0.000979769395520972,0.000139376112505918,1.51538134536408,1.5160973606547,1.51862343830757,3,3,3
"1389",0.543722708076029,0.622338898615442,0.544030390112417,0.622305157935153,0.000978345980900929,0.000139175675146985,1.51539599125437,1.51611215242946,1.51864420660098,3,3,3
"1390",0.543713446025287,0.622331416428738,0.544015470249483,0.62230433741027,0.000976925616703504,0.000138973920135843,1.51538680781598,1.51610540016042,1.51863819920597,3,3,3
"1391",0.543725250861469,0.622331835079865,0.54402601050602,0.622304896617833,0.000975508584825814,0.000138772264828835,1.51538519818821,1.51609824817089,1.51862807712294,3,3,3
"1392",0.543712835831136,0.622334904964768,0.544009887049916,0.622306250253447,0.000974094124920858,0.000138571025318779,1.51539633198726,1.51611390493447,1.51862304074118,3,3,3
"1393",0.543720972127457,0.622334828141752,0.544020143859383,0.6223052898408,0.000972683150048757,0.000138371832619666,1.51538568679475,1.51611497649456,1.51863380767611,3,3,3
"1394",0.543704752188498,0.622327947452956,0.544012790227312,0.622303175201233,0.000971274702366019,0.000138167758602648,1.51540402298197,1.51612291840052,1.51864466510616,3,3,3
"1395",0.543719017159657,0.622338991811124,0.544027552350272,0.62230519503732,0.000969869633019674,0.00013797062118559,1.51538439637767,1.51611522710633,1.51863645433278,3,3,3
"1396",0.543711110687048,0.622331168392975,0.544016217832934,0.622304246270659,0.00096846750932859,0.000137770632245182,1.51538785559822,1.5161067591205,1.51863364438628,3,3,3
"1397",0.543712293216494,0.622331690708187,0.543999531699325,0.622305388997224,0.000967068347384996,0.000137569123883186,1.51540647983188,1.51612888548397,1.51864919399424,3,3,3
"1398",0.543698544619353,0.622335520615617,0.544036302063789,0.622307461267121,0.000965671762946808,0.000137369570166634,1.51541965863092,1.51613155208517,1.51865111982876,3,3,3
"1399",0.543717313156324,0.622334619035367,0.544010991220049,0.622307214425857,0.000964278924524216,0.000137173673736335,1.51537883672353,1.5161064734366,1.51862418375186,3,3,3
"1400",0.543702444599745,0.622327374209786,0.544028772264312,0.62230607840503,0.000962888513711909,0.000136971559898669,1.51540242350673,1.51611792413464,1.51863943742001,3,3,3
"1401",0.543706093269158,0.622338927179474,0.544005546691733,0.622305821309763,0.000961501112499496,0.000136775292523761,1.51541697254786,1.51613267774488,1.51866049627901,3,3,3
"1402",0.543696845652292,0.622331424481154,0.5440257382328,0.622306011784058,0.000960116659305911,0.00013657768550035,1.51540783121958,1.51612578302651,1.51865429018758,3,3,3
"1403",0.543708665327452,0.622331843841644,0.544008228137286,0.622305217149862,0.00095873543192877,0.000136380200944974,1.51540615715722,1.51611873413597,1.51864429384276,3,3,3
"1404",0.54369626488107,0.622334910181091,0.544040797048093,0.622306390556198,0.000957356682818282,0.000136183124522904,1.51541734289858,1.51613438774739,1.51863925349104,3,3,3
"1405",0.543704415634511,0.622334820377275,0.544014727080233,0.622306489963278,0.000955981309962349,0.000135988084139838,1.51540664679036,1.51613543058714,1.51864999234138,3,3,3
"1406",0.543688210660331,0.622327940501672,0.544027132895682,0.622304381588118,0.000954608371509936,0.000135788170392726,1.51542501167484,1.51614339229587,1.51866098944184,3,3,3
"1407",0.543702490664937,0.622338973919792,0.54401008968353,0.622305894879666,0.000953238705028275,0.000135595157461532,1.5154052534892,1.51613562963082,1.51865265414982,3,3,3
"1408",0.543694598754571,0.622331149911379,0.544016227545561,0.622305169036598,0.000951871884849648,0.000135399302133243,1.51540882641226,1.51612719314911,1.51865000641227,3,3,3
"1409",0.54369579676486,0.622331668143665,0.544018502855381,0.622305835073112,0.00095050792724431,0.000135201945692831,1.51542746279898,1.5161493967787,1.5186654813886,3,3,3
"1410",0.54368206390412,0.6223354881046,0.544013632552235,0.622306223130545,0.000949146454378823,0.000135006493095169,1.51544048407898,1.51615189803281,1.51866742135608,3,3,3
"1411",0.543700847918598,0.622334591332369,0.54400499551768,0.622305170794942,0.000947788615663497,0.00013481467898413,1.51539972832419,1.51612699868317,1.51864048000738,3,3,3
"1412",0.543685995067928,0.622327344543528,0.544026071818218,0.622304950200841,0.000946433114678452,0.00013461650630775,1.51542333619564,1.51613829877629,1.51865597376552,3,3,3
"1413",0.54368966009063,0.622338888571949,0.544014578050365,0.622304463708917,0.000945080524204841,0.000134423585984478,1.5154378706942,1.51615304432053,1.51867673996947,3,3,3
"1414",0.543680428643058,0.622331397501409,0.544034665994389,0.622304454681463,0.000943730783422496,0.000134229636310712,1.51542874044489,1.51614622619191,1.51867084155897,3,3,3
"1415",0.543692264755821,0.622331816940735,0.544014156021331,0.622304869573592,0.000942384166128902,0.000134037288811784,1.51542707499504,1.51613917833315,1.51866076006203,3,3,3
"1416",0.543679880562854,0.622334874692955,0.544032692642459,0.622306264479827,0.000941039937250372,0.000133845282283218,1.51543812721923,1.51615472100948,1.5186557023781,3,3,3
"1417",0.543688047754534,0.62233479456295,0.544004748660424,0.622306480763885,0.000939698980087236,0.000133655354084272,1.51542754711434,1.51615590668668,1.51866645525646,3,3,3
"1418",0.543671859362764,0.622327914708957,0.544022175895702,0.622305352135766,0.000938360368390077,0.000133461506433119,1.51544585034823,1.51616371290585,1.5186776032809,3,3,3
"1419",0.543686155968798,0.62233896075398,0.5440138507269,0.622307115235803,0.000937024926493727,0.000133274406412531,1.51542613729001,1.51615607954648,1.51866916895801,3,3,3
"1420",0.543678279671519,0.62233113240325,0.544034429405707,0.622304908156468,0.000935692235578664,0.000133084492333402,1.51542961480884,1.51614759858769,1.51866663597022,3,3,3
"1421",0.543679494038303,0.622331651647623,0.544013458093016,0.6223047609506,0.000934362312103639,0.000132893075846408,1.51544828204603,1.51616971033886,1.51868207237392,3,3,3
"1422",0.543665777279129,0.622335482903821,0.544013170026874,0.622303633737373,0.000933034784497997,0.000132703551969593,1.51546128986332,1.51617230172964,1.51868403553339,3,3,3
"1423",0.54368457668434,0.622334598231725,0.544021894026989,0.622304181121687,0.000931710783559252,0.000132517561765466,1.51542058995682,1.51614744996544,1.5186571847863,3,3,3
"1424",0.543669738768283,0.622327337919315,0.544002919636772,0.622305359572838,0.000930389034314559,0.000132325382218301,1.51544408054285,1.51615862691187,1.51867258742739,3,3,3
"1425",0.543673419236367,0.622338901151595,0.544024591608923,0.622304563332214,0.000929070100579302,0.0001321382731998,1.51545867699321,1.51617343527932,1.51869349894442,3,3,3
"1426",0.5436642020911,0.62233140498654,0.544017641243362,0.622303712295535,0.000927753922284131,0.000131949863557801,1.51544947840066,1.51616660722351,1.51868752028137,3,3,3
"1427",0.543676052584233,0.622331830324809,0.544018995545533,0.622304229706707,0.000926440769330297,0.000131761602038316,1.51544782896277,1.51615949428558,1.51867749171188,3,3,3
"1428",0.543663682065482,0.622334895640213,0.54401975751937,0.622303812805762,0.000925129918811706,0.000131573723983203,1.51545892524913,1.51617511304736,1.5186724936847,3,3,3
"1429",0.543671862657488,0.622334813714078,0.544015043337076,0.622304363332504,0.000923822239709144,0.000131387721224119,1.51544828083284,1.51617620510168,1.51868331992088,3,3,3
"1430",0.54365568740367,0.622327930274707,0.544018526975276,0.622305088331105,0.0009225168209857,0.000131197053810372,1.51546655962167,1.51618409654337,1.51869431011668,3,3,3
"1431",0.543669996962107,0.622338990698283,0.544027223738143,0.622306389521163,0.000921214474065691,0.000131013075789777,1.5154468956768,1.51617640212508,1.51868608483343,3,3,3
"1432",0.543662132361055,0.622331149690485,0.544012348182438,0.622305973298886,0.000919914786796778,0.000130826305797194,1.51545035170586,1.51616793013161,1.51868342608208,3,3,3
"1433",0.543663359049885,0.62233167131164,0.544025596392313,0.622304131196926,0.000918617775813914,0.000130638044737119,1.51546895704873,1.516190054164,1.51869897142431,3,3,3
"1434",0.543649654129935,0.622335507814116,0.544010693283847,0.622306174309606,0.000917323075640825,0.000130451659728692,1.51548203806029,1.51619264849467,1.51870096665617,3,3,3
"1435",0.54366846469263,0.622334612345278,0.544005297051076,0.622304457466346,0.000916031798904777,0.000130268777770226,1.51544125640232,1.51616765802813,1.51867409767916,3,3,3
"1436",0.543653637785104,0.622327353140196,0.544000130298239,0.622305492297243,0.000914742691530309,0.000130079757121093,1.51546479797705,1.51617901742652,1.5186894974067,3,3,3
"1437",0.543657329504178,0.622338915791641,0.544023130222184,0.622305314480642,0.00091345630857171,0.000129895763641641,1.51547932815954,1.51619374768081,1.51871049848945,3,3,3
"1438",0.543648122919296,0.622331411011452,0.544014198907313,0.622304762084457,0.000912172590670907,0.000129710478971923,1.51547015806123,1.51618688453942,1.51870446167374,3,3,3
"1439",0.54365998421632,0.62233183705943,0.544014325796941,0.622305149642163,0.000910891803907188,0.000129525869652425,1.51546846773179,1.51617981021555,1.51869448885801,3,3,3
"1440",0.543647624092035,0.622334899578878,0.54400318573932,0.622304288429285,0.000909613237218235,0.000129341849781084,1.51547959463523,1.51619542682005,1.51868951001956,3,3,3
"1441",0.543655815113137,0.622334807989818,0.544019736316674,0.622304814012004,0.0009083377455987,0.000129159694601477,1.51546889632525,1.51619648694363,1.51870031138653,3,3,3
"1442",0.543639650568986,0.622327928164353,0.543997043223626,0.622305709848233,0.000907064432830117,0.000128972901926594,1.51548723004043,1.51620440349452,1.51871139108075,3,3,3
"1443",0.543653970663755,0.622338982912886,0.544034856739682,0.622305833870586,0.000905794097721864,0.000128792741074135,1.51546746408957,1.51619666756232,1.51870310651797,3,3,3
"1444",0.543646116115877,0.62233113718781,0.544008302520536,0.622305836378943,0.00090452633460477,0.000128609804452506,1.51547097643548,1.51618820087219,1.51870051876718,3,3,3
"1445",0.543647353689701,0.622331659222556,0.544007577095897,0.622305547408363,0.000903261160271528,0.000128425390439224,1.51548959495281,1.51621035880639,1.51871606242365,3,3,3
"1446",0.543633659564385,0.622335493253292,0.54401399147183,0.62230400957646,0.000901998215175342,0.00012824282405588,1.51550261708908,1.51621289941813,1.51871805939019,3,3,3
"1447",0.543652480625427,0.622334597429713,0.544008884582901,0.622304957210903,0.000900738594204293,0.00012806372907892,1.51546182376808,1.51618796485761,1.51869119842867,3,3,3
"1448",0.543637664373199,0.622327335092906,0.544033854825224,0.622304902374454,0.000899481063656239,0.000127878794356273,1.5154853837446,1.51619924194778,1.51870668693655,3,3,3
"1449",0.543641367215271,0.622338898003278,0.544004894646442,0.622304363977972,0.000898226170030936,0.000127699271071702,1.51549991111828,1.51621400034624,1.51872759708229,3,3,3
"1450",0.543635850951723,0.622330031095869,0.544014807677132,0.622305399452997,0.000896973902097503,0.000127517813873324,1.51547615469493,1.51619910760549,1.51870992318812,3,3,3
"1451",0.543644042611603,0.622331766853886,0.54402094975853,0.622303766304976,0.000895724426878634,0.000127337580760889,1.51548049407574,1.51619445436647,1.51870252397685,3,3,3
"1452",0.543631702859074,0.622335851056182,0.54401918811986,0.622305144479175,0.000894477092842616,0.000127157593016736,1.51550247158031,1.51621859506474,1.51871196712117,3,3,3
"1453",0.543643587787554,0.622334548220437,0.54403754339318,0.622303877600795,0.000893232788539667,0.000126978645349829,1.51548815587775,1.51620917744786,1.51871389518829,3,3,3
"1454",0.543627432832018,0.622327161449588,0.543986766854454,0.622306097463859,0.000891990584432812,0.000126795565253079,1.51549347996714,1.51621372986822,1.51871648640257,3,3,3
"1455",0.543638088187513,0.622339666034335,0.544017397526412,0.62230711947859,0.000890751219995763,0.000126620620217954,1.51548393585069,1.51621476844021,1.51871324172099,3,3,3
"1456",0.543633933375208,0.622331171878315,0.544010426662587,0.622305307206221,0.000889514390603908,0.000126441968960056,1.51548933644541,1.5162040704395,1.51871209043138,3,3,3
"1457",0.543635185645969,0.622331373781352,0.544022559425126,0.622304534481665,0.000888280065556827,0.000126261994807808,1.5155007068109,1.51622025010988,1.51872396978883,3,3,3
"1458",0.543621509179708,0.622335448760402,0.544015383728323,0.622304253344359,0.000887047891171196,0.000126083975241054,1.51551380629454,1.5162237654153,1.51872608907706,3,3,3
"1459",0.543640344328005,0.622334454161191,0.544027245446077,0.622303382943266,0.000885818945054353,0.000125909463114415,1.51547036420066,1.51619669122571,1.51869703981219,3,3,3
"1460",0.543625548449716,0.622327466722962,0.544017505194678,0.622304698478356,0.000884592013384386,0.000125728919189494,1.5154959371503,1.51620975278649,1.51871538420969,3,3,3
"1461",0.543629269600129,0.622339162250074,0.54403111175572,0.62230579780385,0.000883367634332788,0.000125553306978277,1.5155123150451,1.51622622134079,1.51873649320477,3,3,3
"1462",0.543623767286177,0.622330040169123,0.544028461330504,0.622306083494925,0.000882145796613083,0.000125375747660805,1.51548685452458,1.51620927519638,1.51871775719441,3,3,3
"1463",0.54363197674141,0.622331736081568,0.544031600722702,0.622305388152032,0.000880926665098344,0.000125199338560811,1.51549129297932,1.51620497606349,1.51871035468228,3,3,3
"1464",0.543619652389168,0.622335767662311,0.544026879594596,0.622304407585856,0.000879709598779855,0.000125023139473712,1.51551326124659,1.51622868086176,1.5187196153822,3,3,3
"1465",0.543631552841402,0.622334548822058,0.544035423372021,0.622304046931398,0.000878495472161967,0.000124847964346086,1.51549976689768,1.51622025434888,1.5187224712211,3,3,3
"1466",0.543615411933706,0.622327128601674,0.54402207143008,0.622304444815056,0.000877283370573192,0.000124668506366832,1.51550427111851,1.51622435887177,1.51872458879673,3,3,3
"1467",0.543626080175385,0.622339663807438,0.544040410788428,0.622304678304312,0.000876074022211754,0.000124496413889452,1.51549506675673,1.51622526742365,1.51872144046318,3,3,3
"1468",0.543621937725828,0.622331195944326,0.544008573164094,0.622306031428781,0.00087486712716573,0.000124320650916165,1.51550046637072,1.51621482051546,1.51872013485888,3,3,3
"1469",0.543623201674305,0.622331412209818,0.544024237610874,0.622304426377321,0.000873662655642874,0.000124143577985403,1.51551167891335,1.51623085770055,1.51873222767848,3,3,3
"1470",0.543609535887597,0.622335538508643,0.544018816560272,0.622304366116577,0.000872460259621114,0.000123968958698373,1.51552534730387,1.51623463672786,1.51873464948155,3,3,3
"1471",0.543628379875455,0.622334485780738,0.544032045816413,0.622304448040909,0.000871260999829087,0.00012379861762124,1.51548133267845,1.51620727937131,1.51870504434218,3,3,3
"1472",0.543613593425107,0.622327539643605,0.544022072577268,0.622304365417271,0.000870063681860195,0.000123622301846704,1.51550714011005,1.51622070546449,1.51872394681629,3,3,3
"1473",0.543617322290383,0.622339196823225,0.544032355905221,0.622303724488661,0.00086886883574497,0.000123450853328877,1.5155234137268,1.516236732542,1.51874467899979,3,3,3
"1474",0.543611827428685,0.622330082685334,0.544021722442275,0.622305212913348,0.00086767645014428,0.000123277580529324,1.51549790824021,1.51622009651761,1.51872612664716,3,3,3
"1475",0.543620043984938,0.622331787684672,0.544043590994881,0.622306482945158,0.000866486687830743,0.000123106079271795,1.51550258586127,1.51621590418074,1.5187187022744,3,3,3
"1476",0.543607726113381,0.622335794687396,0.544026469446102,0.622304393777451,0.000865298918058831,0.000122934788304052,1.5155242281837,1.51623926250416,1.51872799275541,3,3,3
"1477",0.543619632645627,0.622334580757541,0.544018208486747,0.622304645608902,0.000864114001618021,0.000122764682867649,1.51551099178581,1.51623106280407,1.51873086508623,3,3,3
"1478",0.543603498400337,0.622327159035852,0.544024929754342,0.622303831340764,0.000862931038335778,0.000122590813258161,1.51551536886477,1.516235281108,1.51873298298119,3,3,3
"1479",0.543614172567399,0.622339672937074,0.544033161662531,0.622304274328523,0.000861750745377737,0.000122424227602447,1.51550616156097,1.51623590891835,1.51872982780004,3,3,3
"1480",0.543610036469253,0.622331196928626,0.544015383108024,0.622305327359415,0.000860572827406282,0.000122254011230338,1.5155115047999,1.5162255449108,1.51872862547013,3,3,3
"1481",0.543611307210177,0.622331410096627,0.544039955151497,0.622306673611616,0.000859397255483035,0.000122082470632612,1.51552283947268,1.51624165500384,1.51874071642296,3,3,3
"1482",0.543603086364291,0.622337457505411,0.544037659870012,0.622305469600105,0.00085822372711618,0.000121913065340262,1.5155396364368,1.51625482808401,1.51875302564505,3,3,3
"1483",0.543619266552412,0.622332929841756,0.544048372633998,0.622305312904489,0.000857053225221849,0.000121745894576475,1.51549551365096,1.51621994435405,1.51872154700648,3,3,3
"1484",0.543607092526065,0.622329055802349,0.544024129687801,0.622305264348211,0.000855884615693623,0.000121575561629617,1.51550458647145,1.51621628152035,1.51872348812572,3,3,3
"1485",0.543618453169976,0.622338716413724,0.544027367996495,0.622304838778701,0.000854718562261945,0.000121407855587674,1.51552554203176,1.51624371991996,1.51875740784619,3,3,3
"1486",0.543608059117889,0.622330433240559,0.544019145042106,0.622304004659818,0.000853554746705128,0.000121240198973749,1.51549293561125,1.5162124833641,1.51872960937546,3,3,3
"1487",0.543626522731749,0.62233280346428,0.544025966936072,0.62230359771409,0.000852393656603521,0.000121073606942357,1.51549047427747,1.51620657224313,1.51871705446174,3,3,3
"1488",0.543614161660809,0.622337326572757,0.544021586873775,0.622304636017237,0.000851234487273155,0.000120907529128855,1.51551113174863,1.5162289772393,1.5187291204972,3,3,3
"1489",0.543628806173671,0.622333554447929,0.544032851108789,0.622304905980928,0.000850078105244571,0.000120740781006878,1.51549273802081,1.51621489804906,1.51872903271519,3,3,3
"1490",0.543615255776844,0.62233017195962,0.544021407628873,0.622304796031773,0.000848923625790957,0.000120572497614324,1.51549076277409,1.51621186749772,1.51872457588206,3,3,3
"1491",0.543633514338467,0.622338805024867,0.544035234476506,0.622304510259191,0.000847771895942488,0.000120408956077789,1.51547331861045,1.51620918329102,1.51871857820348,3,3,3
"1492",0.543624454244648,0.622331794925714,0.544023523968385,0.62230344630996,0.000846622320454485,0.00012024298923563,1.51547861596427,1.5161939467325,1.51871504921311,3,3,3
"1493",0.543635939427663,0.622331975541837,0.544032816442495,0.622305818037898,0.000845475195525623,0.000120075673634368,1.51547946121433,1.5162004376665,1.51871529259022,3,3,3
"1494",0.543622201954504,0.622336498046894,0.544021808381861,0.622304750100321,0.00084433000147974,0.000119910635084319,1.5154905236766,1.5162041973519,1.51871795852009,3,3,3
"1495",0.54364376304372,0.62233301838446,0.544035357003836,0.622303955314339,0.000843187785414488,0.000119747439524365,1.5154417072313,1.5161692841294,1.51868611706113,3,3,3
"1496",0.54363153222221,0.622330142949126,0.544019188042561,0.622304337419283,0.000842047391590869,0.000119581111194367,1.51546168027206,1.51617662744411,1.51869500485013,3,3,3
"1497",0.543642826274802,0.622337923231128,0.544007845495295,0.622304610270306,0.000840909473809574,0.00011941716044761,1.51546886668745,1.51618518565552,1.51871196656581,3,3,3
"1498",0.543632381344717,0.622330716945354,0.544015071122616,0.622304914604119,0.000839773718600696,0.000119252511055601,1.51544639985185,1.51616865550516,1.51869407100456,3,3,3
"1499",0.543650787611862,0.622332108185115,0.544032470883779,0.622305469214722,0.000838640606385359,0.000119088911578302,1.5154363095634,1.5161516984758,1.51867320621966,3,3,3
"1500",0.543638370585101,0.622336989973444,0.54401340665819,0.622304910212276,0.00083750934508933,0.000118925849269536,1.51546073107295,1.51617806432256,1.51868780323928,3,3,3
"1501",0.543652962620352,0.622333053172017,0.544038591345816,0.622306186690832,0.000836380787894352,0.000118762165006836,1.51543964201675,1.51616004653803,1.51868520287046,3,3,3
"1502",0.543639351526223,0.622330068870331,0.544016827011543,0.622304689079871,0.000835254063811966,0.000118596985700714,1.51544114994424,1.51616275512072,1.51868193766336,3,3,3
"1503",0.543652773606707,0.622338701352298,0.544037755829382,0.622304544039195,0.000834130044627326,0.000118436476747807,1.51543680039213,1.51617104994019,1.51869127489626,3,3,3
"1504",0.543648445260132,0.62233190117412,0.544018580137045,0.622303990644956,0.000833008069135366,0.000118273631408594,1.51542844214079,1.51614269642552,1.51867112108246,3,3,3
"1505",0.543655093079516,0.622332275053034,0.544034374492279,0.622303486143434,0.000831888504357987,0.000118109318279602,1.51544244894634,1.51616567020461,1.5186902238558,3,3,3
"1506",0.543638750096849,0.622336022309502,0.5440117058942,0.622304664792358,0.000830770808189809,0.000117946991952445,1.51546504457202,1.51618242997779,1.51870101517951,3,3,3
"1507",0.543662775403847,0.622333918133138,0.544030018944857,0.622304173287319,0.000829655996679249,0.000117786952598675,1.51540659652358,1.51613396910357,1.51866262648708,3,3,3
"1508",0.543650510644399,0.622331046272623,0.544020348264254,0.622305204811777,0.000828542940259922,0.000117623656821442,1.51542614163543,1.51614508995583,1.51867156807286,3,3,3
"1509",0.543654416959563,0.622337246916207,0.544042910133475,0.622304035687681,0.000827432327153858,0.00011746224594178,1.51545400457751,1.51617221682658,1.51871094493626,3,3,3
"1510",0.543648684960388,0.622331074568313,0.544009904507612,0.622304480976416,0.000826323766032405,0.000117300327378334,1.51542392283248,1.5161466415824,1.51868311226357,3,3,3
"1511",0.543664792610199,0.622333513099057,0.544015392547357,0.622304165365287,0.00082521779791663,0.000117139674807865,1.51541291654313,1.51613891252231,1.51866678017524,3,3,3
"1512",0.543649796145882,0.622336239846029,0.544015508721342,0.622306516035033,0.000824113620815514,0.000116979083130131,1.51544038576293,1.51616077045145,1.51868588385639,3,3,3
"1513",0.543664322431184,0.622332931840656,0.54403171219063,0.622305190877722,0.000823012066898095,0.0001168179027351,1.51542693298439,1.51614533295897,1.51868511579199,3,3,3
"1514",0.543650650926229,0.622330282468578,0.544009732627521,0.622305450038343,0.000821912278758159,0.000116655253581954,1.51542792775259,1.51615233216753,1.51868440983168,3,3,3
"1515",0.543664017437748,0.622338619956957,0.544026510243524,0.622303948131093,0.000820815115284611,0.000116497229249446,1.51542364637669,1.51615591781853,1.51868898172806,3,3,3
"1516",0.54365963409621,0.622331874294157,0.544027540925631,0.622303096106295,0.000819719925379717,0.000116336852158727,1.51541559096624,1.51612852948228,1.51866965598441,3,3,3
"1517",0.543663159330131,0.622332806719868,0.544020245491145,0.622304276642868,0.000818627061026926,0.000116175243004668,1.5154433278731,1.5161677250325,1.51869786159769,3,3,3
"1518",0.543652660061586,0.622337479957158,0.544039713699702,0.622305496959689,0.000817536069079184,0.000116015828500404,1.51545511878573,1.51617206253925,1.51871187785812,3,3,3
"1519",0.543667725363481,0.622335011801217,0.544004674388884,0.622306457774629,0.000816447770376622,0.000115858743046204,1.51541280398449,1.51614847838271,1.51868653342697,3,3,3
"1520",0.54366122175891,0.622331054513236,0.544044851637359,0.622305892310865,0.00081536126333117,0.000115697886463706,1.51542305973754,1.51614729135365,1.51868497184479,3,3,3
"1521",0.543658997312836,0.622338474067537,0.54402831106083,0.622304743674361,0.000814277075731402,0.000115539800029985,1.51546458748196,1.51619921882647,1.5187364024238,3,3,3
"1522",0.543656250843287,0.622330951687056,0.544033969584638,0.622305668620184,0.000813194883008944,0.000115379956418526,1.51543099001809,1.51616176188985,1.51869924327192,3,3,3
"1523",0.543672101499404,0.622335548892098,0.544026517763194,0.622307495774783,0.000812115258088369,0.000115222618804478,1.5154247193315,1.51616923186409,1.51869882949989,3,3,3
"1524",0.543657008777337,0.622336250215823,0.544025496516995,0.622304479916058,0.000811037362201616,0.000115064610520021,1.51544621224852,1.51618134695886,1.51871100973081,3,3,3
"1525",0.543665418702749,0.622335281520714,0.544014554984606,0.62230433515818,0.000809961965365356,0.000114906868262099,1.5154527950453,1.51619649048507,1.51874071721018,3,3,3
"1526",0.543660585285185,0.622331783718621,0.544018382243299,0.62230397290512,0.000808888383147739,0.000114746412693267,1.51544830113061,1.5161855712771,1.51872919962491,3,3,3
"1527",0.543667825068676,0.622339424251327,0.544008877883785,0.62230426255574,0.000807817302248747,0.000114591672197073,1.51543758125224,1.51619642661186,1.51872191847284,3,3,3
"1528",0.543663371714475,0.622332632341371,0.544019600867357,0.622304439703657,0.000806748132482005,0.000114434378999162,1.51543806562335,1.5161731953837,1.51871844606981,3,3,3
"1529",0.543667346694411,0.62233505457774,0.544010058334057,0.622306943382348,0.00080568125181175,0.000114276202021979,1.51547034257744,1.5162203312178,1.51875411193198,3,3,3
"1530",0.543656289298109,0.622335210936513,0.54403503191323,0.622303534650807,0.000804616151470336,0.000114119388982759,1.51546328527655,1.51620301573609,1.51872754539382,3,3,3
"1531",0.543668719666678,0.622335740137714,0.544024305971429,0.622303254301502,0.000803553692486618,0.000113965732250088,1.51544220103238,1.51619482339092,1.51873350761374,3,3,3
"1532",0.543665227209277,0.622331527987752,0.544030823785298,0.622303746010804,0.000802492976426727,0.000113807656133669,1.51544840934679,1.51618910456302,1.51873135837251,3,3,3
"1533",0.543662961986445,0.622337400552163,0.544002625436115,0.622305346410198,0.000801434512919676,0.000113652562107602,1.51547440684708,1.51622389485566,1.51876624420031,3,3,3
"1534",0.543657083718488,0.62233085591932,0.544037820587978,0.622304141754485,0.000800377972745676,0.000113496225532916,1.51545474521193,1.51620250200566,1.51874404528067,3,3,3
"1535",0.543670487102421,0.622334970032987,0.54401778246251,0.622303229949872,0.000799323902502048,0.000113341699166436,1.51546191772611,1.51621706334487,1.51874230053988,3,3,3
"1536",0.543660767717694,0.622335292223257,0.544017066521164,0.622304792045763,0.000798271541305011,0.00011318674242522,1.51546171478132,1.5162161911437,1.51873977390746,3,3,3
"1537",0.543663667647602,0.6223338605596,0.544010144921087,0.622303911815069,0.000797221572428476,0.000113033003382945,1.51547859460596,1.51623198754534,1.51877473424772,3,3,3
"1538",0.543658754910799,0.622330874789001,0.54402342298509,0.622307119773666,0.000796173359415936,0.000112877100517994,1.51547412357615,1.51623150946467,1.51876772321537,3,3,3
"1539",0.54366591961537,0.622338518663454,0.543991607216831,0.622305439167595,0.000795127578603287,0.000112726950824427,1.51546555853456,1.51623588364371,1.51876527665879,3,3,3
"1540",0.543661374917798,0.62233165775437,0.544010120922619,0.622304953609791,0.000794083648427664,0.000112573829522122,1.51546520497633,1.51621716621369,1.5187557958039,3,3,3
"1541",0.543665254300848,0.622333492667562,0.544005816026251,0.622305467662895,0.000793041941130795,0.00011241974204379,1.51549392799992,1.51625959702147,1.51878817332607,3,3,3
"1542",0.54365412536686,0.622334675058799,0.544020989515734,0.622305147902121,0.000792001955407469,0.000112266980187181,1.51549161404432,1.51625126006307,1.51877476257655,3,3,3
"1543",0.543666470767729,0.622334858855456,0.544011101663226,0.622305987859523,0.000790964538996581,0.000112117364831632,1.51546917544683,1.51623794047355,1.51877311933448,3,3,3
"1544",0.54366289519356,0.622330908682237,0.544030054140456,0.622304829384846,0.000789928806975325,0.000111963348400912,1.5154751813052,1.51623619667439,1.51877466609586,3,3,3
"1545",0.543660560451399,0.622336801987196,0.544013928596378,0.622304316811081,0.000788895261255536,0.000111812269476874,1.51550189665117,1.51626700237705,1.5188084771793,3,3,3
"1546",0.543654615990457,0.622330567038538,0.544021042074687,0.622304836919961,0.000787863577139639,0.000111659941672171,1.51548330474654,1.51624777303962,1.51878824116642,3,3,3
"1547",0.543667956433036,0.622334550931769,0.544011151118273,0.622305394852477,0.000786834293160404,0.000111509336940041,1.51548773398429,1.51625975180843,1.51878429505758,3,3,3
"1548",0.543658180668631,0.622334984487955,0.544017888598692,0.62230475820923,0.000785806659942695,0.000111358254808125,1.51548932683157,1.51625795173228,1.51878284839446,3,3,3
"1549",0.543658183673992,0.62233259245224,0.544009483303208,0.622305580666235,0.000784781292020614,0.000111206638604089,1.51551366212906,1.51627487064375,1.51881752801572,3,3,3
"1550",0.543661134937171,0.622332771355831,0.544031158037899,0.622304694304017,0.000783757653881537,0.00011105385701371,1.51549312518874,1.51626218063606,1.51880010197726,3,3,3
"1551",0.543660326195207,0.622336889463738,0.544020864409549,0.62230430791624,0.000782736345928974,0.000110905728789912,1.5154921130192,1.51626998296273,1.5187997885672,3,3,3
"1552",0.543660810927481,0.622332563075068,0.544035534778348,0.622305685833213,0.000781716803276112,0.000110754885791486,1.5154880452099,1.51624951098633,1.51878744825437,3,3,3
"1553",0.543664642807109,0.622334449233918,0.543999368468151,0.622306142160832,0.000780699417968267,0.000110603272701071,1.51551501625428,1.51628813842544,1.51882213795109,3,3,3
"1554",0.543656017359966,0.622335947135988,0.544030659063407,0.622306709806238,0.00077968368980743,0.000110453235687369,1.5154969295993,1.51626305199839,1.51879372977063,3,3,3
"1555",0.543662963126459,0.62233348477057,0.544018516735755,0.622306705384902,0.000778670410400052,0.000110304786657411,1.51548807919205,1.51626257745577,1.51880169395758,3,3,3
"1556",0.543667258288461,0.622333400746132,0.544034594943416,0.622304218596798,0.000777658791440528,0.000110153347604558,1.51548628568139,1.51625993890342,1.51879560387654,3,3,3
"1557",0.543659499672497,0.62233689148727,0.54402693443686,0.622304564243712,0.000776649255619193,0.000110004050830614,1.51551255785483,1.51629359652314,1.51882224746808,3,3,3
"1558",0.543658618205181,0.622331378447823,0.544028299667653,0.622303911627473,0.000775641498506292,0.00010985357040505,1.51548112809512,1.51625508681881,1.51879349509442,3,3,3
"1559",0.54366938939463,0.622334591030529,0.54402244517788,0.6223054876078,0.000774636082433385,0.000109704679917555,1.51550119723497,1.5162735377013,1.51880530292132,3,3,3
"1560",0.543662095638914,0.622336008378827,0.544018054801512,0.622305191091825,0.000773632255425116,0.000109555905965064,1.51548922606507,1.51626789006058,1.51878802649242,3,3,3
"1561",0.543662097507732,0.622333261316266,0.544032221248981,0.622304517825884,0.000772630630581917,0.00010940658906744,1.51550836281193,1.51628629094317,1.51882334139131,3,3,3
"1562",0.543665035455722,0.622332796953914,0.544031337583254,0.622304140260426,0.000771630680452079,0.000109256059257712,1.5154868720189,1.51626751087406,1.51880605293193,3,3,3
"1563",0.543673091138774,0.622339558336149,0.544013844181752,0.622304891281319,0.000770633058429307,0.000109110927540179,1.51548370824054,1.51626836283719,1.51880038890158,3,3,3
"1564",0.543664676793994,0.622331187872078,0.544019059611918,0.622304420262971,0.000769637084705181,0.000108961843783728,1.51547774689543,1.51625020443022,1.51879267220392,3,3,3
"1565",0.543669928834475,0.62233331822341,0.544016856101972,0.622305987119767,0.000768643209339756,0.000108811974536049,1.51550761205374,1.51628982555096,1.51882083256343,3,3,3
"1566",0.543668736665386,0.622337988762941,0.544047105044684,0.622305350093623,0.000767650996375038,0.000108665114653905,1.51548415329186,1.51626223211244,1.51879281467489,3,3,3
"1567",0.543675664652649,0.622334083588186,0.544030858070851,0.622305992618191,0.000766661166983532,0.000108519659051676,1.51546966730107,1.51625196368352,1.51879065668214,3,3,3
"1568",0.543672495660295,0.622330507049695,0.54404428856104,0.62230523341005,0.000765672885077955,0.000108370847656469,1.51547022627873,1.51624490510208,1.51878677528267,3,3,3
"1569",0.543673611750306,0.622337602292875,0.544030627188246,0.622304319495898,0.000764686687031011,0.000108225528318129,1.51549247815161,1.51627535916665,1.51881135969529,3,3,3
"1570",0.543671305654385,0.622332611855029,0.544034283260107,0.62230414429848,0.000763702209725492,0.000108079233033909,1.51546132208307,1.51624861688695,1.51879289381374,3,3,3
"1571",0.543683481072595,0.622333525954574,0.544036159755201,0.622304097489475,0.000762720011751408,0.000107934119294884,1.51546525415108,1.51624751906787,1.51878420622736,3,3,3
"1572",0.543676187996624,0.622335695447198,0.544036187072975,0.622305012074276,0.000761739349429161,0.000107789065085018,1.51546509133268,1.51624726879087,1.51877348809754,3,3,3
"1573",0.543676189772735,0.622333206504581,0.544021470608578,0.622306091249723,0.000760760826868661,0.000107643371327404,1.5154866326375,1.5162719069662,1.51881024125808,3,3,3
"1574",0.543679123802888,0.622332375904813,0.54402692549312,0.622304562896288,0.000759783924350161,0.000107496676586383,1.51546070287027,1.51624797678327,1.51879199049066,3,3,3
"1575",0.543687168907749,0.622338295850865,0.544041375010294,0.622305201126658,0.00075880928572322,0.000107355884467641,1.51545200495019,1.51624153592001,1.51877871162137,3,3,3
"1576",0.543678763167871,0.622330766526022,0.544019991308178,0.62230540207057,0.000757836241074641,0.0001072111377729,1.51545357200912,1.51623351497218,1.51877620321278,3,3,3
"1577",0.543684012435043,0.622332619131667,0.544043986792745,0.622304263370573,0.000756865233800896,0.000107065490592473,1.51547976973458,1.51626996940236,1.51880397463234,3,3,3
"1578",0.54368282532504,0.622337621214237,0.544027155759633,0.622304979433178,0.000755895834478041,0.0001069227661884,1.51545878720861,1.51624575315684,1.51877859922802,3,3,3
"1579",0.543689753103615,0.622333352335326,0.544033483643349,0.622303369982842,0.000754928753599821,0.000106782285485774,1.51544068290255,1.51622994454288,1.51877385163219,3,3,3
"1580",0.543686587935531,0.622329983970974,0.544035772551676,0.622303809316244,0.000753963167463369,0.000106637991192815,1.51544416424379,1.51622570321216,1.51877061998846,3,3,3
"1581",0.543687711536073,0.62233724905579,0.544032299140341,0.622303703014826,0.000752999604766386,0.000106496983847792,1.51546661826828,1.5162561692868,1.51879710395918,3,3,3
"1582",0.543685407283857,0.622332259126354,0.544023334423992,0.622304358561397,0.000752037707689384,0.000106354912498108,1.51543605057454,1.51622954130018,1.51877680980483,3,3,3
"1583",0.543697586955335,0.622333119496567,0.544030648420235,0.622304664486452,0.000751078026776486,0.000106213931249211,1.51543962100936,1.51622583349538,1.51876812783579,3,3,3
"1584",0.543690300508248,0.622335363059207,0.544023528028694,0.622305274779203,0.000750119829579981,0.000106072952053782,1.51543805167192,1.51622728210482,1.51875728309203,3,3,3
"1585",0.543690310746046,0.622333123630363,0.544039763742995,0.622304919095886,0.000749163711394852,0.000105931304667961,1.51546254798798,1.51625200632125,1.51879475027394,3,3,3
"1586",0.543693248183792,0.62233222887442,0.544017893554775,0.622305540551139,0.000748209160268489,0.00010578879038059,1.51543526051664,1.5162267922332,1.51877613521524,3,3,3
"1587",0.543701303906256,0.622338329592484,0.54403426897019,0.622305091174019,0.000747256810982605,0.000105651601457812,1.51542727732432,1.51622252067875,1.51876237585489,3,3,3
"1588",0.543692906620482,0.622330911196186,0.544009006997339,0.622305247808075,0.000746306003536415,0.00010551051581964,1.51542926493726,1.51621452344496,1.51876010177852,3,3,3
"1589",0.543698163074568,0.622332731190319,0.544010894330415,0.622304504961602,0.000745357175025827,0.000105368522691607,1.51545525433617,1.51624961667215,1.518787500535,3,3,3
"1590",0.543696987326003,0.622337774935165,0.544001676600018,0.622304498225082,0.000744409902613192,0.000105229449915201,1.51543381427496,1.51622607824251,1.51876184187209,3,3,3
"1591",0.543703927521438,0.622333676268592,0.544019583270299,0.622304630729269,0.00074346488651116,0.000105091738262231,1.51541715807947,1.516211832679,1.51875704243564,3,3,3
"1592",0.543700770675806,0.62233025049063,0.544007824752165,0.622306034165616,0.000742521315232507,0.000104949923369402,1.51541917650519,1.51620662218222,1.51875513147611,3,3,3
"1593",0.543697729233911,0.622335538548546,0.54402176849706,0.622304529128028,0.000741579667872546,0.000104810724422255,1.51544968802745,1.51624698389573,1.51878380666179,3,3,3
"1594",0.543695443167117,0.622332640461932,0.544002479019725,0.622303827525836,0.000740639633768756,0.000104671141651136,1.51542517685156,1.51622258701819,1.51877453641657,3,3,3
"1595",0.543707621853678,0.622334313057181,0.544021224283571,0.622304762498275,0.000739701755577488,0.000104533097769477,1.51542871589413,1.51622244778304,1.51876891088932,3,3,3
"1596",0.543700325634093,0.622335718828038,0.54399926150112,0.622305208585333,0.000738765311885458,0.000104395260441925,1.51542061617987,1.51621390451095,1.51874061870684,3,3,3
"1597",0.54369616693821,0.622331726119401,0.544019823798082,0.622306682615022,0.000737830847263908,0.000104256092866351,1.51545295328097,1.51624757808925,1.51878524136097,3,3,3
"1598",0.543699110700229,0.622332227785729,0.543996764323677,0.622305110889183,0.000736897899041547,0.000104116122418452,1.51542991335893,1.51622425014234,1.51877438717416,3,3,3
"1599",0.543707179874014,0.622339551760649,0.544011026835027,0.622304498799334,0.000735967093035907,0.000103981586314972,1.51542650934364,1.51622622449114,1.51877029115276,3,3,3
"1600",0.543698761287479,0.622330996835554,0.544005636654723,0.622304770628511,0.000735037778869215,0.000103843200406351,1.51541989496555,1.51620817428643,1.51875158627487,3,3,3
"1601",0.543699844368397,0.622330858654011,0.544021259141509,0.62230593590924,0.000734110345483842,0.000103703155296953,1.51545473724187,1.51625168816338,1.51878338289616,3,3,3
"1602",0.543698675734442,0.62233763579215,0.544016344397893,0.622305278696496,0.000733184417996912,0.000103566394814569,1.51543885608085,1.51623148289042,1.51876801378915,3,3,3
"1603",0.543705612339567,0.622334424335441,0.544026756725432,0.62230431324435,0.000732260686437461,0.000103431213004934,1.51542273595332,1.51622055805234,1.51876953143035,3,3,3
"1604",0.543702432012523,0.622330191609163,0.544010239709988,0.622307423864654,0.000731338351249505,0.000103292010819267,1.51541916207388,1.51620794195817,1.51875030073291,3,3,3
"1605",0.543699388011667,0.622335614595202,0.544004757327435,0.62230555073953,0.000730417884755797,0.000103155303638136,1.51545017827823,1.51624603725871,1.51878060470417,3,3,3
"1606",0.543697091134657,0.622332442940132,0.54400896967176,0.622303020705395,0.000729498980857525,0.000103018040256697,1.51542367368482,1.51622357185118,1.51877159732696,3,3,3
"1607",0.543709270717314,0.622334446089326,0.544002651567035,0.622304177028865,0.000728582174505881,0.000102882254739867,1.51543122868759,1.51622583118514,1.51877008380557,3,3,3
"1608",0.543701962752087,0.622335787268114,0.544004406761338,0.622304591020147,0.000727666755049495,0.000102746779729102,1.51542250923894,1.51621742642826,1.51874279629809,3,3,3
"1609",0.543697790630875,0.622331630974939,0.544001587267413,0.622304627265593,0.000726753259121974,0.000102609970667467,1.51545461057413,1.51625029740582,1.51878523575364,3,3,3
"1610",0.543700725436496,0.62233251838136,0.544023780542625,0.622305029914838,0.000725841230941028,0.000102472720358238,1.51543232126598,1.51622971830811,1.51877745477589,3,3,3
"1611",0.543708769533302,0.622339619319004,0.543997537324693,0.622305605196696,0.000724931287618045,0.000102341961986441,1.51542784683398,1.51622855099107,1.51877068286819,3,3,3
"1612",0.543700336310546,0.622331201036598,0.543999120652571,0.622305730201203,0.000724022788227343,0.000102208828405614,1.51542121354045,1.51621155139155,1.51875175129147,3,3,3
"1613",0.543701398960443,0.622331158141014,0.543991742229868,0.62230506903144,0.000723116116161619,0.000102074266670305,1.51545644230671,1.51625480425084,1.51878504979726,3,3,3
"1614",0.543700210443109,0.62233796687855,0.544009480130786,0.622305898240783,0.000722210902313138,0.000101943130127125,1.51543949234873,1.51623542000344,1.51876940746918,3,3,3
"1615",0.543707123687761,0.62233480882345,0.543998775155121,0.622305760347382,0.000721307826781138,0.000101813562757069,1.5154257682085,1.51622445787784,1.5187715182831,3,3,3
"1616",0.543703921296593,0.622330467413618,0.544007755382778,0.622304783333616,0.000720406101676811,0.000101680938018434,1.51542088937809,1.51621149334714,1.5187523072845,3,3,3
"1617",0.543700856291663,0.622335940091558,0.54399845441986,0.622304408185908,0.00071950619270392,0.000101550712998555,1.51545243334049,1.51625017423173,1.51878497598619,3,3,3
"1618",0.543698538879104,0.622332640207266,0.544000102491583,0.622306135683755,0.00071860779819345,0.000101419973276839,1.51542601406168,1.51622733146274,1.51877377706747,3,3,3
"1619",0.543710695348331,0.6223345108687,0.544007283827202,0.622304813857291,0.000717711445482758,0.000101290501035245,1.5154331865445,1.51622869121402,1.51877272622032,3,3,3
"1620",0.543703370810511,0.622335816556775,0.544015138175672,0.622304925080527,0.000716816434402279,0.000101161227898716,1.5154239832986,1.51622103363679,1.51874529795714,3,3,3
"1621",0.543699181569347,0.622331691225197,0.54399585182364,0.622305892277299,0.000715923293727437,0.000101030438960481,1.51545698109341,1.51625401245024,1.51878900996215,3,3,3
"1622",0.54370210087057,0.62233246103218,0.544010784614367,0.622305035708821,0.000715031574328668,0.000100898898256818,1.51543451387055,1.51623270180901,1.51877960619919,3,3,3
"1623",0.543710130876421,0.622339528991407,0.544010383702372,0.622304391547032,0.000714141884687983,0.000100772730646015,1.5154291624809,1.5162324834936,1.51877325575524,3,3,3
"1624",0.543701687703634,0.622331113574729,0.544013870041576,0.622304572706763,0.000713253593033485,0.000100642861748268,1.5154238657984,1.51621474805008,1.51875382634228,3,3,3
"1625",0.543702738775617,0.62233096881234,0.544008237021001,0.622304859054086,0.000712367077222555,0.000100511248169455,1.51545814957245,1.51625794311272,1.51878725868105,3,3,3
"1626",0.543701546513382,0.622337830467831,0.543997196640604,0.622305740177438,0.000711481973721343,0.00010038299213555,1.51544171784673,1.51623882165832,1.51877161619704,3,3,3
"1627",0.543708451249123,0.62233461417599,0.544014312016548,0.622305471042469,0.000710598952823479,0.000100256210633032,1.51542736527146,1.51622801252633,1.51877388946465,3,3,3
"1628",0.543705245786057,0.622330263556762,0.544008219632762,0.622304634529768,0.000709717238002238,0.000100125512201066,1.51542266881678,1.51621467318407,1.51875495140914,3,3,3
"1629",0.543702178577474,0.622335658744192,0.544023793556114,0.622305140211228,0.000708837288451476,9.99971808470779e-05,1.51545417265808,1.51625355294079,1.51878609754023,3,3,3
"1630",0.543699862927964,0.62233246730672,0.543992325132537,0.622305161513826,0.000707958806817791,9.98683278913282e-05,1.51542765852486,1.51623066013189,1.51877677416131,3,3,3
"1631",0.543712015802433,0.622334272231073,0.54402068454584,0.622305687345927,0.000707082312955895,9.97407277646412e-05,1.5154350152641,1.51623210908393,1.51877505427553,3,3,3
"1632",0.543704695296336,0.622335642442213,0.544004504069183,0.622305563426134,0.000706207116981207,9.96133265539489e-05,1.51542624260175,1.5162244391946,1.51874795021935,3,3,3
"1633",0.543700506691399,0.622331456353165,0.544023674798447,0.622304823193943,0.000705333739978839,9.94844274136986e-05,1.51545867259581,1.51625729375465,1.51879089180252,3,3,3
"1634",0.543703430103007,0.622332306796243,0.544003197461451,0.6223047225452,0.000704461739350743,9.93547939327488e-05,1.51543614092082,1.51623570303079,1.51878303090084,3,3,3
"1635",0.543711461461002,0.622339381105298,0.544014970041482,0.622304218264077,0.000703591715141088,9.92305101482627e-05,1.5154318123121,1.51623558951954,1.51877575923133,3,3,3
"1636",0.543703021923826,0.622331015174864,0.54401916013325,0.622303653121002,0.000702723044565216,9.91025719807581e-05,1.51542524432248,1.51621815238858,1.51875769167472,3,3,3
"1637",0.543704074698313,0.622330859477596,0.543992372922746,0.622305448488061,0.00070185610006363,9.89729229451397e-05,1.51546036253462,1.5162616583612,1.51878989557965,3,3,3
"1638",0.543702887408783,0.622337777177405,0.54401172258238,0.622303758854021,0.000700990523586593,9.88466297431323e-05,1.51544403366038,1.51624182953013,1.51877469727521,3,3,3
"1639",0.54370979202827,0.622334551128279,0.543993644285575,0.62230388676295,0.000700126975813005,9.87218219650199e-05,1.51542925879964,1.51623113258733,1.51877709871159,3,3,3
"1640",0.543706589442448,0.62233023913862,0.544020883912878,0.622305594429321,0.000699264691348224,9.8593146186654e-05,1.5154246978985,1.51621800936953,1.51875804125507,3,3,3
"1641",0.543703523649953,0.622335642235607,0.54400438614291,0.622306345420059,0.000698404123005371,9.84672373960382e-05,1.51545633369341,1.51625664982245,1.51878906728206,3,3,3
"1642",0.543701209794231,0.622332471469536,0.544013859612461,0.622304281570143,0.00069754497765133,9.83409443985339e-05,1.51542952380777,1.51623363128415,1.51877949291808,3,3,3
"1643",0.543713361456332,0.622334292180283,0.544009479534496,0.622304690906069,0.000696687767789477,9.82158649199816e-05,1.51543692205762,1.51623553133713,1.51877794369341,3,3,3
"1644",0.543706042663702,0.622335672861047,0.544012298168131,0.622303927573458,0.000695831813601043,9.80910131421764e-05,1.51542818814544,1.51622728476536,1.51875045251266,3,3,3
"1645",0.543701852720162,0.622331507102441,0.544007140656934,0.622304990224219,0.000694977628620211,9.79646616416918e-05,1.51546040523528,1.5162603814387,1.51879395995344,3,3,3
"1646",0.543704776446076,0.622332392158042,0.544022543238159,0.622304359714047,0.000694124776638615,9.78375938726073e-05,1.51543840319492,1.51623919521957,1.51878526470996,3,3,3
"1647",0.543712805866438,0.622339453305056,0.543999699035778,0.622303895101888,0.000693273849423528,9.77157830547304e-05,1.51543325245826,1.51623857119195,1.51877886929351,3,3,3
"1648",0.54370436557716,0.622331090333828,0.544021885445189,0.622305752105912,0.000692424232987777,9.75903550080037e-05,1.51542748138904,1.51622095883572,1.51875969668872,3,3,3
"1649",0.543705416269048,0.62233096067543,0.544008410763003,0.622305337850703,0.000691576294470104,9.74631980997787e-05,1.51546212983117,1.51626468705931,1.51879326015761,3,3,3
"1650",0.54370422892102,0.622337905929798,0.54401189135387,0.622304789131447,0.000690729681204813,9.73393666644506e-05,1.51544570722741,1.51624523363118,1.51877768450641,3,3,3
"1651",0.54371113029775,0.622334654514168,0.544019709235747,0.622304229595864,0.000689885044462324,9.72169446815663e-05,1.51543126089003,1.51623414451998,1.5187798311091,3,3,3
"1652",0.543707926356213,0.622330347374333,0.544006992570533,0.622305106117015,0.000689041629774212,9.70906856085918e-05,1.51542683215519,1.51622109849167,1.51876077780049,3,3,3
"1653",0.543704859253272,0.62233575887703,0.544015109741595,0.622304994025789,0.000688199883734302,9.69667389746354e-05,1.51545810870134,1.5162597087574,1.51879269666002,3,3,3
"1654",0.543702544601261,0.622332593033409,0.544008957472159,0.622304952256187,0.000687359517372069,9.68422868078411e-05,1.51543163674504,1.51623694668506,1.51878230105868,3,3,3
"1655",0.543714693069979,0.622334364637745,0.544040846856018,0.622304806169585,0.000686521036020826,9.67190176907051e-05,1.51543897099727,1.5162383229459,1.51878099977323,3,3,3
"1656",0.543707374591684,0.622335758026237,0.544012992448655,0.622304691652604,0.000685683769757578,9.6595956201706e-05,1.51542986232785,1.51623055546534,1.51875371733464,3,3,3
"1657",0.543703183265857,0.622331570709803,0.544018174778937,0.622303538623209,0.000684848224752747,9.64713910054371e-05,1.51546262871653,1.51626332622518,1.5187970173646,3,3,3
"1658",0.543706106671827,0.622332425498961,0.544019151871256,0.622305472211921,0.000684013971084336,9.63461042683411e-05,1.51544007077831,1.51624206882222,1.51878839087904,3,3,3
"1659",0.543714135406404,0.62233947743082,0.544036650153423,0.622305155764037,0.00068318159243928,9.62260302619367e-05,1.51543536873233,1.51624173696713,1.51878184646275,3,3,3
"1660",0.543705696114751,0.622331112597616,0.544011547222559,0.622305746243208,0.000682350483463287,9.61023629714175e-05,1.51542930454989,1.51622424262275,1.51876284716554,3,3,3
"1661",0.543706746025833,0.622330906389723,0.544032163131263,0.622305027856814,0.000681521006111382,9.59769814236067e-05,1.51546411330283,1.51626739969771,1.51879592500699,3,3,3
"1662",0.543705561765786,0.622337868024312,0.544023220164709,0.622304078314116,0.000680692812999306,9.58549069620673e-05,1.51544756076356,1.51624810412857,1.51878054963422,3,3,3
"1663",0.543712463261011,0.622334602794053,0.544011412883688,0.622304239397619,0.000679866546172413,9.57342402544414e-05,1.51543329669016,1.51623725264413,1.51878275060625,3,3,3
"1664",0.543709261496509,0.622330269778001,0.544018838137515,0.622304048827505,0.000679041461846053,9.56097750993701e-05,1.51542849479263,1.51622404174335,1.51876392646576,3,3,3
"1665",0.543706197032025,0.622335652547212,0.544033338147075,0.622304027530608,0.000678218000505432,9.54876183094644e-05,1.51546011181592,1.51626280573402,1.51879515557458,3,3,3
"1666",0.543703886581791,0.622332517140363,0.544016913523,0.622305561939286,0.000677395877228342,9.53649730495165e-05,1.51543347183406,1.51623982405476,1.5187855277495,3,3,3
"1667",0.543716036247012,0.622334246634209,0.544040086372132,0.622305458478818,0.000676575590282761,9.52435159241594e-05,1.51544081951828,1.51624138748578,1.51878394999669,3,3,3
"1668",0.543708723401047,0.622335659664492,0.544016439858182,0.622304253335253,0.000675756479405439,9.51222780327665e-05,1.51543195652144,1.51623347534092,1.51875662516799,3,3,3
"1669",0.543704535360827,0.622331454191411,0.54402914881574,0.622304931081151,0.000674939043509772,9.49995589113461e-05,1.51546439952328,1.51626643279122,1.51879991715192,3,3,3
"1670",0.543707463989627,0.622332332805152,0.544019905575214,0.622304983494075,0.000674122858788367,9.48761337544735e-05,1.51544207820706,1.51624492155675,1.51879158407453,3,3,3
"1671",0.543715496724984,0.622339367202089,0.544022722317586,0.622303420235055,0.000673308500972479,9.47578919480163e-05,1.51543726214989,1.51624466100674,1.51878472545375,3,3,3
"1672",0.543707063063394,0.622331036947329,0.54401607273126,0.62230413754953,0.0006724953731252,9.46360883896658e-05,1.51543122166632,1.51622705358621,1.51876612999263,3,3,3
"1673",0.543708116921281,0.622330827101458,0.544029037979369,0.622304926849982,0.000671683832085065,9.45125859102003e-05,1.5154660386741,1.51627068673524,1.51879900589411,3,3,3
"1674",0.543706939562268,0.622337826404028,0.544024224213948,0.622304680818798,0.000670873535620782,9.43923678534686e-05,1.51544972619174,1.51625100635082,1.51878364131983,3,3,3
"1675",0.543713844440218,0.622334551252173,0.544036895051046,0.622304546639908,0.000670065116711559,9.42735455792265e-05,1.51543501889509,1.51624016336347,1.51878604613649,3,3,3
"1676",0.543710648146482,0.622330242912431,0.544021115020969,0.622305351564976,0.000669257842022864,9.41509482726977e-05,1.51543056070725,1.51622699915404,1.51876696939813,3,3,3
"1677",0.543702747933575,0.62233681597833,0.544055718748783,0.622305625866573,0.000668452033400997,9.40309149183305e-05,1.5154720538836,1.516273423211,1.51880333585914,3,3,3
"1678",0.543705300251291,0.62233203963903,0.544004004517921,0.622305778107889,0.000667647636148753,9.39098448775599e-05,1.5154359748193,1.51624436576915,1.51878761814639,3,3,3
"1679",0.543712598135826,0.62233450635286,0.544027519681065,0.622307177020959,0.000666844915326976,9.37902923403566e-05,1.51544431230222,1.51624727653273,1.51879117737085,3,3,3
"1680",0.543705309662562,0.622335920909785,0.544016105369901,0.622305906477798,0.000666043333863184,9.36707845055063e-05,1.51544030631304,1.51624142245952,1.51876498599544,3,3,3
"1681",0.543701136922159,0.622331788215146,0.544025113239953,0.622303455031407,0.000665243383307802,9.35496886076415e-05,1.51547552542721,1.51627756911295,1.51881119619822,3,3,3
"1682",0.543704071615931,0.622332038404543,0.54401786241705,0.622304446910373,0.000664444645834944,9.34278454576276e-05,1.5154476066475,1.51625062273802,1.51879729950916,3,3,3
"1683",0.543707272670485,0.622340121133248,0.544028559615506,0.62230444471082,0.000663647577506372,9.33114326941986e-05,1.51545114339054,1.51625676809691,1.5187958393892,3,3,3
"1684",0.543703713524778,0.622330723250785,0.544001586938806,0.622305910391416,0.000662851814351116,9.31909799103403e-05,1.51544157223727,1.51623828958967,1.51877428275778,3,3,3
"1685",0.543699920238407,0.622331094253916,0.54403665894966,0.622305888305132,0.000662057483490763,9.3069234456733e-05,1.51547496544337,1.51628047603601,1.51881087010259,3,3,3
"1686",0.54369877353749,0.622338146796801,0.544012205401042,0.622306418405025,0.000661264360699502,9.29506301318161e-05,1.51546310169399,1.51626349837662,1.51879668635947,3,3,3
"1687",0.543705696269855,0.622334795456787,0.54403507209507,0.622305621257933,0.000660473069830026,9.28333367538059e-05,1.51545034328708,1.51625428902729,1.51880067879862,3,3,3
"1688",0.543702514000822,0.622329903186966,0.544005607596723,0.622303953356545,0.000659682887772578,9.27122801904767e-05,1.51544052806929,1.5162362328988,1.51877712281459,3,3,3
"1689",0.543694628474156,0.622336368755783,0.544017784519632,0.622303695303369,0.00065889413203552,9.25938014052496e-05,1.51548106986198,1.51628200082381,1.51881387284244,3,3,3
"1690",0.543697202609131,0.622332097509255,0.544006947284261,0.62230565499433,0.000658106748704116,9.2474981721935e-05,1.5154496567152,1.51625762871819,1.51880121390502,3,3,3
"1691",0.543704514730387,0.622334442278224,0.544035455428004,0.622306900088011,0.00065732099914934,9.23578828569971e-05,1.51545670579827,1.5162586810329,1.51880288273637,3,3,3
"1692",0.543697243244936,0.622335904852801,0.544009618269037,0.622304899462724,0.000656536354016358,9.22409050641004e-05,1.51545189372584,1.5162529431806,1.51877707821326,3,3,3
"1693",0.543693083123027,0.622331689015236,0.544031263668799,0.622303900723817,0.000655753297888633,9.2122390873528e-05,1.51548687639723,1.51628801097204,1.51882286882657,3,3,3
"1694",0.543696037218263,0.622331955902417,0.544013412888674,0.622304836002826,0.000654971418809311,9.20031747525529e-05,1.51545856114059,1.51626152782598,1.51880888780547,3,3,3
"1695",0.543699253717281,0.622340124534144,0.544017132064848,0.622304828552066,0.000654191166713233,9.18893828049105e-05,1.51546349217288,1.5162685347921,1.51880799423191,3,3,3
"1696",0.543695709297296,0.622330655635137,0.544006744934163,0.622305182892923,0.000653412182618996,9.17715908379524e-05,1.5154532463359,1.51624959205109,1.51878665340018,3,3,3
"1697",0.543691933222326,0.622330961092966,0.544023473316373,0.622304971475598,0.000652634591782303,9.16525222559583e-05,1.51548634191646,1.51629190871824,1.51882219039635,3,3,3
"1698",0.543690804591958,0.622338074413798,0.543994910091999,0.622304892460817,0.000651858173352607,9.15365896719811e-05,1.51547484298602,1.51627487704633,1.5188089915839,3,3,3
"1699",0.543697742390454,0.622334708957204,0.544038545856515,0.622305642156518,0.000651083542436499,9.14219457271992e-05,1.51546230359387,1.51626618010213,1.51881294026368,3,3,3
"1700",0.543694579153133,0.622329842788488,0.544017763477452,0.622304958639928,0.000650309985924258,9.13035617418068e-05,1.51545247162993,1.51624838422131,1.51878953054087,3,3,3
"1701",0.543686711173123,0.622336257134533,0.544023822594126,0.622304419655718,0.000649537817038298,9.11879619325262e-05,1.51549270050858,1.5162934234789,1.51882592298093,3,3,3
"1702",0.543689303677254,0.622332063541347,0.544005719949471,0.622306414269183,0.000648766982590698,9.10716317256144e-05,1.51546204803979,1.51626972422425,1.51881399658877,3,3,3
"1703",0.543696633694441,0.622334353264807,0.544019255022368,0.622304744826502,0.000647997740302254,9.09568398492766e-05,1.51546840067168,1.51627085057066,1.51881507739862,3,3,3
"1704",0.543689381977332,0.622335874719054,0.544010155429343,0.622303951370736,0.000647229568345443,9.08421409671067e-05,1.51546436006965,1.51626483900037,1.5187898349082,3,3,3
"1705",0.543685238842427,0.622331570301933,0.544017655848684,0.622304631869691,0.000646462944448898,9.07258831998048e-05,1.51549847604543,1.5162999713189,1.51883464100149,3,3,3
"1706",0.543688213401729,0.622331950444825,0.544014671036647,0.622304226131839,0.000645697462408825,9.06088894604418e-05,1.51547114654692,1.5162739191851,1.51882194021085,3,3,3
"1707",0.543691447742507,0.622340052076982,0.544017324279412,0.622304589025859,0.000644933566149596,9.04972503406043e-05,1.51547529375069,1.51628040176377,1.5188202247551,3,3,3
"1708",0.543687921086225,0.622330597432558,0.544006061187081,0.622304968434027,0.000644170901594472,9.03816018442694e-05,1.51546526154989,1.51626160932349,1.51879895442836,3,3,3
"1709",0.543684163534521,0.622330933739033,0.544027708554906,0.622305886491092,0.000643409592206139,9.02646520830608e-05,1.51549845820677,1.51630419091719,1.5188348744815,3,3,3
"1710",0.543683053556432,0.62233806453335,0.544022155688026,0.622305697782801,0.000642649420481661,9.01507843469318e-05,1.51548692352496,1.51628698894222,1.51882135871581,3,3,3
"1711",0.543690006936985,0.622334696606317,0.544011763368467,0.622303765224026,0.000641890993001107,9.00381687199969e-05,1.51547426169382,1.51627826916872,1.51882553205452,3,3,3
"1712",0.543686860910947,0.622329836018817,0.544010169706729,0.622304018670709,0.000641133606517912,8.99218130582247e-05,1.51546455548606,1.51626039133817,1.51880195481068,3,3,3
"1713",0.543679009955935,0.62233630157668,0.544019220963869,0.622304766912642,0.000640377570114077,8.9807975998335e-05,1.51550494074797,1.51630590322976,1.51883848491408,3,3,3
"1714",0.543681616983636,0.622332070473308,0.544012086861439,0.622306403021292,0.00063962283137529,8.96936287978489e-05,1.51547382623465,1.51628188154023,1.51882623418224,3,3,3
"1715",0.543688962029686,0.622334398866662,0.5440348039844,0.622305530036018,0.000638869644512505,8.9581461491739e-05,1.51548069210089,1.51628302284584,1.51882795615348,3,3,3
"1716",0.543681725358512,0.622335910021537,0.544015850291859,0.622303948556758,0.000638117495131668,8.94693542562441e-05,1.51547621696513,1.51627726952356,1.51880210307051,3,3,3
"1717",0.543677595061567,0.62233163511559,0.54402037966069,0.622303833218183,0.000637366854297025,8.9355695133797e-05,1.51551080366344,1.51631240099179,1.51884761245273,3,3,3
"1718",0.543680583097608,0.622331966814298,0.544016789936114,0.622304716213297,0.000636617321493366,8.92412978045209e-05,1.51548301424524,1.51628617740755,1.51883417023386,3,3,3
"1719",0.543683830431693,0.6223401325273,0.54402648718325,0.622304914720292,0.000635869334793581,8.91322621908719e-05,1.51548765161431,1.51629317942394,1.51883311358474,3,3,3
"1720",0.543680314909763,0.622330636896474,0.544014768212121,0.622305321273963,0.000635122544947497,8.90192342384299e-05,1.51547738884721,1.51627412974741,1.51881150528598,3,3,3
"1721",0.543676569181161,0.622330978144195,0.544032969008735,0.622305373025435,0.000634377073684751,8.89049311001422e-05,1.51551079718703,1.51631664034031,1.51884773631986,3,3,3
"1722",0.543675471204497,0.622338120621955,0.544014738101676,0.622304895487057,0.000633632706785923,8.87936960310975e-05,1.5154990276405,1.51629986024977,1.51883398197923,3,3,3
"1723",0.543682433902909,0.622334732563553,0.544023060427961,0.622304360808998,0.000632890042466033,8.86837629899828e-05,1.51548650754563,1.51629087225035,1.5188383201176,3,3,3
"1724",0.543679298850461,0.622329863767877,0.544015203268399,0.622305101783951,0.000632148387127702,8.85701163676478e-05,1.5154768459116,1.51627304552305,1.518814584956,3,3,3
"1725",0.543671458419284,0.622336331859717,0.544016585697254,0.622303784290033,0.000631408045772354,8.84589914903477e-05,1.51551709242505,1.51631858891532,1.51885129742738,3,3,3
"1726",0.543671199427738,0.622330211834148,0.544025958105389,0.622303872256868,0.000630668919312403,8.83461071066183e-05,1.51548756731558,1.5162907629414,1.51883316176919,3,3,3
"1727",0.543678558504502,0.622334078252129,0.544015306522334,0.622306048507021,0.000629931304978882,8.82353756138654e-05,1.51549563171603,1.51629596469631,1.51884395497693,3,3,3
"1728",0.543671328635593,0.622336289649998,0.544015117394182,0.622305069448702,0.000629194695975709,8.81251577727893e-05,1.51549041739664,1.51629031722908,1.51881502718018,3,3,3
"1729",0.543667198505368,0.622332279960288,0.544009244229809,0.622305062316418,0.000628459556845737,8.80136018569511e-05,1.51552387305016,1.51632352438993,1.51886143507036,3,3,3
"1730",0.543667317333547,0.622330723107659,0.544035089440921,0.622305719030383,0.000627725445452587,8.79005147789158e-05,1.51549681765575,1.51629552196832,1.51884098719697,3,3,3
"1731",0.543670572107542,0.622340134833096,0.544020873585962,0.622305320528579,0.000626992840397653,8.77931791154474e-05,1.51550428869127,1.51630508174004,1.51884853948379,3,3,3
"1732",0.543667056559481,0.622331047678205,0.544022314974413,0.622304667500829,0.000626261397472084,8.76821172602904e-05,1.51549395311917,1.5162871159508,1.51882414050069,3,3,3
"1733",0.543663307064867,0.622331420094131,0.544010154740434,0.622304946848856,0.000625531236718555,8.75698234323874e-05,1.5155261649263,1.5163277332588,1.51886138886888,3,3,3
"1734",0.543659332735137,0.622336458595671,0.544030050092334,0.622305818922071,0.000624802100139527,8.74596896560664e-05,1.51551394940837,1.51630716025494,1.51884117314008,3,3,3
"1735",0.543666298068372,0.622334409489585,0.544019996960199,0.622306176410704,0.000624074623819268,8.73512585594094e-05,1.51550514920469,1.5163031356807,1.51885363504162,3,3,3
"1736",0.543663160738734,0.622329996440908,0.544032642981199,0.62230410209836,0.000623348123964888,8.72394107270802e-05,1.51549450486157,1.51628475911994,1.51882693659603,3,3,3
"1737",0.543655311072473,0.622336652610428,0.54401435417644,0.622304755160456,0.000622622901622307,8.71301498963639e-05,1.51553358518012,1.51632894897144,1.51886491589508,3,3,3
"1738",0.543655047906213,0.622330429239291,0.54402360318615,0.622304708257171,0.000621898859065296,8.70190681053762e-05,1.51550341726304,1.51630129242951,1.51884505427364,3,3,3
"1739",0.543662403915766,0.622334141097204,0.544023097693427,0.622304248331253,0.000621176289561161,8.69099688756148e-05,1.51551278413099,1.51630701366203,1.51885501319446,3,3,3
"1740",0.543655171569496,0.622336191952708,0.544029437456404,0.622303926057231,0.00062045469344884,8.68012167929422e-05,1.51550805388278,1.5163010013346,1.51882697609921,3,3,3
"1741",0.543651039513721,0.622332075544295,0.544038492368253,0.622303993241143,0.000619734528878799,8.66910169610158e-05,1.51554134712436,1.51633524544042,1.51887374051123,3,3,3
"1742",0.543651159740317,0.622330402275799,0.544019508119004,0.622304893598972,0.000619015359825829,8.65792398804244e-05,1.51551364532286,1.51630518895037,1.51885250924324,3,3,3
"1743",0.543654415220335,0.622339995791588,0.544029352566631,0.622304475933233,0.000618297658692867,8.647316979149e-05,1.51552202128017,1.5163171503868,1.51886050587386,3,3,3
"1744",0.543650903253054,0.622330948488602,0.544034516369865,0.622306081021298,0.000617581085963022,8.63634250120038e-05,1.51551078219239,1.5162975609226,1.518836758376,3,3,3
"1745",0.54364716044884,0.622331514498317,0.544036380678006,0.622305107304204,0.000616865760099527,8.62526381623097e-05,1.51554310626688,1.51633972837982,1.51887420005292,3,3,3
"1746",0.5436431926956,0.622336674599667,0.544013427777329,0.622304514854285,0.000616151426944053,8.61440060029306e-05,1.51553239943579,1.51631852371109,1.51885349387191,3,3,3
"1747",0.543650163781258,0.622334641059349,0.544036891494306,0.622304575990745,0.000615438714035316,8.60371082224143e-05,1.51552246781308,1.51631507680284,1.51886655242616,3,3,3
"1748",0.543647037509146,0.622330291506511,0.544019847468263,0.6223046529747,0.000614726946956652,8.59267828909882e-05,1.51551241274212,1.51629648534177,1.51884084926096,3,3,3
"1749",0.543639198128083,0.622336945305048,0.544044012466647,0.622307797207198,0.000614016422914915,8.58190243429036e-05,1.51555151300505,1.51634166941782,1.5188782789095,3,3,3
"1750",0.543638945105209,0.622330706408853,0.544025005449736,0.622306333052656,0.000613307045565605,8.57094186796914e-05,1.51552142989003,1.51631369795578,1.51885954444999,3,3,3
"1751",0.543646312223267,0.622334390106131,0.54402959224293,0.62230545153321,0.000612599104327241,8.56018095509725e-05,1.51553083446221,1.51631992192864,1.51886963964532,3,3,3
"1752",0.543639091457355,0.622336371978971,0.544022373365534,0.622304513046012,0.000611892106550183,8.54945206191227e-05,1.51552597912344,1.51631354487508,1.51884102038425,3,3,3
"1753",0.543634969674984,0.622332198992952,0.544021626940376,0.622305354724253,0.000611186504122856,8.53858095156701e-05,1.51555890811418,1.5163480805265,1.51888776769204,3,3,3
"1754",0.543635101445527,0.622330574001152,0.544015717711704,0.622306272721382,0.000610481866991892,8.52765159944369e-05,1.51553197159984,1.51631816711543,1.51886734283373,3,3,3
"1755",0.543638364463714,0.622340057495484,0.544034659809572,0.622304920276691,0.000609778661428983,8.51735736147052e-05,1.51553947569046,1.51632981937599,1.51887462834533,3,3,3
"1756",0.543634860736986,0.622330978963282,0.544018058974928,0.622303802748306,0.000609076552444691,8.50669629742784e-05,1.51552836566128,1.51631053365608,1.5188506407251,3,3,3
"1757",0.543631125179043,0.622331517808326,0.544023142189857,0.622303852242531,0.00060837565685973,8.49592051873627e-05,1.51556088031343,1.51635238572655,1.51888831184861,3,3,3
"1758",0.543627162596566,0.622336642631422,0.544010019832571,0.62230557186001,0.000607675724152638,8.48535996825772e-05,1.51554958628597,1.51633155904261,1.5188672351959,3,3,3
"1759",0.543634134687467,0.622334535231814,0.544028636906577,0.622304124699769,0.00060697737335249,8.47497152752785e-05,1.51553990698109,1.5163277659489,1.51888014491704,3,3,3
"1760",0.543631011072437,0.622330168480423,0.544006671571073,0.622304815208656,0.000606279939108141,8.46424542539914e-05,1.51552983125191,1.51630957735355,1.51885408393793,3,3,3
"1761",0.543623170385433,0.622336792511525,0.544036628240774,0.622304050254717,0.000605583714721748,8.45377559931526e-05,1.51556884173606,1.51635432990266,1.51889216844133,3,3,3
"1762",0.54362291445337,0.622330524195958,0.54399753532256,0.622305171296592,0.000604888605074554,8.44312192573859e-05,1.51553869423942,1.51632688048831,1.51887265250739,3,3,3
"1763",0.543630275672664,0.622334175460782,0.544031687886754,0.622305405345542,0.000604194895693976,8.43266795235165e-05,1.51554813641346,1.51633279774493,1.51888315905268,3,3,3
"1764",0.543623049060645,0.622336185386068,0.544012854882162,0.622305283033292,0.000603502100695322,8.42224698920369e-05,1.51554290472858,1.51632698075539,1.51885514331736,3,3,3
"1765",0.543618917544671,0.622331996882771,0.544042713618286,0.622305872974352,0.000602810665734311,8.41168363959754e-05,1.51557657363008,1.51636123757903,1.51890181128187,3,3,3
"1766",0.543619040225126,0.622330369350616,0.544018461229095,0.622305213013389,0.000602120166538795,8.40096469638674e-05,1.5155489534405,1.51633180590179,1.51888093838786,3,3,3
"1767",0.543622289970062,0.622339882882039,0.544028523114479,0.622305140410273,0.000601431063300682,8.39081414675258e-05,1.515556800557,1.516343407938,1.51888918895232,3,3,3
"1768",0.54361877356192,0.622330815219407,0.544006553048263,0.622306199420735,0.0006007430254303,8.38029896456094e-05,1.51554583315997,1.51632424335166,1.51886491198138,3,3,3
"1769",0.543615023929578,0.622331349160422,0.544006279431275,0.62230437579556,0.000600056168113766,8.369669367847e-05,1.51557837505541,1.51636590623833,1.51890231610404,3,3,3
"1770",0.543611047022247,0.622336542973417,0.544003254792139,0.622305071481765,0.000599370244384356,8.35925289460748e-05,1.51556683340901,1.51634540437175,1.51888194606989,3,3,3
"1771",0.543618001404695,0.622334433331491,0.544001851560269,0.622304982637377,0.000598685864931545,8.34903641225848e-05,1.51555739258115,1.51634155332069,1.51889482104021,3,3,3
"1772",0.543614863443085,0.622330094745657,0.544017586176818,0.622305319886367,0.000598002373323286,8.33848798545977e-05,1.51554710008719,1.51632342512661,1.51886839862526,3,3,3
"1773",0.54360242346145,0.62233681562664,0.544009899830613,0.622304158104897,0.000597320056484282,8.32818718794481e-05,1.5155976583988,1.51638476617259,1.51892043121592,3,3,3
"1774",0.543606734124208,0.622331354241891,0.544005989611942,0.62230433520515,0.000596638826146653,8.31770214525518e-05,1.51556292867079,1.5163507489741,1.51889569876902,3,3,3
"1775",0.543614067940794,0.622333921126834,0.54402234047124,0.622304399721205,0.000595958960913493,8.30742285833352e-05,1.51556262015892,1.51634215934088,1.51889697299191,3,3,3
"1776",0.543602240530165,0.622335512905094,0.544016554867484,0.622306351913941,0.000595279979125791,8.29718050311401e-05,1.51556541374223,1.51634582144452,1.51887751069359,3,3,3
"1777",0.543598094802259,0.622332138747308,0.544007887933445,0.62230527053575,0.000594602323450997,8.28678879967182e-05,1.51560777020584,1.5163901929171,1.51892824146798,3,3,3
"1778",0.543602782690625,0.622330853541003,0.544013503267208,0.62230519538315,0.000593925577803097,8.27624618333633e-05,1.51556580404955,1.51635114880211,1.51889887332904,3,3,3
"1779",0.543595996400821,0.622339401917707,0.544006543987737,0.622304952779075,0.00059325016151422,8.26632598899257e-05,1.51558989482047,1.51638065245946,1.51891643536102,3,3,3
"1780",0.543597913895967,0.622331804918535,0.544027796834755,0.622305428299816,0.000592575810249885,8.25608308651082e-05,1.5155798460861,1.51636184182411,1.5189006598067,3,3,3
"1781",0.543594126615605,0.622330851427259,0.544013253632345,0.622304168463402,0.000591902608146352,8.24576497678864e-05,1.51560303236518,1.51638308418237,1.51892170999312,3,3,3
"1782",0.54358042098221,0.622335550556948,0.544028587761016,0.622304583422193,0.000591230237632393,8.23559850730016e-05,1.51561571660597,1.51638781339536,1.5189271703518,3,3,3
"1783",0.543591671234162,0.622335000846837,0.543993169322944,0.622306079728051,0.000590559420072862,8.2258024988513e-05,1.51559414719475,1.51637487728218,1.51892889905687,3,3,3
"1784",0.543589676305132,0.622330938281931,0.544025580956651,0.62230633038471,0.000589889447711837,8.21559968485763e-05,1.51559275808108,1.51637248209374,1.51890657153054,3,3,3
"1785",0.543571791853603,0.622336280098928,0.544017855381177,0.622306044042503,0.000589220589788446,8.20567236022862e-05,1.51563984673596,1.51642411605218,1.51895388182451,3,3,3
"1786",0.543576124218556,0.622331525759693,0.544031758125067,0.622304073286768,0.0005885527886942,8.19558014993893e-05,1.5156085411606,1.51639141655548,1.51893493540486,3,3,3
"1787",0.543583476668024,0.622335034395897,0.544003473455398,0.622305294898422,0.000587886319333575,8.18570073416458e-05,1.51561397588958,1.51639259574608,1.51894210740046,3,3,3
"1788",0.54356737685704,0.622334914108783,0.544026691160813,0.622304207103274,0.000587220662048862,8.17576856724234e-05,1.51561990147459,1.51639817887574,1.5189277334647,3,3,3
"1789",0.543567551463798,0.622332925727637,0.544016690220346,0.622304666305584,0.000586556342454432,8.16579964703079e-05,1.51565016073248,1.51642927561749,1.51896835991435,3,3,3
"1790",0.543567971389623,0.622330795670708,0.544028490685142,0.622304942730581,0.000585892861440633,8.15570494803186e-05,1.51562328327614,1.5164051159303,1.51894785810584,3,3,3
"1791",0.543561215200145,0.622338990041882,0.54401542682144,0.622305408724615,0.000585230676981409,8.14621773723712e-05,1.51564154072726,1.51642898891745,1.51896054509476,3,3,3
"1792",0.543563168939632,0.622331544226626,0.544036818581826,0.622304378894754,0.000584569528498314,8.1363773777321e-05,1.51562974634318,1.51640834085599,1.51894381828563,3,3,3
"1793",0.543559420857702,0.622331651827554,0.544029831548787,0.622305348964249,0.000583909498914615,8.12643658326673e-05,1.51566021948502,1.51643999073484,1.51897239930662,3,3,3
"1794",0.543545738641026,0.622335311798786,0.544049145022738,0.622305741469798,0.00058325027506368,8.11662657912438e-05,1.51566332002872,1.51643319964341,1.51897032600086,3,3,3
"1795",0.543557022730901,0.62233548392582,0.544020465265911,0.622304894708823,0.000582592568770734,8.1071051725834e-05,1.51564975375378,1.51642871904667,1.51897730624887,3,3,3
"1796",0.543555047835376,0.622330929940376,0.544018252398919,0.622305090550896,0.000581935681792938,8.09716316330089e-05,1.51564443741045,1.51642178237747,1.51895316247467,3,3,3
"1797",0.543537180741606,0.6223361191336,0.544019465810382,0.622305652210158,0.000581279879735638,8.08748848197816e-05,1.51569150606809,1.51647344984363,1.51899893896422,3,3,3
"1798",0.543541527640501,0.622331453235964,0.544051962085298,0.622305575564454,0.000580625105886616,8.07764842071235e-05,1.51566041777825,1.51644214155114,1.5189815362284,3,3,3
"1799",0.543548883289429,0.622334933049644,0.544036456159569,0.622305730651029,0.000579971631504648,8.06802595755274e-05,1.51566669802387,1.51644293522619,1.51898837605566,3,3,3
"1800",0.543532785395618,0.622334883782504,0.544051378827783,0.622305686762054,0.000579318943957576,8.05834950817763e-05,1.51567200168807,1.5164485207013,1.51897490257314,3,3,3
"1801",0.543532951616313,0.622332927644694,0.5440283305704,0.622303967751746,0.000578667561811439,8.04864388072035e-05,1.51570299944871,1.51648006069311,1.5190151048394,3,3,3
"1802",0.543533361718613,0.622330871387177,0.544029772391555,0.622303748513496,0.000578016992666817,8.03870273650142e-05,1.51567599924232,1.51645602937503,1.51899496194176,3,3,3
"1803",0.543526586933093,0.622339065569005,0.54402656054319,0.622304648202335,0.000577367688469431,8.02934365219388e-05,1.51569426576489,1.51648040716734,1.51900767015245,3,3,3
"1804",0.543528520966023,0.622331602535076,0.544040744138795,0.622304763905392,0.000576719392212096,8.01963499936775e-05,1.51568235632465,1.51645922128814,1.51899122476091,3,3,3
"1805",0.543524748973237,0.622331722256359,0.544023420986058,0.622306523844419,0.000576072185597488,8.00989919905737e-05,1.51571448878958,1.5164912032109,1.51901959801478,3,3,3
"1806",0.543511042283273,0.622335354083116,0.544050134234782,0.622305059069594,0.000575425759732386,8.00029743515118e-05,1.51571592224535,1.51648460718646,1.51901837415395,3,3,3
"1807",0.543527079869319,0.62233610988738,0.544024618195736,0.6223040702145,0.000574780790158144,7.99098285869659e-05,1.51569298056175,1.51647293799463,1.51901853707367,3,3,3
"1808",0.543520285156596,0.622330611258893,0.544023494688813,0.622304583840519,0.000574136641854807,7.98123635140646e-05,1.5156961869245,1.51647150206559,1.51900048690361,3,3,3
"1809",0.543507166676276,0.622335742686487,0.544036093642552,0.622304541724355,0.000573493522923504,7.97176456464044e-05,1.51572946824055,1.51650828906413,1.51903149281874,3,3,3
"1810",0.543511480329015,0.622331534487035,0.544043366869233,0.622305692598132,0.0005728514045529,7.9621205260616e-05,1.51570239725318,1.51648386171218,1.51901851982157,3,3,3
"1811",0.543518801788465,0.622335135656069,0.544026991614475,0.622304990334134,0.000572210554362785,7.95268793957193e-05,1.51570986892792,1.51648717401165,1.51902760379633,3,3,3
"1812",0.543502662882082,0.622334469606552,0.54403306793666,0.622303427842469,0.000571570466613944,7.94320447575769e-05,1.51571113174227,1.51648472772076,1.51900774043426,3,3,3
"1813",0.543507576623494,0.622333021999381,0.544017044675603,0.622305658053742,0.000570931626210238,7.93369420071244e-05,1.51573109506066,1.51650798751568,1.51904053427953,3,3,3
"1814",0.543503168907968,0.622330761006043,0.544032338592544,0.622304547987611,0.000570293600950493,7.92393815833847e-05,1.5157164433148,1.51649685015276,1.51903300866118,3,3,3
"1815",0.543501137353144,0.622338724843754,0.544013046917172,0.622307168639793,0.000569656783280499,7.91477192566559e-05,1.51572008185731,1.51650334028314,1.51902769970507,3,3,3
"1816",0.543503039282958,0.622331829867873,0.544023433355838,0.622305932343031,0.000569020946599028,7.90525268835607e-05,1.51571244768885,1.51648953446181,1.51901636351579,3,3,3
"1817",0.543499231771136,0.622331940158388,0.544013372715445,0.622305147220033,0.000568386171396078,7.89563115565217e-05,1.51574433069119,1.51652201035563,1.51904631023562,3,3,3
"1818",0.543485489159757,0.622335021976858,0.544020082165475,0.622305213773161,0.000567752153007809,7.88614141101762e-05,1.5157430887632,1.51650795123008,1.51903797150616,3,3,3
"1819",0.54350149311456,0.622335679520483,0.544006397733392,0.622305900248465,0.000567119558100586,7.87693823046665e-05,1.51571914737604,1.51649588694962,1.51903768504618,3,3,3
"1820",0.543494676468623,0.622330850923571,0.544017558816175,0.622304800209144,0.000566487760206645,7.86730793095325e-05,1.51572591036407,1.51650163324062,1.51902619175035,3,3,3
"1821",0.543481530859964,0.62233574026087,0.544010541356913,0.622304575862176,0.000565856964566933,7.85795282219892e-05,1.51575814679643,1.51653502340231,1.51905348848733,3,3,3
"1822",0.543485823306084,0.622331641093372,0.544030868505954,0.622304820498084,0.000565227142961016,7.84842853031043e-05,1.51573150499189,1.5165109868913,1.51904167821708,3,3,3
"1823",0.543493121607745,0.622335180250049,0.544010923579212,0.622304514977726,0.00056459855951548,7.83917319928662e-05,1.51573857322514,1.51651372566293,1.51905094383067,3,3,3
"1824",0.543476969104701,0.622334485666301,0.544021793309686,0.622304269222729,0.000563970715284033,7.82988986332001e-05,1.51574001080779,1.51651150016008,1.51902969086579,3,3,3
"1825",0.54348186879849,0.622333044605209,0.544012092609629,0.622306173328289,0.00056334408870983,7.82057917380063e-05,1.51575985649258,1.5165348824687,1.5190630931228,3,3,3
"1826",0.543477448775703,0.622330812673569,0.544038918298236,0.622307529762635,0.000562718253446038,7.81102558425895e-05,1.51574541400027,1.51652441685825,1.51905674911667,3,3,3
"1827",0.543475408430391,0.622338708399476,0.544015173995504,0.622305757201102,0.000562093596753016,7.80205672825662e-05,1.51574934730172,1.51653043584062,1.5190505005833,3,3,3
"1828",0.543477303618967,0.622331749010443,0.544028656896698,0.622304261350036,0.0005614698951641,7.79273846078787e-05,1.51574109262405,1.51651587414276,1.51903931588805,3,3,3
"1829",0.543473490928165,0.622331916177239,0.544015077855306,0.622303985310695,0.000560847227984257,7.78331710884483e-05,1.51577321823105,1.51655012275241,1.51907009399527,3,3,3
"1830",0.543459745818283,0.622334970331168,0.544012055416194,0.622304508756,0.000560225294664176,7.77402829915674e-05,1.51577183466692,1.51653555978122,1.5190616236624,3,3,3
"1831",0.543475746006918,0.622335530355723,0.544001200947726,0.622305696943491,0.000559604753117745,7.76502267788581e-05,1.51574760727441,1.51652273721983,1.51906059174061,3,3,3
"1832",0.543468928771146,0.622330773196936,0.544005384288059,0.622305043036896,0.00055898498521089,7.75559327726993e-05,1.51575470728734,1.51652922859832,1.51905038495953,3,3,3
"1833",0.543455781815925,0.622335607612252,0.544008606403984,0.622305132465363,0.000558366193323304,7.74643563266064e-05,1.51578654496483,1.51656249177739,1.51907720126418,3,3,3
"1834",0.543460074335329,0.622331533600395,0.544031103522025,0.622307258641207,0.000557748349753656,7.73711082170392e-05,1.51575987205428,1.51653847841011,1.51906568540306,3,3,3
"1835",0.543467369936357,0.622334974643663,0.54402112514708,0.622304691783566,0.000557131715138376,7.72799362027676e-05,1.51576670650965,1.51654026778906,1.5190738536572,3,3,3
"1836",0.54345121706188,0.622334381870562,0.544028352500955,0.62230461009905,0.000556515797155845,7.71882756606113e-05,1.51576814978062,1.51653891937388,1.51905413506542,3,3,3
"1837",0.543456114209615,0.622332945151817,0.544011855182453,0.622303637301834,0.000555901067869944,7.70963364015165e-05,1.51578840964851,1.5165622568481,1.51908692089156,3,3,3
"1838",0.543451691121832,0.622330708879269,0.544033604383035,0.622305010834584,0.000555287106650401,7.70019790621301e-05,1.51577358920775,1.51655122595249,1.51908041509132,3,3,3
"1839",0.543449645704143,0.622338630460696,0.544018483491629,0.622305560881858,0.000554674295656029,7.69134252649462e-05,1.51577729133561,1.51655742236314,1.51907436829159,3,3,3
"1840",0.543451535350765,0.622331730946286,0.544011013878164,0.622304918960544,0.000554062414499274,7.68213963380227e-05,1.51576938793836,1.51654311807097,1.51906318286373,3,3,3
"1841",0.543447714780036,0.622331917424341,0.544015971404525,0.622305373662211,0.000553451541331618,7.67283393694473e-05,1.51580203871489,1.51657691884337,1.51909364147864,3,3,3
"1842",0.543433960945291,0.62233498579417,0.544010780322808,0.62230525664916,0.000552841379666826,7.66365948861036e-05,1.51579970617757,1.51656234781698,1.51908550849294,3,3,3
"1843",0.543449950438283,0.622335624060574,0.544022443407153,0.622304580765923,0.000552232578865787,7.65476588664438e-05,1.5157760194938,1.51655019767343,1.5190846134991,3,3,3
"1844",0.543443120018183,0.622330838768269,0.544015622818058,0.622304765194977,0.000551624529010942,7.6454508099566e-05,1.51578312489276,1.51655594739284,1.51907392754023,3,3,3
"1845",0.543429959712338,0.622335707025324,0.544036046995058,0.622304714779334,0.00055101742972451,7.63640516069364e-05,1.51581480163543,1.51658931927537,1.51910126297185,3,3,3
"1846",0.543434237113706,0.622331635440084,0.544030436817254,0.622304144336769,0.000550411253865184,7.62726831766702e-05,1.51578796454486,1.51656546013768,1.5190893933336,3,3,3
"1847",0.543441515705676,0.622335121437042,0.544029889926643,0.622304056264527,0.000549806258693132,7.6183367620386e-05,1.5157952349393,1.51656781649394,1.51909796327965,3,3,3
"1848",0.543425345378521,0.622334470779889,0.544025199745041,0.622304387967744,0.000549201958433695,7.60935825342424e-05,1.51579622807581,1.51656572279281,1.51907786347476,3,3,3
"1849",0.543430224490911,0.622333057925403,0.544014834939557,0.622305897632836,0.000548598818938673,7.60034966336143e-05,1.51581650295125,1.51658923768241,1.51911132216702,3,3,3
"1850",0.54342578233796,0.622330782259006,0.5440421985446,0.622305078170861,0.000547996425215769,7.59110215939884e-05,1.51580181615758,1.51657813132442,1.51910416131474,3,3,3
"1851",0.543423718299995,0.622338719749954,0.544013482300415,0.622305954482509,0.000547395154450603,7.58242903925455e-05,1.51580557541734,1.51658455231641,1.51909872195115,3,3,3
"1852",0.543425588916453,0.622331788129484,0.544051753247347,0.622306868624179,0.000546794789289858,7.57341246842014e-05,1.51579749223947,1.51657019063383,1.51908739094187,3,3,3
"1853",0.543421749537048,0.622331922072917,0.544032616245223,0.622305433953232,0.000546195406761564,7.56435379809517e-05,1.51582967542442,1.51660375205746,1.51911791052049,3,3,3
"1854",0.543407978665109,0.622335000885461,0.54404773912096,0.622303534514691,0.000545596714363252,7.55543250128277e-05,1.51582814631024,1.51658923780584,1.51910960045861,3,3,3
"1855",0.543423950635499,0.622335614770959,0.544026064763879,0.622304274129581,0.000544999353054914,7.54680142854847e-05,1.51580403749512,1.51657699245964,1.51910915193035,3,3,3
"1856",0.543417103908093,0.622330788776575,0.54403004953028,0.622304252966518,0.0005444027209533,7.53781204128057e-05,1.51581099473703,1.51658284265544,1.51909817813593,3,3,3
"1857",0.543403929692032,0.62233564845064,0.544030975683956,0.622305653665939,0.000543807014956673,7.52909119852152e-05,1.51584284473148,1.51661619379526,1.51912549562142,3,3,3
"1858",0.543408193971374,0.622331586013688,0.544034208114893,0.622305191468566,0.000543212208438934,7.52020187188007e-05,1.51581624731148,1.51659232165646,1.51911374601557,3,3,3
"1859",0.543415459429093,0.622335009812235,0.544006651001005,0.622305362872248,0.000542618555311806,7.51151927106397e-05,1.51582290689309,1.51659418604658,1.51912239587376,3,3,3
"1860",0.543399279708134,0.622334405399795,0.54403329889751,0.622304656731511,0.000542025576189944,7.50278695349493e-05,1.51582460070093,1.51659274849219,1.51910225979204,3,3,3
"1861",0.543404149753891,0.622332954094432,0.544011811807397,0.6223060079256,0.000541433730797774,7.49403023568851e-05,1.51584446634054,1.51661589415829,1.51913541926844,3,3,3
"1862",0.543399700091847,0.6223307131637,0.544037366311094,0.622307507282945,0.000540842609637475,7.48502838842091e-05,1.5158297611931,1.51660503059984,1.51912888361051,3,3,3
"1863",0.543397629256454,0.622338629740177,0.544010617478502,0.622305521769001,0.000540252584989005,7.47662450969466e-05,1.51583362907693,1.51661119811435,1.51912300995489,3,3,3
"1864",0.543399495187632,0.622331716183265,0.544020570051147,0.622305415732609,0.000539663442449946,7.46790679422293e-05,1.51582554172134,1.51659680419653,1.51911182130138,3,3,3
"1865",0.543395651471647,0.622331865036293,0.544006785524624,0.622305529600618,0.000539075257926085,7.45908842499921e-05,1.51585765688,1.51663065320826,1.51914243895192,3,3,3
"1866",0.54338187794026,0.622334975556364,0.544011088927867,0.622305445695053,0.000538487742811467,7.4503924521796e-05,1.51585608487181,1.51661617667943,1.51913424404858,3,3,3
"1867",0.543397846083298,0.622335565557788,0.544009560916431,0.62230560085233,0.000537901529812087,7.44198243473049e-05,1.51583197089891,1.51660355086529,1.51913341787392,3,3,3
"1868",0.543390997537307,0.6223307856029,0.544025961318187,0.622303925578554,0.00053731602492473,7.43315044519077e-05,1.51583896390195,1.51660971440119,1.51912292303574,3,3,3
"1869",0.543377821147373,0.622335644068216,0.54400452020791,0.622306863162171,0.00053673142237965,7.42458893400189e-05,1.5158707582826,1.51664298891471,1.51914995371987,3,3,3
"1870",0.543382083394702,0.622331592505984,0.544029741307891,0.622305551618068,0.000536147696060636,7.41585813843759e-05,1.51584393085847,1.51661888533115,1.51913834863673,3,3,3
"1871",0.543391989261932,0.622337797778142,0.544016097916342,0.622305638899862,0.000535565109732712,7.40746060785558e-05,1.51584759212934,1.51661491529324,1.51914520577347,3,3,3
"1872",0.543373190004008,0.622332648420175,0.544028634787633,0.622305325739901,0.000534983164683263,7.39879125387644e-05,1.51585088497007,1.51661714171836,1.51912754900102,3,3,3
"1873",0.543380688003235,0.622333847257745,0.544006666209474,0.622305480020629,0.000534402340022963,7.39025456347742e-05,1.51586172422796,1.51663426287846,1.51914773421578,3,3,3
"1874",0.543376265718165,0.622331022702474,0.544024317986596,0.622304102486831,0.000533822219324413,7.38141468801246e-05,1.51585056753778,1.51662540469482,1.51914609789954,3,3,3
"1875",0.543374213176648,0.622338589717472,0.544003733553395,0.622304101834383,0.000533243169877748,7.37311522157613e-05,1.51585652043497,1.51663482428207,1.51914318464616,3,3,3
"1876",0.543376087043771,0.622330978467684,0.544006136013752,0.622304392394017,0.000532664980152895,7.3644636491732e-05,1.51584437619142,1.51661456951755,1.51912760591591,3,3,3
"1877",0.54337489867531,0.622333882676044,0.544003382574302,0.622304761973032,0.000532087737973579,7.35584544485635e-05,1.51587105834175,1.51664613316595,1.51915158694273,3,3,3
"1878",0.54335852646545,0.622333206770722,0.544034283741927,0.622305818851111,0.000531511133105669,7.34714270488324e-05,1.51587594201599,1.51664011177317,1.51915022831928,3,3,3
"1879",0.543382559446956,0.622336861021682,0.544018803698845,0.62230459214332,0.000530935842142791,7.33888644693925e-05,1.51583005984327,1.51660680562931,1.51913683315351,3,3,3
"1880",0.543370303162513,0.622330298989227,0.544033425046149,0.622304455071975,0.00053036121298015,7.3301663563341e-05,1.51584473876807,1.51661040939226,1.51912473565717,3,3,3
"1881",0.543357169886028,0.622336094148373,0.544016693107994,0.62230425052047,0.000529787463892653,7.3217168671702e-05,1.51588644563838,1.51666564623746,1.51916611419632,3,3,3
"1882",0.543366876825662,0.622331386568592,0.54402743232368,0.622304572543878,0.000529214595901032,7.31309783192913e-05,1.51584453946439,1.51662493957117,1.51914058868099,3,3,3
"1883",0.54337678260835,0.622336444130152,0.544017640175988,0.622304511055564,0.000528642842547439,7.30481414474848e-05,1.51584112497438,1.51660877223128,1.51913427896923,3,3,3
"1884",0.543352576773992,0.622332059284527,0.544030418110692,0.6223043855947,0.000528071684984113,7.29627203215344e-05,1.51585863865007,1.5166293276501,1.51913301528905,3,3,3
"1885",0.543365526543333,0.622334267539121,0.544045372070047,0.622303677303564,0.000527501649421406,7.28787512659368e-05,1.51586522400986,1.51664206246575,1.51915503116868,3,3,3
"1886",0.543361102714227,0.622330853325713,0.544039897213354,0.622304989158072,0.000526932298147583,7.27918181022691e-05,1.5158496061217,1.51662518177594,1.5191425527349,3,3,3
"1887",0.543359053154388,0.622338461570439,0.544049941986316,0.62230577413253,0.000526363993739514,7.27103386730654e-05,1.51585587728308,1.51663443052518,1.51914118272109,3,3,3
"1888",0.543360931516905,0.622330670049827,0.544040826839703,0.622304960518318,0.000525796527520063,7.26253413041444e-05,1.51584289910473,1.51661208365431,1.51912317363195,3,3,3
"1889",0.543359748930417,0.622333743624559,0.544043728943193,0.622304747866405,0.000525229986024666,7.254068554019e-05,1.51587101196878,1.51664587863032,1.51915071417704,3,3,3
"1890",0.543343381522035,0.622333348124544,0.544021565950706,0.62230695590561,0.000524664063091241,7.24551576839483e-05,1.51587770476871,1.51664386767026,1.51915168598984,3,3,3
"1891",0.543367410495543,0.622336487213586,0.54403578600197,0.622304968292175,0.000524099426714545,7.23741187461657e-05,1.51582912567336,1.51660524633934,1.51913426915825,3,3,3
"1892",0.543355160500891,0.622330087467267,0.544016455712877,0.622306447918114,0.000523535433092129,7.22884527250001e-05,1.51584459158863,1.51661054635407,1.51912339737148,3,3,3
"1893",0.543342028425,0.622335909691373,0.544041109950383,0.622304564463773,0.000522972297595184,7.22052014878738e-05,1.51588688553482,1.51666561821705,1.5191649492251,3,3,3
"1894",0.543348060239368,0.622332890891081,0.54402144371488,0.622305401981189,0.000522409992554474,7.21205810337855e-05,1.51586216399638,1.51663603817068,1.5191536401975,3,3,3
"1895",0.543361652783929,0.622336523293481,0.544037563356304,0.622304866671207,0.000521848806452583,7.20385099196585e-05,1.5158513442694,1.51661603359043,1.51914275649722,3,3,3
"1896",0.543337446847299,0.622331287242198,0.544029363338841,0.622306053377364,0.000521288197879595,7.19544164748953e-05,1.51585797377989,1.51662873489662,1.51912846219144,3,3,3
"1897",0.54334671485563,0.622334398971021,0.544035536136237,0.622305168081194,0.000520728657569737,7.18724793581371e-05,1.51586545374979,1.51664943238624,1.51915698869206,3,3,3
"1898",0.543342306880754,0.622331671734644,0.54404011752357,0.622304541780527,0.000520169782547347,7.17873894350296e-05,1.5158646657915,1.51663811504123,1.51915463624337,3,3,3
"1899",0.543343950815769,0.622337952245712,0.544031862653215,0.622305011078835,0.000519611959403532,7.1707043637681e-05,1.51586228549208,1.51663860542507,1.51914795602821,3,3,3
"1900",0.543342150582241,0.622330692065483,0.544021273818666,0.622305627041265,0.000519054924497555,7.16239158611298e-05,1.51584579858607,1.51661753802732,1.51912863196707,3,3,3
"1901",0.543340980500331,0.622334105139901,0.544042362187656,0.622306035567869,0.000518498792171652,7.15409846852033e-05,1.51588156968287,1.51665788296452,1.51915992617456,3,3,3
"1902",0.543324624499774,0.622333440780492,0.544032021885019,0.622304792270052,0.000517943260229262,7.14570890905097e-05,1.51588752404049,1.5166549520427,1.51916045793043,3,3,3
"1903",0.543348668498384,0.622336705689489,0.544036840748534,0.622304576510138,0.00051738898822792,7.13779512364621e-05,1.51584240916792,1.51661833093025,1.51914607963397,3,3,3
"1904",0.543336429405988,0.622329987610195,0.544027414469189,0.622303903617888,0.000516835340550151,7.12945128222842e-05,1.51585495756037,1.51662176225375,1.51913167234669,3,3,3
"1905",0.543323307951594,0.622335726208358,0.544022677476035,0.622305090474562,0.000516282529730121,7.12134508488171e-05,1.51589575623576,1.51667508634711,1.51917351752259,3,3,3
"1906",0.543329352878854,0.622332693883857,0.544038323099277,0.622305277036344,0.000515730528646059,7.11310546449573e-05,1.5158704818211,1.51664589099216,1.51916125574485,3,3,3
"1907",0.543342959742406,0.622336518074772,0.544027404269223,0.622304210788726,0.000515179622126995,7.10511831075733e-05,1.51586070873956,1.51662662559703,1.51915200913605,3,3,3
"1908",0.543318764964236,0.6223312511679,0.544018935893623,0.622304123420919,0.00051462927564879,7.09688961845201e-05,1.51586744097461,1.51663867824237,1.51913681641967,3,3,3
"1909",0.543328045366535,0.622334499177295,0.544013538771211,0.62230423625243,0.000514079973712198,7.08886177008816e-05,1.51587558394507,1.51666103838549,1.51916682508339,3,3,3
"1910",0.543323647518743,0.622331698407229,0.544014529828233,0.622304334406741,0.000513531318575436,7.08051923484776e-05,1.51587479358151,1.51664858842078,1.51916347692105,3,3,3
"1911",0.543325298650066,0.622337884870433,0.544037723825439,0.622306456904633,0.000512983691948287,7.07264722564771e-05,1.51587160583356,1.5166487910982,1.51915686726498,3,3,3
"1912",0.54332350890781,0.622330678130957,0.544022624512754,0.622305281303935,0.000512436833618857,7.06449759450001e-05,1.5158561493681,1.51662860913318,1.51913754625857,3,3,3
"1913",0.543322345932492,0.62233409340831,0.544039242960734,0.622304028646819,0.000511890856383085,7.05636688418387e-05,1.51589118922173,1.51666926461579,1.51916969219011,3,3,3
"1914",0.543305995423511,0.622333330749062,0.544018641274919,0.622303935008232,0.000511345461989861,7.04814032642664e-05,1.51589705566755,1.51666517935503,1.51916925324715,3,3,3
"1915",0.543330045819349,0.622336658458353,0.544029474902576,0.622304623871375,0.000510801301741341,7.04034690723887e-05,1.51585230820594,1.5166297377592,1.51915541635616,3,3,3
"1916",0.54331781260389,0.622329970109958,0.544015364289102,0.622304912604606,0.000510257748050033,7.03209541191852e-05,1.51586540913547,1.51663298737118,1.51914106703711,3,3,3
"1917",0.543304694552053,0.622335659839397,0.54404448660122,0.622307974354576,0.000509715010661993,7.02408078652184e-05,1.51590538525962,1.5166863644638,1.51918275382156,3,3,3
"1918",0.543310744746549,0.622332670448584,0.544017153633794,0.622307340587464,0.00050917306298976,7.01593421331692e-05,1.51588092266634,1.51665700477628,1.51917073456872,3,3,3
"1919",0.543328249786817,0.622336113207954,0.544035025387076,0.622305233443586,0.000508632276173953,7.00802072325368e-05,1.51587471140396,1.51664180798463,1.51916501972399,3,3,3
"1920",0.543300154513733,0.622331068548131,0.544014866936158,0.622305799232008,0.000508091942360486,6.99989851536964e-05,1.51587324243822,1.51664475975583,1.51914058863509,3,3,3
"1921",0.543313339483765,0.622334790590384,0.544026395966843,0.622306663494933,0.000507552719783606,6.99195550376563e-05,1.51589243634165,1.51668014906803,1.51918244365696,3,3,3
"1922",0.543308936855624,0.622331439692477,0.544004134083958,0.622305455854019,0.000507014125785444,6.98370921561331e-05,1.51588357321681,1.51665923896872,1.51917190595983,3,3,3
"1923",0.543310584905038,0.62233746519198,0.544025132145595,0.622304530022017,0.000506476537262369,6.97593719900524e-05,1.51587685413851,1.51665616047356,1.51916167273328,3,3,3
"1924",0.543308804599442,0.622331544652286,0.544024108724679,0.622304323048919,0.000505939697372755,6.96789271830145e-05,1.51587222309467,1.51664594500058,1.51915317994632,3,3,3
"1925",0.543311531746908,0.622333502870083,0.544029011092684,0.622306346920994,0.00050540380675827,6.95987515177965e-05,1.51590068064764,1.51668031490091,1.5191779019722,3,3,3
"1926",0.54329128423886,0.622333625847979,0.544017698838106,0.622304441580475,0.000504868392105855,6.95181053211869e-05,1.51590399983439,1.5166735633299,1.51917466150411,3,3,3
"1927",0.543319235162574,0.622337043396862,0.544019760814464,0.622304637533026,0.000504334275372934,6.94415166414553e-05,1.5158678401642,1.51664777068489,1.51916986077542,3,3,3
"1928",0.543306997134976,0.622329725269067,0.544017904322919,0.622305808941994,0.000503800747403723,6.93604267346659e-05,1.51587250734132,1.5166423003079,1.51914801006833,3,3,3
"1929",0.543293875380579,0.622335453676195,0.544015859695739,0.622307004893458,0.000503268015215037,6.92817463496809e-05,1.51591134140236,1.51669424287287,1.51918861310819,3,3,3
"1930",0.543299929868357,0.622333527361742,0.544026782934085,0.622306406627227,0.000502736052774004,6.9201770881433e-05,1.51589545150029,1.51667435559702,1.51918501352916,3,3,3
"1931",0.543317426734573,0.622335867066308,0.544021607161803,0.622306318849279,0.000502205226596525,6.91240867416454e-05,1.51587914814404,1.51664822149982,1.5191691492757,3,3,3
"1932",0.543289336683386,0.6223316489397,0.544019663319234,0.622305038708242,0.000501674837725862,6.90443406748953e-05,1.51588508278306,1.51665903170825,1.51915266243964,3,3,3
"1933",0.543302516180359,0.622334787538821,0.544036412217597,0.622305631876017,0.000501145536158103,6.89663409429997e-05,1.51589972924568,1.51668971764028,1.51918943286332,3,3,3
"1934",0.543298112390473,0.62233155566682,0.544024740510645,0.622305377872636,0.00050061684539889,6.88852934315198e-05,1.51589240005107,1.51667036371468,1.51918052209094,3,3,3
"1935",0.543299756638448,0.62233761555707,0.544028643051746,0.622305760553186,0.000500089137633528,6.88089545913817e-05,1.51588691436654,1.51666790076447,1.51917152844391,3,3,3
"1936",0.543297972210705,0.622331524741866,0.544015601506607,0.622305229797859,0.00049956215933604,6.87298955435178e-05,1.51588030328411,1.51665719552908,1.51916159693721,3,3,3
"1937",0.543300694860461,0.622333431077445,0.54403203676731,0.622304274503139,0.000499036108528735,6.8650822109162e-05,1.51590934372833,1.51669065961928,1.51918614122315,3,3,3
"1938",0.543280443110067,0.622333710385452,0.544008903339245,0.622305624527603,0.000498510517920401,6.85711236422248e-05,1.51591397703397,1.51668566257008,1.51918478275998,3,3,3
"1939",0.543308388029328,0.622336915411417,0.544034855807392,0.622307930326732,0.000497986199284897,6.8495461989837e-05,1.51587614939216,1.51665841565289,1.51917789454658,3,3,3
"1940",0.543296147100395,0.622329775797112,0.544029581939599,0.622305473054643,0.000497462452316005,6.84153325882786e-05,1.51588217791816,1.51665460975718,1.51915817028196,3,3,3
"1941",0.543283019728357,0.622335359004034,0.544022297482745,0.622304087223156,0.000496939481327557,6.83376016853421e-05,1.51592034729494,1.51670529422008,1.51919743107713,3,3,3
"1942",0.543289071385966,0.622333465823762,0.544019047185045,0.622305127692434,0.000496417260803926,6.82585862044061e-05,1.51590472523416,1.51668555018578,1.51919466411034,3,3,3
"1943",0.543306564669147,0.622335799439108,0.544028601492167,0.622305469758234,0.000495896152672155,6.81818478350804e-05,1.51588877002201,1.51665991017937,1.51917867929225,3,3,3
"1944",0.54327847298248,0.622331498088774,0.544020917975161,0.622304958291481,0.000495375466680022,6.81030594914533e-05,1.51589372413437,1.51667019683018,1.51916160084273,3,3,3
"1945",0.543291651596663,0.622334717050889,0.544015183914944,0.622304905278457,0.000494855844699625,6.80260040517577e-05,1.51590949970043,1.51670176754096,1.5191990658424,3,3,3
"1946",0.543287247441384,0.622331420481052,0.544019276343748,0.622304478602507,0.000494336816266759,6.79459179416808e-05,1.51590130625464,1.51668127630281,1.51919017695711,3,3,3
"1947",0.543288891617349,0.622337483948805,0.544031890419276,0.622303819309984,0.000493818748920307,6.78708431679498e-05,1.51589606902856,1.51667955745266,1.51918076492339,3,3,3
"1948",0.543287110201537,0.622331388827076,0.544018528610116,0.622304297455523,0.000493301392385568,6.77932274874005e-05,1.51588941144836,1.51666821189718,1.51917075197292,3,3,3
"1949",0.543289835007598,0.622333408336466,0.544039326029323,0.622304806687569,0.00049278494210636,6.77156181246863e-05,1.51591921184805,1.51670280178362,1.51919618483066,3,3,3
"1950",0.543269585315183,0.622333568316841,0.544010399424074,0.622305442232634,0.000492268936705139,6.7637362897055e-05,1.51592258776847,1.51669648111114,1.51919360336438,3,3,3
"1951",0.543297534284075,0.62233689274877,0.544029674680048,0.622304289486509,0.000491754177967856,6.75631362726525e-05,1.5158857422918,1.51667013572425,1.5191876693681,3,3,3
"1952",0.543285297270622,0.622329720849849,0.544013591019703,0.622304310581567,0.00049123997429161,6.74844509455097e-05,1.51589137183627,1.51666559801369,1.51916718801452,3,3,3
"1953",0.543272173181826,0.622335350540653,0.544021815685988,0.62230515698298,0.000490726527348863,6.74081664089332e-05,1.51592947973064,1.51671679354996,1.51920677500728,3,3,3
"1954",0.543278228568241,0.622333475216031,0.544023465459608,0.622305061289655,0.000490213812154449,6.73305835832139e-05,1.51591402701577,1.51669685521849,1.51920375274802,3,3,3
"1955",0.543295724965959,0.622335834763186,0.544030919988548,0.622303208893891,0.00048970218615036,6.72552827403194e-05,1.51589790892405,1.51667113260738,1.51918816465509,3,3,3
"1956",0.543267636206905,0.622331538407624,0.544024061795281,0.622304211087777,0.000489190967652372,6.71779228195168e-05,1.5159030911272,1.51668122076049,1.51917073908789,3,3,3
"1957",0.543280817672253,0.62233479772107,0.544033317365096,0.622304859978277,0.000488680790581394,6.7102306233302e-05,1.51591865661686,1.5167130111972,1.51920869931038,3,3,3
"1958",0.543276414843133,0.622331498613917,0.544007632025683,0.622304272847238,0.000488171190407845,6.70236584303652e-05,1.51591075601715,1.51669263217855,1.51919901560963,3,3,3
"1959",0.543278059763275,0.622337561419132,0.544016584372369,0.62230509968768,0.000487662530126712,6.694967505394e-05,1.51590529268675,1.51669054035294,1.51919034729209,3,3,3
"1960",0.543276279846244,0.622331494464935,0.543984224953221,0.622307505478264,0.00048715456267221,6.68734431896745e-05,1.51589894126218,1.51667961425064,1.51918012672158,3,3,3
"1961",0.543279004222082,0.622333466749299,0.544033829839527,0.622307134835952,0.000486647480962477,6.67975772487006e-05,1.51592808266552,1.51671369748648,1.51920550275638,3,3,3
"1962",0.543258753933163,0.622333662925098,0.544013414749887,0.622305011303492,0.00048614082942732,6.67210687826936e-05,1.51593228128418,1.51670778282695,1.51920301824717,3,3,3
"1963",0.543286701664997,0.622336951099043,0.544011338839519,0.622304972341926,0.000485635400050973,6.66485659771565e-05,1.51589500206685,1.5166812150452,1.51919725636992,3,3,3
"1964",0.543274464088649,0.622329762140793,0.54401200954837,0.622304769980033,0.000485130509769313,6.65716265305649e-05,1.51590065513134,1.5166766775259,1.51917643031054,3,3,3
"1965",0.543261338162861,0.622335391215796,0.544020537953787,0.622304451414508,0.000484626357652947,6.64979606602722e-05,1.51593896168767,1.51672789316844,1.5192164502341,3,3,3
"1966",0.543267392369882,0.622333497964201,0.543997492881503,0.622307150510931,0.000484122919226427,6.64231516663838e-05,1.51592338626306,1.5167080010152,1.51921325151809,3,3,3
"1967",0.543284886709269,0.622335814864677,0.54401690147094,0.622305069113275,0.000483620547513728,6.63506048234064e-05,1.51590715577589,1.51668215377911,1.51919750585923,3,3,3
"1968",0.543256797689098,0.622331530293811,0.54400030735234,0.622304784552808,0.00048311856922916,6.6276010761035e-05,1.51591247559899,1.51669226206947,1.51918042557111,3,3,3
"1969",0.543269977894616,0.622334757186053,0.544007376877327,0.622304593768397,0.000482617610470176,6.62031548518405e-05,1.51592805255844,1.51672394263711,1.51921807278918,3,3,3
"1970",0.543265574902233,0.622331459308809,0.544010373396308,0.622304122773488,0.000482117212515885,6.61272786768308e-05,1.51591993861224,1.51670361446084,1.51920871750727,3,3,3
"1971",0.543267219298994,0.622337508729372,0.544010355684647,0.622304729091084,0.000481617733883249,6.60560340667304e-05,1.51591477399098,1.51670164573253,1.51919982816783,3,3,3
"1972",0.543265440854102,0.62233142802848,0.544013478660585,0.622305629268305,0.000481118930644658,6.59820960379198e-05,1.51590807227952,1.51669036822762,1.51918975072638,3,3,3
"1973",0.543268166014954,0.622333410687787,0.544013246462937,0.62230404407204,0.0004806209932215,6.5908167675599e-05,1.51593770052079,1.51672471855041,1.51921491094641,3,3,3
"1974",0.543247917672333,0.622333615882189,0.544004411473315,0.622304822241209,0.000480123471733873,6.58336883673227e-05,1.51594151953618,1.51671885656862,1.51921283612353,3,3,3
"1975",0.543275867193242,0.622336881386685,0.54401875214432,0.622306923504165,0.00047962714852994,6.57633345649833e-05,1.51590440420204,1.51669213849654,1.51920661727252,3,3,3
"1976",0.543263633201121,0.622329730126053,0.544012366552414,0.62230527907728,0.000479131348924134,6.56885501355564e-05,1.51591000612989,1.51668773661524,1.51918634734291,3,3,3
"1977",0.543255089998989,0.622335343243816,0.544014030576341,0.622304167088854,0.000478636271992757,6.56162212996358e-05,1.5159378697276,1.51672285198369,1.51921320893471,3,3,3
"1978",0.543256567899629,0.622332640418507,0.544025218626358,0.622303562322919,0.000478141888249334,6.55425827780221e-05,1.51592594804804,1.51670897667872,1.51921447420865,3,3,3
"1979",0.543274076781904,0.622336127283433,0.544007162527979,0.622304283037522,0.000477648549436359,6.54711634935357e-05,1.51592008639828,1.51669767808328,1.51920812887037,3,3,3
"1980",0.543250572425114,0.622332216448587,0.544029270497936,0.622305792689177,0.000477155592993153,6.5397708552406e-05,1.5159167309768,1.51669788200515,1.51918181512051,3,3,3
"1981",0.543263755774624,0.622334595218,0.544008009754594,0.622304910318945,0.000476663634368265,6.5326040841196e-05,1.5159233900062,1.51671975791244,1.5192153323673,3,3,3
"1982",0.543254783673102,0.622331135478912,0.544031259116004,0.622305374858379,0.000476172218103722,6.52516324887165e-05,1.51593033803748,1.51670884512437,1.519215297185,3,3,3
"1983",0.543261018194856,0.622337971625124,0.54400690909063,0.622304154342882,0.000475681703844807,6.51819754398097e-05,1.51591786472837,1.51670289287314,1.51920381166396,3,3,3
"1984",0.543259247151325,0.622331538041471,0.544011586743403,0.622304250441038,0.000475191847698885,6.51098655624072e-05,1.51590581605244,1.51669025654157,1.51918887064544,3,3,3
"1985",0.543261982215955,0.622333508679305,0.544015391155223,0.622304930157735,0.000474702837731226,6.50382218958523e-05,1.51593578017295,1.51672389708148,1.51921488407657,3,3,3
"1986",0.543241740226676,0.622333461367676,0.54402741017448,0.622304372274501,0.000474214229680808,6.49659572764527e-05,1.51593761163121,1.51671572808055,1.51921054334408,3,3,3
"1987",0.543269701134487,0.622336877109626,0.544017607503878,0.622305739673286,0.000473726796436279,6.48975970866106e-05,1.5159022679806,1.51669169500676,1.51920549757151,3,3,3
"1988",0.543257476124696,0.622329796396722,0.54402481492983,0.622304356319208,0.000473239871549388,6.48248593925205e-05,1.51590902214944,1.51668706913013,1.51918653661696,3,3,3
"1989",0.543248936571797,0.62233523584616,0.544022326038231,0.622303387349929,0.000472753651574285,6.47544976980496e-05,1.51593539006316,1.51672150740177,1.51921226690136,3,3,3
"1990",0.543250421404429,0.622332564507263,0.544030299909348,0.622304559457478,0.000472268107537644,6.46828678361189e-05,1.51592414595175,1.51670800369716,1.51921396116588,3,3,3
"1991",0.543267934655634,0.62233599147575,0.54402513887694,0.622305932160904,0.000471783586912859,6.46133848464236e-05,1.51591762547953,1.51669639268616,1.51920717972892,3,3,3
"1992",0.54324443576861,0.62233215429453,0.544050142095901,0.622304492916552,0.00047129943524048,6.45419220516308e-05,1.51591513917602,1.51669698876731,1.51918137032756,3,3,3
"1993",0.543257621088815,0.622334524818926,0.544027375863497,0.622304697622161,0.000470816260443619,6.44721841597251e-05,1.51592149052051,1.51671885619159,1.51921485273451,3,3,3
"1994",0.543248651031256,0.622331034118487,0.544035954456317,0.622303726224297,0.000470333612685862,6.43994351173793e-05,1.515928178332,1.51670794604851,1.51921425658563,3,3,3
"1995",0.543257911456335,0.622336434301882,0.544034618809921,0.622302941793694,0.00046985187216344,6.43306051296699e-05,1.51591219337099,1.51669991498767,1.51919216223003,3,3,3
"1996",0.543253147160392,0.622333243992645,0.544034897626706,0.62230461365197,0.000469370748481512,6.42600104266977e-05,1.51591688031856,1.51669866277611,1.51919249493672,3,3,3
"1997",0.543258805383873,0.622333974663451,0.544027096680299,0.622303624223679,0.000468890479839347,6.4190001899056e-05,1.5159117012209,1.51670986761728,1.51919599259844,3,3,3
"1998",0.54324161414073,0.622332218232236,0.544044099072797,0.622304198277304,0.000468410624651964,6.41181430113269e-05,1.51591932797891,1.5167001229116,1.51919649189939,3,3,3
"1999",0.543269610520308,0.622336603741146,0.544026081768199,0.622305025550122,0.000467931921861013,6.40500038112668e-05,1.51589684851025,1.51668423365589,1.5191932358318,3,3,3
"2000",0.5432543742736,0.622331163672875,0.544042786232945,0.622305269692027,0.00046745368827278,6.39782035799508e-05,1.51590314165884,1.5166869457374,1.5191750849609,3,3,3
