"","error","Q_loss","error_all","Q_loss_all","error_to_tall","Q_loss_to_tall","mat1_nuclear_norm","mat2_nuclear_norm","mat3_nuclear_norm","mat1_rank_num","mat2_rank_num","mat3_rank_num"
"1",2.86920995419092,0.947201409103526,2.8687069679845,0.954390043438345,1.77333556391768,0.443064401081859,0.119629601722536,0.119442904100241,0.119601840877893,5,5,5
"2",2.72805693592101,0.902577941288731,2.7272557614745,0.911722664719377,1.71716089849178,0.420744409206758,0.21519048086289,0.214873809688566,0.215222749233887,5,5,5
"3",2.59654406633835,0.863062887418647,2.59644913065195,0.870693284632316,1.66345488590573,0.400115532214487,0.298707435692885,0.298700427354239,0.299218863804697,5,5,5
"4",2.46593327141604,0.823795459523068,2.46609381509266,0.828154691764098,1.61042314356008,0.379944819265959,0.385481052191668,0.385835446313691,0.386499507587636,5,5,5
"5",2.34139079199779,0.78569588233589,2.3416152263246,0.786703891110221,1.55858049449303,0.360014007774998,0.475752377429844,0.476160757320721,0.476845983568418,5,5,5
"6",2.22533982155504,0.750937336513664,2.22543804647095,0.74968933025069,1.5084873290924,0.340350087004641,0.563541376649138,0.564549283322679,0.565331997419347,5,5,5
"7",2.12036810522603,0.721751540137428,2.12048085729187,0.71978077109869,1.4607527307582,0.321270850537791,0.642032034684976,0.644294858577528,0.645313784682511,5,5,5
"8",2.02629432959179,0.697827388987247,2.02652834448352,0.696113170638377,1.41567217146529,0.303084939853313,0.710428904468314,0.714409595414189,0.715860661162449,5,5,5
"9",1.94197148728081,0.678174094304874,1.94230549402102,0.677096689535001,1.37329452448438,0.286031812796087,0.770044974705526,0.775995551547295,0.778060166894694,5,5,5
"10",1.86541824797351,0.661897978540288,1.86554685927128,0.661359145831369,1.33347106172064,0.270226646979139,0.822340420930086,0.830703205499004,0.833397824175599,5,5,5
"11",1.79568810687362,0.648368422515798,1.79576596877067,0.648171349291766,1.29603097196105,0.255746808862293,0.868526350500002,0.879496409052657,0.882738444012646,5,5,5
"12",1.73139723923133,0.63680132455003,1.73156781391716,0.636834279032577,1.26075232155131,0.242480872609679,0.9104967668809,0.923875901569917,0.927659884390468,5,5,5
"13",1.67191463495998,0.626886003191065,1.67211082691262,0.626937516302751,1.22744093798699,0.230389637131095,0.948707844369931,0.964480360417801,0.968700694650804,5,5,5
"14",1.61670799421075,0.618266327373814,1.61688990470764,0.618244717537973,1.19592107451289,0.219350109376194,0.98413462380143,1.00201254991086,1.0066795996505,5,5,5
"15",1.56542093431476,0.610679062219388,1.56557662876857,0.610622164277256,1.16604855076797,0.209262216259559,1.01688815808652,1.03664434739864,1.04169021096692,5,5,5
"16",1.51765469221597,0.603953663148822,1.51783741944568,0.603907601861738,1.13769362486804,0.200026333972395,1.04732942914369,1.0687927066293,1.0741655958491,5,5,5
"17",1.47290522587646,0.597889376221361,1.47311595597983,0.597898292048605,1.11073047128103,0.191512940850917,1.07555669055731,1.09866623339121,1.1043282870277,5,5,5
"18",1.43062702232186,0.592351934685691,1.43083714350785,0.592443959154938,1.08503558364674,0.183641715342769,1.1020203653014,1.12679757905515,1.13276562203838,5,5,5
"19",1.39083462493695,0.587342788652344,1.39102833792652,0.587515113090252,1.06051293057623,0.176347911106436,1.12677260986891,1.1532043607643,1.15945319524629,5,5,5
"20",1.35324490767336,0.582889231176391,1.35337512704453,0.583053794032972,1.03707531821546,0.169564901433218,1.15010516624348,1.17788320290978,1.18441006821218,5,5,5
"21",1.31789184977896,0.578893805882244,1.3180243300486,0.579023057504148,1.01465353673656,0.163260351653481,1.17210335993945,1.2010422147228,1.2077995021813,5,5,5
"22",1.28426349118918,0.575236651550502,1.2843196244406,0.575303694676829,0.993170025524827,0.157404025407873,1.19296066390186,1.22302877803495,1.23007146691174,5,5,5
"23",1.25225151152906,0.571851554623263,1.25230135618209,0.57188389190296,0.972557862256188,0.151932884134432,1.21290957099261,1.24383111927182,1.25117101157689,4.95,5,5
"24",1.22184514178674,0.568737497609069,1.22191551459346,0.568738279104482,0.952761485171595,0.146788369555793,1.23189572444719,1.26348831272076,1.2711381950179,4.9,5,5
"25",1.19272594773573,0.565841348749436,1.1928101782766,0.5658024956342,0.933723434259826,0.141939169907452,1.25000511754222,1.28221609814535,1.29014022871093,4.55,5,5
"26",1.16480335481504,0.563100773774928,1.16493096275185,0.563062011123425,0.915391843659361,0.13736373985024,1.26731436934177,1.30008981357543,1.30825717523242,4.55,5,5
"27",1.13813176994028,0.560536469479893,1.13830446098887,0.56049410862664,0.897724417134583,0.133061316915277,1.28402981188464,1.31717943594862,1.32562520530685,4.6,5,5
"28",1.11249696445963,0.558092033686651,1.11263604966803,0.55806804274979,0.880677721525056,0.128999966565839,1.30012358343842,1.33354484479338,1.34231853527492,4.8,5,5
"29",1.08796605926955,0.555807859302618,1.0880720610903,0.555795825040317,0.864217568185921,0.125142440317543,1.31558392393488,1.34914036733172,1.35822428894172,5,5,5
"30",1.06439835081565,0.553660497239327,1.06450391820942,0.553658311298979,0.848310271037479,0.121490961861695,1.3304232046322,1.36411193455643,1.37344710910495,5,5,5
"31",1.0417798491127,0.55166180857712,1.0419062063937,0.551656453070343,0.83292592083417,0.118034616067809,1.34467386164887,1.37850525596683,1.38812153610471,5,5,5
"32",1.02001501706643,0.549759040637566,1.02020729286364,0.549771169897452,0.818036750042495,0.11475043675305,1.35837900024737,1.3923982998369,1.40228316886206,5,5,5
"33",0.999097404964572,0.547975389119326,0.999281601780468,0.54798045379412,0.803617157630992,0.111623238099198,1.37152463787123,1.40573747239779,1.4159446668494,5,5,5
"34",0.978931989348491,0.54627254019973,0.979149446757643,0.546288045473209,0.789642449721779,0.108642075542081,1.38419044839279,1.41853131229677,1.42909084171036,4.9,5,5
"35",0.959519746567301,0.544666511828419,0.95972839563607,0.544677219925476,0.776091233705467,0.105790336442181,1.39633254646998,1.43087807017598,1.44179186801478,4.9,5,5
"36",0.940724170543351,0.543117965092978,0.940962407804326,0.543136134809214,0.762940615567923,0.103065791956883,1.40811672165312,1.44295425238717,1.45423390666276,4.8,5,5
"37",0.922526799652693,0.541633740310997,0.922806714807754,0.541656074759987,0.750170389257742,0.100465352531955,1.41937662766263,1.45459845950531,1.4662568327126,4.55,5,5
"38",0.904881048961357,0.54022390153725,0.905153826377434,0.540238583260148,0.737761052466758,0.0979789950553031,1.43035693230248,1.46596058072075,1.4779465330043,4.5,5,5
"39",0.887827524995826,0.538891934666299,0.888174949865884,0.538903024154579,0.725696204709266,0.0956028004697762,1.4409762632109,1.47697189645606,1.48932689636054,4.35,5,5
"40",0.871514507109692,0.537654364401194,0.87189492036412,0.537647782497921,0.713964687054665,0.0933202532757285,1.45117935816756,1.48755830149528,1.50029037666196,4.2,5,5
"41",0.855695141057798,0.536466374636931,0.856161441386228,0.536457638702613,0.702550831338028,0.0911251051588687,1.46118545911392,1.49792760326186,1.51105504787646,4.1,5,5
"42",0.840450956629098,0.535339441439306,0.840938971875659,0.535326577617673,0.691442659060593,0.089015769713875,1.4708182388929,1.50782767164415,1.52131819527852,4.05,5,5
"43",0.825699213818355,0.534263331780613,0.826205134297322,0.534254044876668,0.680627427668299,0.0869916527598344,1.48020398171133,1.51741706949707,1.53131368774461,4,5,5
"44",0.811452032800659,0.533228921201589,0.812005876196498,0.533244273126136,0.670093797817839,0.0850462605077603,1.4894196284556,1.52682837436197,1.5410659730459,4,5,5
"45",0.797732836661487,0.532267402952421,0.798293327374772,0.532286086867244,0.659831931229824,0.0831770718768617,1.49834120604704,1.53591966362098,1.55047892917647,4,5,5
"46",0.784415845807795,0.531331115726018,0.785009060282259,0.531371533932468,0.649830707214048,0.0813805778143452,1.50718772185302,1.54482410047754,1.55967293760312,4,5,5
"47",0.77154416852784,0.530470985898748,0.772108407226793,0.530502134426252,0.640080383123569,0.0796481080521316,1.51574042838311,1.55334779744789,1.56851976758371,3.95,5,5
"48",0.759098841393582,0.529644440577285,0.759671560870156,0.529680764604928,0.630572147295669,0.077975178832089,1.52410961449863,1.56169605521431,1.57714684086219,3.95,5,5
"49",0.747017036083975,0.528868899409585,0.747631433148537,0.528898461046252,0.621296509216847,0.0763604665674773,1.53222995514326,1.56991141689441,1.58563609886026,3.9,5,5
"50",0.73534476808435,0.528121606681303,0.735992697432039,0.52815353671583,0.612245669492831,0.0747972032060514,1.5401544190891,1.57786187675091,1.59389454051116,3.95,5,5
"51",0.724000176316246,0.527410229210447,0.724659239419273,0.527439384917202,0.603411319576549,0.0732930716846992,1.54776968330579,1.5856897306922,1.60186497697689,3.95,5,5
"52",0.713038062922491,0.526742608995527,0.713745422919525,0.526762070926949,0.594786643097451,0.0718388117042899,1.55520937321074,1.5932721496411,1.60969808102322,4,5,5
"53",0.702388511686901,0.526101500911522,0.703120503557564,0.52610987271091,0.586364289093486,0.0704345773323897,1.56232831462634,1.6006954510034,1.61726989842807,3.95,5,5
"54",0.692021692868866,0.525468880396137,0.692775342592875,0.525478283370435,0.57813661312341,0.069077003645671,1.56919068445771,1.60793587480938,1.62472753071784,3.95,5,5
"55",0.681843663840947,0.524847252519207,0.682636342209944,0.524862116703353,0.570095239590881,0.0677594544867489,1.5759144875345,1.61517921149628,1.6320914125618,3.7,5,5
"56",0.671960212211987,0.524237758121646,0.672777551852829,0.524268889872714,0.56223391396657,0.0664826947194666,1.582464001851,1.6221707256488,1.63920596318942,3.6,5,5
"57",0.66228122880978,0.523651428776364,0.663161582133913,0.523697148895576,0.554545580739873,0.0652442813472798,1.58892244396908,1.62904730885614,1.64621391971726,3.15,5,5
"58",0.652884347792687,0.523098832679597,0.653789643878033,0.523145067888777,0.547024990405314,0.0640423537939889,1.59516514028296,1.63569272782734,1.65288556270417,3,5,5
"59",0.643702670771005,0.522558033343562,0.644667117573851,0.5226126521142,0.539666153776202,0.0628777672787382,1.6013159720869,1.64226982054494,1.65953259523424,3,5,5
"60",0.634773855432266,0.522040156001284,0.635768216602408,0.522100737043574,0.532464225960492,0.0617471000912475,1.60734966070439,1.64869782771415,1.66592025123093,3,5,5
"61",0.626107148249833,0.521547034663152,0.627128445526076,0.521607089569033,0.52541466397438,0.0606473003544977,1.61317446159863,1.65496103705561,1.67211149109245,3,5,5
"62",0.617650639599767,0.521074867360533,0.618732673323136,0.521132722922385,0.518512545350896,0.0595802452699165,1.61894121451432,1.66115092301097,1.67822049248569,3,5,5
"63",0.60945359336538,0.520618460921032,0.61055488399578,0.520675241100741,0.5117539087094,0.0585439745126726,1.62458822410296,1.66720846282456,1.68416982629149,3,5,5
"64",0.601451087423796,0.520183146632953,0.60257134269093,0.520230615845857,0.50513415274193,0.0575381362430394,1.63014602279766,1.67316128450156,1.68997487531248,3,5,5
"65",0.593548719621769,0.519738451150932,0.594739069786796,0.519795607772343,0.498647652817053,0.05656027692572,1.63568002498748,1.67912705728721,1.6958701249172,3,5,5
"66",0.585838918821927,0.519314440185843,0.587019829933349,0.519369068476895,0.492290459767703,0.0556087388132446,1.64110726054461,1.68489936280559,1.70152730406558,3,5,5
"67",0.57823443929534,0.518899470048703,0.579457723723036,0.518955479765369,0.486057594952425,0.054681497830198,1.6466442045473,1.69078158466209,1.70725141943098,3,5,5
"68",0.570828207008014,0.518492853335989,0.572069109046348,0.518553290858787,0.479945675489821,0.0537783402975612,1.65205607455929,1.69648973019964,1.71283691848328,3,5,5
"69",0.563578815803729,0.518110351043632,0.564834293680429,0.518161859470865,0.473950962008564,0.0528995688854744,1.65735628062721,1.7020755065239,1.71823919046321,3,5,5
"70",0.556467313098095,0.517721392981329,0.55776971449909,0.517782037607483,0.468069917303379,0.0520431079855138,1.66260717374435,1.70769068603718,1.72370450554056,3,5,5
"71",0.549605419995818,0.517371958984731,0.550915103254545,0.517419706982404,0.462300497395574,0.0512076210453715,1.66774200154657,1.71307171174378,1.72893978264634,3,5,5
"72",0.542905484257616,0.517029238447462,0.544248407143394,0.517070103142478,0.456639831280641,0.0503921267173794,1.67278726042226,1.71835261881482,1.73412218502395,3,5,5
"73",0.536320424830285,0.516677597946645,0.537732924728546,0.516726559186977,0.451084310821662,0.0495979480363711,1.67758260853648,1.72356915263426,1.73919268994965,3,5,5
"74",0.529850932688125,0.516338102885831,0.531319754001899,0.516388625592681,0.445630964317591,0.0488234275484266,1.68233582583284,1.72870136306418,1.7442181637865,3,5,5
"75",0.523539295341211,0.516013711306096,0.525018541843603,0.516057081670258,0.440277049214245,0.0480670220980074,1.68699406341151,1.73381363009252,1.74922120225522,3,5,5
"76",0.517321524323939,0.515677938076927,0.51884024304136,0.515734576520483,0.435019608894788,0.0473273718581868,1.69153416118756,1.73879323293383,1.75408306171148,3,5,5
"77",0.511267402680437,0.515369526207252,0.512787836041464,0.5154229874581,0.429856306133898,0.046605513656224,1.69598561518485,1.74368506877914,1.75888116829848,3,5,5
"78",0.505323343349324,0.515055604544729,0.506870882430293,0.515122076131482,0.424784543928701,0.0459004649089964,1.70043886738761,1.74853830115394,1.76363119847428,3,5,5
"79",0.499520385274272,0.514775730400919,0.501086632746435,0.514832375497855,0.419802190278681,0.0452109182302106,1.70476753917773,1.75323358787465,1.76828936847938,3,5,5
"80",0.493800189742187,0.514492611226378,0.495378485312091,0.514551074542063,0.414906562944593,0.0445365215425825,1.7090680608036,1.75795503084883,1.77286192219302,3,5,5
"81",0.48820651040992,0.514222890987825,0.489825829744219,0.514282416183017,0.410095442859387,0.043878034439132,1.71340185951569,1.76253745875861,1.77742014126745,3,5,5
"82",0.482741357558672,0.513964787009231,0.484374540026546,0.514022369935842,0.405366892957281,0.0432342714488753,1.71766609487508,1.76703554535186,1.78186169298483,3,5,5
"83",0.477352107407931,0.513708547032303,0.478983830975961,0.51376963546053,0.400718558691148,0.0426050612852557,1.72192325576758,1.77148559416148,1.78626162793357,3,5,5
"84",0.472090243910453,0.513465456821312,0.473743101658097,0.513527658486352,0.396148672763816,0.0419908125623438,1.7261176439013,1.7758890725981,1.79060585175302,3,5,5
"85",0.466921505735273,0.513228029426575,0.468611073663288,0.513293236808528,0.391655108506013,0.041389610736805,1.73021190982424,1.78015943602956,1.7948739587793,3,5,5
"86",0.461870878081317,0.512996288172386,0.463582600054099,0.513065082769128,0.387236254526418,0.0408014101830685,1.73426234684923,1.78443850788153,1.7991367674338,3,5,5
"87",0.456960835776872,0.512775494256552,0.458658220507463,0.512842834701753,0.382890776127209,0.0402252540985245,1.738154302314,1.78847606807542,1.8032051302998,3,5,5
"88",0.452110411660706,0.512555607950023,0.453851621698459,0.512626098818209,0.378616463230638,0.039660426878068,1.74201367975641,1.79268801662358,1.80742174517288,3,5,5
"89",0.447401299534996,0.512355547818883,0.449149026763375,0.512415610640981,0.374412225409469,0.0391081480091133,1.74572940488783,1.79657051329855,1.81138017182675,3,5,5
"90",0.442770003842073,0.512135646823266,0.444551373129574,0.51221403787476,0.370276211123287,0.0385675270051318,1.74936637383658,1.80050700349151,1.81537174514665,3,5,5
"91",0.43826778077146,0.511951802588741,0.440052013429571,0.512018367232377,0.366207218623847,0.0380376853959397,1.7529836823186,1.80434815445936,1.81926322835016,3,5,5
"92",0.433845098069288,0.511759129334136,0.435670565688688,0.511830365308612,0.362203670035996,0.0375190688917483,1.75644138555566,1.80804700164338,1.82304781938547,3,5,5
"93",0.429544581595453,0.511584015956042,0.431368154580454,0.511649332513124,0.358264428669815,0.0370110243992607,1.75988379157473,1.81172846339605,1.82677606058769,3,5,5
"94",0.425345852037628,0.511417227223518,0.427184737144487,0.51147570146937,0.354388174371647,0.0365135088750171,1.76329402294582,1.81540513209251,1.83050044324306,3,5,5
"95",0.421243029440714,0.511263660224782,0.4231327037376,0.51131228644273,0.350573657239301,0.0360257517760364,1.76663782455041,1.81899923276091,1.83412654597356,3,5,5
"96",0.417237728800694,0.511105486935853,0.419152875250713,0.511155236651062,0.346819753796752,0.0355478345859951,1.76996441582789,1.82254154056518,1.8377180953405,3,5,5
"97",0.413285670163855,0.510959309797802,0.415239790904243,0.51100240336337,0.343124892410288,0.035078846072883,1.77331790827949,1.82609382575489,1.84130470080471,3,5,5
"98",0.409459365297293,0.510802698637548,0.411403615587547,0.510854142288999,0.339488229530793,0.0346198479563466,1.77653327989977,1.82952315148105,1.84475750383143,3,5,5
"99",0.405688196878038,0.510660202398596,0.407672738532307,0.510709703923426,0.335908217828153,0.034169137041739,1.77979464339481,1.83294022712015,1.84820628074385,3,5,5
"100",0.401995100038532,0.510502597576194,0.404019533061416,0.510566990855816,0.332383763826968,0.0337262072441846,1.78296851167969,1.8363452059675,1.85160882168689,3,5,5
"101",0.398370366649181,0.510366115989964,0.400411327492059,0.510424454705961,0.32891354970504,0.0332922546441944,1.78604946966718,1.83967667312337,1.85493226294987,3,5,5
"102",0.394816635904299,0.510219893779855,0.396854823264392,0.510281838023094,0.325496536842588,0.0328669100398776,1.7891277367123,1.84298099417274,1.85828036355466,3,5,5
"103",0.391323634091177,0.51008550303419,0.393363199036882,0.510141504498665,0.322131392858427,0.0324510537257945,1.79203134174794,1.84620810676736,1.86152734595682,3,5,5
"104",0.387911580531005,0.509954462293412,0.389945963750084,0.510003379352302,0.318817269908359,0.0320440460462442,1.79491234879651,1.84939405737502,1.86473530628226,3,5,5
"105",0.384536657529081,0.50980688445778,0.38658625221085,0.509867262299472,0.315552822213006,0.031644219286303,1.79772376558331,1.85251824689322,1.86789479242084,3,5,5
"106",0.381244820267938,0.509675879403476,0.383301365080538,0.509735180576227,0.312337221709007,0.0312527494575878,1.8005083652095,1.85560580309064,1.87098413906761,3,5,5
"107",0.377988794866505,0.509540086857747,0.380075854767234,0.5096067793906,0.30916919456375,0.0308690182922319,1.80324657898505,1.85864822818717,1.87404687525625,3,5,5
"108",0.374776536784322,0.509413567906548,0.376890830638612,0.509482338450462,0.306047751474747,0.0304929771914755,1.80605370832908,1.86165684184906,1.877110914769,3,5,5
"109",0.371665675245255,0.509290831790354,0.373748068044587,0.509362275111642,0.302972215411398,0.0301245387251745,1.80879671655873,1.86455598355123,1.88005545173602,3,5,5
"110",0.368568944873578,0.509166739545835,0.370680407558585,0.50924696103255,0.29994135208951,0.0297624980645658,1.81154259128146,1.86749989726429,1.88304402215468,3,5,5
"111",0.365553257210032,0.509068104117312,0.367647188941522,0.509135403202051,0.296954443601832,0.0294078530301699,1.81422599623684,1.87031022725748,1.88596041447945,3,5,5
"112",0.362576700554007,0.508951609876026,0.364681514870379,0.509025650596787,0.294010545021409,0.029059395575915,1.81685828371164,1.87310375468892,1.88877021834613,3,5,5
"113",0.359644092560943,0.508847312932593,0.361758567245727,0.508916818516451,0.291108710627189,0.0287167651076168,1.81945140415685,1.87583343470555,1.89158999232561,3,5,5
"114",0.35676749765548,0.508739837711298,0.35887648813646,0.508809911312515,0.288248205498305,0.0283805367955119,1.82205505692757,1.87858081851498,1.89439691239071,3,5,5
"115",0.353963895257225,0.508642853800686,0.356073035586288,0.508705940041147,0.285428271108274,0.0280509365551873,1.82453350326708,1.88121533464638,1.89706993195331,3,5,5
"116",0.351179509023112,0.508549605211288,0.353327190609277,0.508606793805146,0.282648041100905,0.0277270478661815,1.8270278363521,1.8838792682689,1.89975211773176,3,5,5
"117",0.348442652111068,0.508445986013494,0.350613969765761,0.508509564786938,0.279906670518162,0.0274091606762461,1.82945766489168,1.88650501591391,1.90244278593116,3,5,5
"118",0.345752402147145,0.508344931018204,0.347932039623203,0.508413900586906,0.277203418094817,0.0270966645454616,1.83185914180698,1.88905953904801,1.90501448565992,3,5,5
"119",0.343093201186411,0.508249840582357,0.345282403603152,0.508320081265404,0.27453740852518,0.0267895035417143,1.83427691362567,1.89162510947614,1.90761943604563,3,5,5
"120",0.340472766122482,0.508159151191138,0.342664405326831,0.508228801367926,0.271907962410984,0.0264874681027399,1.8366503184153,1.89413600818818,1.91015081063124,3,5,5
"121",0.33787980366513,0.508075969747928,0.340072546868108,0.508139398095698,0.26931423728452,0.0261908847061981,1.83902951200693,1.89665410964979,1.9126634367693,3,5,5
"122",0.335333049679937,0.50799348942424,0.337513593718799,0.508053009083342,0.266755598607593,0.0258994671546414,1.8413670163677,1.89913293279035,1.91517409518519,3,5,5
"123",0.332809550624565,0.507906148010815,0.335012316775254,0.507969379087948,0.264231252264329,0.0256123875739896,1.84362517559834,1.90155235831491,1.91759042917091,3,5,5
"124",0.330336485129401,0.507826289945201,0.332537150766233,0.507887794443572,0.261740688710748,0.0253296760263462,1.84598329712707,1.90399967075506,1.92002424719441,3,5,5
"125",0.327889460015196,0.507753525177772,0.330110256121072,0.507807814591399,0.259283113168851,0.0250512744335103,1.8482260302275,1.90636465856287,1.92243748033983,3,5,5
"126",0.325483866939961,0.5076709813151,0.327723709608986,0.507729964106231,0.256857977650978,0.0247773114675569,1.85049396090012,1.90873745946636,1.92481123293498,3,5,5
"127",0.323120164140066,0.50760329715764,0.32536085983327,0.507653767566285,0.254464718402888,0.024507973927146,1.8527593409402,1.91105121146299,1.92721881625652,3,5,5
"128",0.320795908612985,0.50752441543309,0.323047175482757,0.507579491738341,0.252102791624112,0.0242434659959009,1.8549443788937,1.91334047578949,1.92946771563854,3,5,5
"129",0.318515702374643,0.507449047176499,0.320769526498213,0.507508177624417,0.249771721345325,0.0239824547155364,1.85712778494109,1.91563542352661,1.9318560380006,3,5,5
"130",0.316251605683882,0.507378114523662,0.318534231986193,0.507439378709667,0.247470807171426,0.0237252525118342,1.85923812959998,1.91787161668429,1.9341029621075,3,5,5
"131",0.314050759009665,0.507311783601147,0.316328602066651,0.50737198228104,0.245199724938464,0.0234718557715787,1.86133766212383,1.92010521019591,1.93636146634425,3,5,5
"132",0.311878493161493,0.507245415383794,0.314154195777539,0.507305858072881,0.242957889792224,0.0232218711060058,1.86339016910925,1.92228921897902,1.9385688022064,3,5,5
"133",0.309727185974525,0.507176190672542,0.312007758383457,0.507241383903102,0.240744774297428,0.0229754727749184,1.86544301832857,1.92446756236678,1.94075795030299,3,5,5
"134",0.307609570485685,0.507116529222704,0.309893537069166,0.507177624955314,0.238559875395179,0.0227325991179763,1.86749384848438,1.92661010566059,1.9428955193801,3,5,5
"135",0.305519922584173,0.507045415003765,0.307805533880787,0.507115008409446,0.236402682143007,0.0224931529019977,1.86944856154005,1.92872499368964,1.94503051579061,3,5,5
"136",0.303474698128484,0.506994846312122,0.305752221236097,0.507052661714526,0.234272801954754,0.0222574264375627,1.87145141386883,1.93083790248724,1.94710861137729,3,5,5
"137",0.301435744287155,0.506931436903376,0.30373382219101,0.506992239047295,0.232169663551182,0.022025052048975,1.87338625240505,1.9329303927566,1.9492157888994,3,5,5
"138",0.299467385692182,0.506870762391564,0.301737911704165,0.506930703983931,0.230093060851847,0.0217976263652148,1.87533234574759,1.93493317523246,1.95122550106351,3,5,5
"139",0.297521092722239,0.506814945900866,0.299780126159672,0.506871879771178,0.228042459358333,0.0215739868374031,1.87717470061749,1.9369413952879,1.95320114982186,3,5,5
"140",0.295603837476154,0.506758751917666,0.297860125180336,0.506815617205079,0.226017529685372,0.0213537996690593,1.87904074797323,1.93888610251319,1.95511240212092,3,5,5
"141",0.293709339072898,0.506700144034245,0.295976724482412,0.506760119793228,0.224017738708216,0.0211364605904404,1.88090377204553,1.94087649009047,1.95713648366844,3,5,5
"142",0.29185181716219,0.506641834385584,0.294131304862388,0.506705389973405,0.222042735789002,0.0209220083356829,1.88268721589033,1.94277410029443,1.9589757879031,3,5,5
"143",0.290013586484539,0.506590507508394,0.292311922742514,0.506652165253849,0.220092082685415,0.0207110476918972,1.8845555391549,1.94466185455225,1.96088560351925,3,5,5
"144",0.288203524196811,0.506536719746295,0.290510116229027,0.506599392695296,0.218165383774327,0.020503735939052,1.88636532870169,1.94656243692848,1.96274923053395,3,5,5
"145",0.286430626601958,0.506489173546236,0.288735437677059,0.50654778595851,0.216262306676588,0.0202991471050527,1.88815045864099,1.9484133627393,1.96457537398171,3,5,5
"146",0.284688749276376,0.506437578651846,0.286983983722646,0.506496307932019,0.21438244356475,0.0200975173315507,1.88990036554698,1.95018035790441,1.96633768196615,3,5,5
"147",0.282973088746013,0.506389972329705,0.285268808034848,0.506445820201153,0.212525455172382,0.0198984305617023,1.89168031891161,1.95199969729338,1.96812167794624,3,5,5
"148",0.281267864561694,0.506351031896545,0.283572952200483,0.506395746584965,0.210690926588318,0.0197020863609311,1.8934053791387,1.95374007284161,1.96985556466722,3,5,5
"149",0.279605398102182,0.506295302292079,0.281899574371893,0.506346384466144,0.208878538144652,0.0195081595394546,1.89510560395422,1.9555014653313,1.97164096219464,3,5,5
"150",0.277974265173022,0.506257525441511,0.280262754951905,0.506297485174665,0.207088014785917,0.0193169993496199,1.8967984277514,1.95722378055217,1.97330656930074,3,5,5
"151",0.276364207879227,0.506199648236912,0.27864716551037,0.506249473479611,0.205318970639277,0.0191285847094999,1.89838703496446,1.95888800424259,1.97501515602022,3,5,5
"152",0.274780019994457,0.506158050548433,0.277058025508535,0.506203184178801,0.203571104757072,0.0189430240460539,1.90001043818876,1.96056768500801,1.97670034499823,3,5,5
"153",0.273225122422652,0.506112222449501,0.275502684226726,0.506158105826835,0.201844051680799,0.01875994403262,1.90154456191136,1.96216031425543,1.97831519242022,3,5,5
"154",0.271687345072141,0.506064381786998,0.273967588502395,0.50611377159398,0.200137496072356,0.0185794523277262,1.90308368055023,1.9638004267484,1.97998877505494,3,5,5
"155",0.270182214718783,0.506031199851548,0.272467940884843,0.506071315207767,0.198451161299156,0.0184016996360377,1.90465772127481,1.96539858942931,1.98164653265052,3,5,5
"156",0.268710202616005,0.505987134608988,0.271002897192527,0.506031870686284,0.196784750835319,0.0182262727346667,1.90613546647915,1.966928621,1.98320169965891,3,5,5
"157",0.267263504370554,0.505952700157551,0.269563628003912,0.505993980535568,0.19513799937869,0.0180531732568192,1.90758577534449,1.96841579811672,1.98477304173468,3,5,5
"158",0.265842432229802,0.505918346249971,0.268147507892271,0.505957898508912,0.193510591870446,0.0178822355946975,1.90910293847756,1.96991628025905,1.98634645816251,3,5,5
"159",0.264427022304614,0.505879228136322,0.266755105126504,0.505924000646205,0.191902178921311,0.0177135205269274,1.91055835278301,1.97143324003308,1.9879204218695,3,5,5
"160",0.263054401639227,0.505845316714568,0.265372435750571,0.505890606688366,0.190312609604889,0.0175472060746857,1.91201080383195,1.97287805523418,1.98942480342963,3,5,5
"161",0.261685473735338,0.505811157950168,0.264006065198475,0.505858452119516,0.188741451432161,0.0173828026963321,1.913442648019,1.97433409542909,1.99094981851489,3,5,5
"162",0.260338921938429,0.505780155082818,0.262650340186981,0.505827399783495,0.18718851895106,0.0172204118331459,1.91487645060238,1.97577460744669,1.99246500320174,3,5,5
"163",0.259017124962161,0.50575040019806,0.261316654424425,0.505796742715173,0.18565346032233,0.0170597527794203,1.91631643534851,1.97720270533395,1.99395698608468,3,5,5
"164",0.257695182102998,0.505715889231062,0.260001082162141,0.505766241739955,0.18413601310481,0.0169007757234495,1.9177014301506,1.97862943871716,1.9954064179756,3,5,5
"165",0.256409988649762,0.505690213431687,0.258706126449359,0.50573660710715,0.182635956658354,0.0167435150579611,1.91911248299466,1.98006241318766,1.99693242737868,3,5,5
"166",0.255137948495487,0.505652518218544,0.257435470846784,0.505707367517768,0.181153055502573,0.0165883165521988,1.92049615655755,1.9814326041301,1.99834767965697,3,5,5
"167",0.253885880918454,0.505628120849879,0.256183675734463,0.50567740842729,0.179687021831686,0.0164352976705483,1.92180652911677,1.98280359315861,1.99977931916558,3,5,5
"168",0.252635813844424,0.505591301620678,0.254952674680516,0.505647891151369,0.178237575590635,0.0162839456377252,1.92320261628649,1.98422279895098,2.00121289655473,3,5,5
"169",0.251434642602461,0.505571977824576,0.253742788818802,0.505617339550733,0.17680455262705,0.0161345038565373,1.92442935701208,1.9855139598808,2.00260517905995,3,5,5
"170",0.250227250162324,0.505537980898084,0.252550118391794,0.505587749769606,0.175387671091971,0.0159870380085364,1.92567008588342,1.98684607452559,2.00399991186624,3,5,5
"171",0.249049821952615,0.505512864372323,0.251362821981053,0.505558333607306,0.1739867463512,0.0158412118279456,1.92695860940135,1.98817763788854,2.00536631890131,3,5,5
"172",0.247867943112989,0.50548102840552,0.250199154793365,0.505528434573418,0.172601411164685,0.0156973123517467,1.9281602098448,1.98944444315577,2.00675340319556,3,5,5
"173",0.246718824190876,0.505456743642566,0.249049432999022,0.505499690408921,0.171231530379552,0.0155553322204569,1.92935191083824,1.99073708643118,2.00805460097947,3,5,5
"174",0.245575855407143,0.505431122029094,0.247912356960412,0.505472544165116,0.169876820216168,0.0154151238475536,1.93057716408389,1.99201058555891,2.00943625887546,3,5,5
"175",0.244440893762441,0.50540769128313,0.246778187364683,0.50544617462465,0.168537068905011,0.015276776870719,1.93184518636675,1.99326452959639,2.01072684154712,3,5,5
"176",0.243336287027948,0.505384692744823,0.24565223900577,0.505421453759894,0.167212040976045,0.015140386730802,1.93305500867051,1.99449217913593,2.01202436760208,3,5,5
"177",0.242224533073036,0.50535067253715,0.244548460919703,0.50539767083266,0.165901490192261,0.0150054952637977,1.93427808815902,1.99573084334748,2.01333035552894,3,5,5
"178",0.241139511810624,0.505333091846868,0.243455798431313,0.505374212509024,0.164605260002102,0.0148722253455523,1.93555691905737,1.99692360801274,2.01459523971103,3,5,5
"179",0.240056091778253,0.505310720075981,0.242371378428479,0.505352158997317,0.163323076178061,0.0147405488356702,1.93677247975987,1.99812168218643,2.01587941835593,3,5,5
"180",0.239005151117452,0.505286986704308,0.241312142300292,0.50533010839868,0.162054799454674,0.0146103267321612,1.93794411056822,1.99928134992316,2.01711074495839,3,5,5
"181",0.237958993111321,0.50526964193797,0.240267474417557,0.505307956350688,0.160800259594463,0.0144817192713032,1.93916276712615,2.00043155899294,2.01834551524003,3,5,5
"182",0.236936571820893,0.505246025435556,0.239231047990034,0.505285381583076,0.15955923244183,0.0143549878607211,1.94025408050902,2.00153984282236,2.0195610043704,3,5,5
"183",0.235920988704567,0.505224408220807,0.238223581863091,0.505264237262609,0.158331547322513,0.0142298880495909,1.94139643217962,2.00269595714382,2.02078958100767,3,5,5
"184",0.234923365429339,0.505202079312352,0.237226600804938,0.505242496433524,0.157117019513609,0.014107019151934,1.94249541609471,2.00376695848573,2.0220022237958,3,5,5
"185",0.233928783597787,0.505176429410697,0.236240130752304,0.505221155318689,0.15591545204316,0.0139857708232632,1.94357872408609,2.00492126836313,2.02323420662067,3,5,5
"186",0.232967535265448,0.505161469836209,0.235260586216048,0.505198672603004,0.154726717976173,0.0138659829997803,1.94463572937854,2.00599716324815,2.02441899966366,3,5,5
"187",0.231996277230903,0.505135697426921,0.234303636132315,0.505176101991204,0.153550606987931,0.0137476319402615,1.94568754219993,2.00706876661428,2.02562048266242,3,5,5
"188",0.231065693430029,0.505111089806627,0.233355552807718,0.505154512240969,0.152386988790737,0.0136305443181427,1.94665709756781,2.00813722128709,2.02677483393617,3,5,5
"189",0.230105769304704,0.505089907433677,0.232418796068006,0.50513387937808,0.15123558878847,0.0135144838631628,1.9477130602366,2.0092230064103,2.02798401789744,3,5,5
"190",0.229188415170478,0.5050707762898,0.231501846356391,0.505114768954826,0.150096310914691,0.0133995602784608,1.94872524074406,2.01030596718564,2.02914677131545,3,5,5
"191",0.228267326149337,0.505055363461481,0.23059120345272,0.50509722930873,0.148968973178262,0.0132858987737177,1.94977159030094,2.01137182503464,2.03032204833787,3,5,5
"192",0.227362905179172,0.505030998041504,0.229689306581018,0.505080619556673,0.147853413738966,0.0131737445811027,1.95082062316568,2.01242191465556,2.03146512410562,3,5,5
"193",0.226470964980192,0.505026148000833,0.228800277146688,0.505064526299224,0.14674947256304,0.0130630276797138,1.95189492469972,2.01348708147959,2.03259537054956,3,5,5
"194",0.225591215531154,0.505006490377586,0.22792416993767,0.505047642190318,0.145657030226467,0.0129535380135013,1.95295264717221,2.01451797672403,2.03373674341774,3,5,5
"195",0.224721670877734,0.504986390126475,0.227057990670132,0.505031866462877,0.14457593269114,0.0128453793697917,1.95400832139466,2.01557669525437,2.03488020391637,3,5,5
"196",0.223874409153957,0.504973455007361,0.226196769364661,0.505016049089206,0.143506025876337,0.0127384314567532,1.95505484793582,2.01658203219565,2.03596307599099,3,5,5
"197",0.223022898624428,0.504960202984528,0.225349145302558,0.505000265210546,0.142447157761283,0.0126326990591692,1.9561038930016,2.01761323245881,2.03707742846552,3,5,5
"198",0.222200611149685,0.504947852808525,0.224511292453155,0.504984716986791,0.141399195990579,0.0125281943061998,1.9571414978537,2.01859801021099,2.03816543930376,3,5,5
"199",0.221374351162613,0.504933594713084,0.223678220713573,0.504968639460714,0.140361987734837,0.0124249013422926,1.95819188794949,2.01965729724307,2.03926695705561,3,5,5
"200",0.220564353573458,0.504915039339197,0.22286348790099,0.50495379166242,0.139335399808668,0.0123228142919916,1.95917289516323,2.02061940813667,2.04033716866204,3,5,5
"201",0.219785900637083,0.504909048933082,0.222054544282714,0.504939374090842,0.138319342558876,0.0122219541834537,1.96018179266295,2.0216408345284,2.04142136308852,3,5,5
"202",0.218991723018049,0.50489209969133,0.221265619403893,0.504923762097601,0.13731359709613,0.0121224379103494,1.96111792694237,2.02263139450679,2.04246989166029,3,5,5
"203",0.21821880816157,0.504878718912234,0.220492768878163,0.504908905607843,0.136318061548842,0.0120242919762015,1.96207013699628,2.0236514584746,2.04356230484963,3,5,5
"204",0.217450082749971,0.5048550150495,0.219725647718055,0.50489319362637,0.135332597073447,0.0119274457372974,1.96298195330141,2.0246581328608,2.04461624460473,3,5,5
"205",0.216690209286751,0.504843296070774,0.218972500452527,0.504877604169681,0.134357035242755,0.0118314837686518,1.96390419961809,2.02562164644374,2.04564933857805,3,5,5
"206",0.2159519628414,0.504827798064131,0.218229414179221,0.504862689051242,0.133391296997574,0.011736833970005,1.96481625358741,2.02660973745391,2.04668213769751,3,5,5
"207",0.215202495988598,0.504809276435202,0.217479068445178,0.504847870387704,0.132435196049496,0.0116431629789123,1.96570491049053,2.02759618164558,2.04774516258574,3,5,5
"208",0.214485495115909,0.504795713719322,0.21675251206608,0.504832963455904,0.131488667181621,0.011550383483747,1.96658857103236,2.02853887461151,2.04874381324769,3,5,5
"209",0.213762109349538,0.504789372065504,0.216033152624842,0.5048190237857,0.130551553018435,0.0114585927569997,1.96750147071294,2.02951149755175,2.0497803833393,3,5,5
"210",0.213045932177377,0.504768769726011,0.215310102645366,0.504806100576615,0.129623728779257,0.0113676900922681,1.96837936371008,2.03045023552729,2.05082289982029,3,5,5
"211",0.212340878172849,0.504758968407415,0.214606073941597,0.504793545293229,0.12870505705334,0.0112777776350139,1.96925847990408,2.03138025576023,2.05181308146936,3,5,5
"212",0.211646665735972,0.504743247830392,0.213909330959755,0.504781057315243,0.127795458692277,0.0111887411296248,1.97016963794758,2.03234132379487,2.05286742464523,3,5,5
"213",0.210967479809439,0.504739723296218,0.21322923591162,0.504769205995716,0.126894808937362,0.0111007196710543,1.97112484684974,2.03326674134187,2.05385515757772,3,5,5
"214",0.210277407243622,0.504717971504028,0.212561483125831,0.504756895401327,0.126002990791409,0.0110133718290665,1.97201072511053,2.0342019937333,2.0548870568137,3,5,5
"215",0.209623232753628,0.50471367884835,0.211903579088278,0.504744583131764,0.125119934025652,0.0109269089840506,1.97294700694394,2.03512845416264,2.05585590456509,3,5,5
"216",0.208971965717502,0.504705452823056,0.211249033864588,0.504732769095628,0.124245554625211,0.0108415452509709,1.97383984634767,2.03598146881339,2.05681370316325,3,5,5
"217",0.208318894062781,0.504690412729418,0.210607168983838,0.504720935866488,0.123379677661154,0.0107572148073336,1.97466997742487,2.0368984065333,2.0577789269637,3,5,5
"218",0.207681112090197,0.504679675327946,0.20997664145423,0.504708356066476,0.122522264021892,0.0106736705339082,1.97560593267537,2.03776892552372,2.05877417612422,3,5,5
"219",0.207065638029638,0.504669283236089,0.209355504155094,0.504696389658239,0.121673206971734,0.0105911696566351,1.97640731326274,2.03862212936337,2.05966112775323,3,5,5
"220",0.206446486526214,0.504658110961578,0.208750912025639,0.504685344268603,0.120832418867658,0.0105094632186123,1.97725380084226,2.03944559068826,2.06057798965722,3,5,5
"221",0.205853685595452,0.504647269822661,0.208148492451181,0.504675308479293,0.119999814645658,0.0104285749834164,1.97800869864984,2.04025502447171,2.06142944934769,3,5,5
"222",0.205245426517424,0.504635923080044,0.207559984363691,0.50466485500437,0.119175234005356,0.0103486140775175,1.97883507342937,2.04111066408663,2.0623676842326,3,5,5
"223",0.204672960236291,0.504632912912062,0.206974024556919,0.504656411239474,0.118358667342047,0.0102694528968521,1.97961220464382,2.04186420346887,2.06318573301219,3,5,5
"224",0.204084303262688,0.504622175093859,0.20640708538152,0.504647087228848,0.117549950408314,0.0101912198925265,1.98039391679877,2.04269023764923,2.06407831323742,3,5,5
"225",0.20351466308376,0.504611105124135,0.20583115256449,0.504639078217878,0.116748994007457,0.0101136737909532,1.98113791114081,2.04349184576834,2.06492204338186,3,5,5
"226",0.202959457983957,0.504601324866334,0.205271664418623,0.504631123309855,0.11595575122915,0.0100367884838597,1.98187321444423,2.04418811024227,2.06570004637695,3,5,5
"227",0.202407818987908,0.504600556034472,0.204711531348511,0.504623379433309,0.115170090360273,0.00996089465074879,1.98258659995808,2.04499684832637,2.06655630121497,3,5,5
"228",0.20184692388701,0.504594150820477,0.204156821752806,0.504615560606382,0.114391892806636,0.00988577524541823,1.98332795461878,2.04569531621174,2.06732746735954,3,5,5
"229",0.201319616822921,0.504581839028254,0.203614639735667,0.504608479295209,0.113621127296569,0.00981140966590299,1.98401167369432,2.04648021986226,2.06817411554149,3,5,5
"230",0.200780813598998,0.50457310575257,0.203079647044047,0.504601663489318,0.112857670076165,0.00973784505791464,1.98474239592132,2.04717921351287,2.06893018136641,3,5,5
"231",0.20025745906172,0.504569257783409,0.202549736905655,0.504595006425738,0.112101435015886,0.00966498138437366,1.98543071239075,2.04790045892225,2.06969563841292,3,5,5
"232",0.199747434493607,0.504562156069191,0.202033634523241,0.504587485272198,0.111352366537324,0.00959271992163735,1.98620021428686,2.04860068666712,2.0704676853621,3,5,5
"233",0.1992360094097,0.504559475709043,0.201523134056589,0.504580463361606,0.11061033633737,0.00952125618423616,1.98679523534864,2.0492788476358,2.0711989556848,3,5,5
"234",0.198737921305021,0.504546346753336,0.201023502447722,0.504572731597244,0.109875302914533,0.00945049167511758,1.98751669366705,2.04996781339502,2.07195353800788,3,5,5
"235",0.19823916176943,0.504537035916032,0.200530661658766,0.504565181087202,0.109147132304242,0.00938034995149084,1.98812171664398,2.0506474070045,2.07265581165511,3,5,5
"236",0.197763987337103,0.504532651076207,0.200047908719854,0.504557955154249,0.108425807021273,0.00931084567113782,1.98875483234054,2.05126773696747,2.07337596897484,3,5,5
"237",0.197285900718469,0.504532402680096,0.199564674664356,0.504550489928272,0.107711208436897,0.00924217299040642,1.989409212801,2.05194389924561,2.07408650518846,3,5,5
"238",0.196816596516998,0.504525083841918,0.199097005563412,0.504543305762119,0.107003292130796,0.009174151285268,1.99006115088159,2.05261113338818,2.07478874479041,3,5,5
"239",0.196375372222851,0.504518219654396,0.198629286649811,0.504535760350884,0.106302007606215,0.00910676891635032,1.99061988715769,2.05323809196951,2.07547615551254,3,5,5
"240",0.195905234607629,0.504511767405679,0.198166416807639,0.504528277541458,0.105607203175085,0.00903997358837871,1.99122575243293,2.05387849092322,2.07614841547582,3,5,5
"241",0.195459088836862,0.5045047433079,0.197713802206084,0.504520076842543,0.104918845370193,0.00897388129256138,1.99181119719966,2.0545367605611,2.07686183790119,3,5,5
"242",0.195026629333865,0.504494813935037,0.197265988400911,0.504513041813183,0.104236871761745,0.00890846762955333,1.99237172816067,2.05513075114202,2.07750323587215,3,5,5
"243",0.194585949513294,0.504490654026413,0.196834926098957,0.504506337325222,0.103561174990946,0.00884379123340973,1.99292944290742,2.0557697635158,2.07817228057593,3,5,5
"244",0.194153357773941,0.504483028483011,0.196405390060854,0.504500046062603,0.102891685555791,0.00877997816637877,1.99350005511238,2.05639128994334,2.07882729690235,3,5,5
"245",0.193736491733974,0.504470989831403,0.195981277117014,0.504495017050997,0.10222837252686,0.00871690414117865,1.9940589469097,2.05704913341031,2.07950509550458,3,5,5
"246",0.193314543672809,0.504466050695565,0.19556409829959,0.504489350176391,0.101571131213657,0.0086544755815241,1.99463876371422,2.05762773293009,2.08014521181397,3,5,5
"247",0.192902039120508,0.504457740211661,0.195156029404886,0.504484170625676,0.10091988677961,0.00859262207604194,1.99515014916777,2.05825175144677,2.08077399109088,3,5,5
"248",0.192481796596156,0.504455588435912,0.194745012113112,0.504478867884129,0.100274545216806,0.00853127922022046,1.99573472350522,2.05889059582971,2.08145291623883,3,5,5
"249",0.192091697479476,0.504452394772139,0.194337150156093,0.504474213105034,0.0996351038546863,0.00847049318278759,1.9962711998453,2.05948584721783,2.08206203659369,3,5,5
"250",0.191690577593804,0.504445720811249,0.193941655587487,0.50446861549386,0.0990014354802524,0.00841018347862488,1.99684551338754,2.06007614621615,2.08269741014334,3,5,5
"251",0.19129715890342,0.504434955883277,0.193551178945155,0.504464261897179,0.098373506813307,0.00835037825345475,1.99741709041356,2.06070755899063,2.08334005386793,3,5,5
"252",0.19092057454321,0.504438694440302,0.193155243184562,0.504458859355754,0.0977512676868931,0.00829134877094984,1.9979743157953,2.06123247280612,2.08389353769348,3,5,5
"253",0.190532208864201,0.504430225749325,0.19277682328004,0.504453840811064,0.0971346063216701,0.00823303361596217,1.99844544224208,2.06184414314002,2.08450671535545,3,5,5
"254",0.190154699338163,0.50442469256226,0.192397561776836,0.504448454782327,0.0965234961939831,0.00817537077788422,1.99902489908299,2.06243304030515,2.08512911817962,3,5,5
"255",0.189787155494813,0.50441762823514,0.192021764397629,0.504443258851914,0.0959178551090036,0.00811840585076706,1.99945191701299,2.0629551436572,2.08567512416033,3,5,5
"256",0.189423379791915,0.504417341969885,0.191647936963114,0.504438568687796,0.0953176395964609,0.00806217303356305,2.0000202158656,2.06350298687162,2.08621106557435,3,5,5
"257",0.189054769280141,0.504412456101751,0.191285035257555,0.50443405796129,0.0947227605713629,0.00800654642649679,2.00052957981266,2.06407743378506,2.08682010316053,3,5,5
"258",0.188691709964798,0.504408233167717,0.190922847514514,0.504428970954888,0.0941331585390146,0.00795159089907604,2.0009813299154,2.06466008239058,2.08740928544892,3,5,5
"259",0.188347094349098,0.504400626984571,0.190561510292937,0.504424062491159,0.093548788738951,0.00789733210407162,2.00142443031902,2.06510235337907,2.08787913744547,3,5,5
"260",0.187993854273615,0.504397276578044,0.190203341111668,0.504420250245485,0.0929695916345681,0.00784361992167404,2.00195612599103,2.0657038753227,2.08847980580657,3,5,5
"261",0.187655611270573,0.504398387609093,0.189843871312778,0.50441640310941,0.0923955266959879,0.00779057790131155,2.00239390455087,2.06619410748914,2.08898693451565,3,5,5
"262",0.187306454190226,0.504390114952174,0.18949672958022,0.504412915798801,0.0918265064662292,0.00773801687404929,2.00288600887924,2.06674091428226,2.0895498069422,3,5,5
"263",0.186979343560963,0.504396192669516,0.189157807030447,0.504409319458758,0.0912624974864937,0.00768601164322791,2.00332345661529,2.06725524753085,2.09007929583251,3,5,5
"264",0.186632961625443,0.504385034510132,0.188811978355983,0.504405816211152,0.0907034156788886,0.00763435695035741,2.00383867804568,2.06775769345996,2.09056438938975,3,5,5
"265",0.186314584237835,0.504386028988313,0.188483752363522,0.50440256190001,0.0901492299297808,0.00758321863258637,2.00419928178734,2.06824321600341,2.09106216246029,3,5,5
"266",0.185977844083593,0.504384452984991,0.188148432568547,0.504399515989706,0.0895998564822499,0.00753270783653381,2.00474556727199,2.06877049173245,2.09162721159249,3,5,5
"267",0.185671138201315,0.504381092968417,0.1878210168352,0.504396370881113,0.0890552929192294,0.00748281274998286,2.00515520470401,2.06926587988263,2.09210917548521,3,5,5
"268",0.185345689491896,0.504375582411129,0.187502215057795,0.504393600515267,0.0885154451336843,0.0074335042068171,2.00563516565737,2.06980594168387,2.09262945862106,3,5,5
"269",0.185038438637289,0.504375350209467,0.187188767823182,0.504390687381372,0.0879802750869632,0.00738470644715539,2.00604163984889,2.07023755328067,2.09306030187937,3,5,5
"270",0.18472870054356,0.504367133763249,0.186872497954161,0.504387973030056,0.0874497315100761,0.00733632240590298,2.00645103312585,2.07079514843501,2.09359237673433,3,5,5
"271",0.1844310905236,0.504362305162329,0.186560458013472,0.504385257641094,0.0869237572602805,0.00728831221392257,2.00688612135004,2.07125664211543,2.09405625928421,3,5,5
"272",0.184132336349011,0.504361807020438,0.186250945828714,0.504381678484812,0.0864023208837652,0.00724073206161668,2.00728621985749,2.0717015430197,2.09446920739539,3,5,5
"273",0.183835157483944,0.504364222025215,0.185938698087978,0.504378075807905,0.0858853557729647,0.00719367002345728,2.00766027302574,2.07218695815441,2.09493951577659,3,5,5
"274",0.183546270650656,0.504359016291792,0.185634529622454,0.504374448535574,0.0853728427272306,0.00714712331482281,2.00808413426347,2.07265759616232,2.09537884438474,3,5,5
"275",0.183258213426312,0.504351763682356,0.185336610978794,0.50437081431801,0.0848647095116374,0.00710098046951224,2.00839915107213,2.07306334484899,2.09576277127877,3,5,5
"276",0.182974788361484,0.504350042655138,0.185039882772811,0.504366929759598,0.0843609263063686,0.00705527694776276,2.00882646630469,2.0735431091935,2.09621385896914,3,5,5
"277",0.182697014950161,0.504347354603401,0.184744690105316,0.504363319161868,0.0838614498101103,0.00700996613726457,2.00925013345139,2.07399329771582,2.09662342323446,3,5,5
"278",0.182415916943401,0.504346468445426,0.184459139835444,0.504360595974561,0.0833662160130487,0.00696523262679227,2.00956601591821,2.0744228971282,2.09704407606375,3,5,5
"279",0.182145355238852,0.504343491213439,0.184182204114492,0.504357238072685,0.0828751882624135,0.00692105108283914,2.00993426680649,2.07482472282837,2.09740985689954,3,5,5
"280",0.181876054688377,0.504342287956123,0.183901927450698,0.504355501178026,0.0823883215541173,0.00687728975321533,2.01035809879811,2.07527300264528,2.09783085656927,3,5,5
"281",0.18160922475729,0.504334793794586,0.183628019809839,0.504353734741123,0.0819055734975705,0.00683404894129447,2.01066000819441,2.07567926037445,2.09821393316464,3,5,5
"282",0.181344769930321,0.504329597100306,0.183351882233668,0.504350900183951,0.0814268976157753,0.00679121874597288,2.01105273081772,2.07610122028524,2.09857801669688,3,5,5
"283",0.181096916272746,0.504336235805312,0.183083841979872,0.504349171383938,0.0809522553579836,0.00674879890628688,2.01141776161616,2.07652307337725,2.09898473708815,3,5,5
"284",0.180838957988968,0.504330872174868,0.182817803599371,0.50434599593467,0.0804816180450887,0.00670677323405111,2.01180177877092,2.0769126787395,2.09934829188671,3,5,5
"285",0.180588159336218,0.504324859354056,0.182555916686895,0.504343123431664,0.0800149185274801,0.00666510804743692,2.01209419877626,2.07729190183885,2.09969138352283,3,5,5
"286",0.180335365109791,0.504321299372727,0.182285794521027,0.504340291726756,0.0795521241788232,0.00662381911758159,2.01247079841717,2.07774135615604,2.10009142805289,3,5,5
"287",0.180096013609192,0.504321773131317,0.182030649383212,0.504337221628757,0.0790931977400949,0.00658303432996965,2.01277783664673,2.07809869353163,2.1004523326095,3,5,5
"288",0.179835135459012,0.504317904952682,0.181774396161349,0.50433313122376,0.0786380728556641,0.00654265481369742,2.01313510565787,2.07851290303737,2.10080223040479,3,5,5
"289",0.17959702834243,0.504310797355091,0.181518988609412,0.504328925777186,0.0781867291669254,0.00650273092719211,2.01346281805454,2.07891472427849,2.10118005813683,3,5,5
"290",0.179346236997015,0.504310882039715,0.181266389160239,0.504324826101628,0.0777391120090761,0.00646326907897177,2.01379738373501,2.07932028231987,2.10154490486083,3,5,5
"291",0.179116928785097,0.504308062918317,0.181028877339737,0.504321366893338,0.0772951959648951,0.00642410903297919,2.01408206937448,2.07965391818131,2.10185506748258,3,5,5
"292",0.178869375893205,0.504307568287023,0.180779255314674,0.504318120743421,0.076854915391274,0.00638526179974264,2.01443390678664,2.08009762150012,2.10226140939597,3,5,5
"293",0.178632709328138,0.504302259108776,0.180555447936465,0.504315638855314,0.0764182355608926,0.00634687332689465,2.01469191909283,2.08045373061614,2.10260176076817,3,5,5
"294",0.17839642053244,0.504303787582534,0.180306527241318,0.504313413405152,0.0759851226461668,0.00630883015057049,2.01502157952886,2.08086733432401,2.10295546373236,3,5,5
"295",0.178168193414867,0.504294559065415,0.180077116767197,0.504311355631305,0.0755555411553131,0.00627118693242046,2.01530807560552,2.08120606026902,2.10327675517848,3,5,5
"296",0.177929470548018,0.504299435910841,0.179845578597265,0.504309987718682,0.0751294289679002,0.00623397971890072,2.01565893348812,2.08162922565099,2.10364381963167,3,5,5
"297",0.177709618595331,0.504296794072256,0.179620956221166,0.504308529454251,0.0747067888141522,0.00619709716722094,2.01596753868798,2.08198641185012,2.10397900899712,3,5,5
"298",0.177470922289403,0.504288418610551,0.179394810663707,0.504307356464243,0.0742875385686476,0.00616049028927024,2.01625311225344,2.08236386178965,2.10430829989175,3,5,5
"299",0.177257318783355,0.504287048459051,0.179171859263785,0.504305679348188,0.0738716833628812,0.00612416921263481,2.01656367057993,2.08274098478681,2.10467450058718,3,5,5
"300",0.17701525715098,0.504288679536472,0.178943781360427,0.504303970446919,0.0734591391818485,0.00608814842464322,2.01694827352306,2.08315033739529,2.10502479204167,3,5,5
"301",0.176807232928551,0.504291066216982,0.178722767084272,0.504302354494318,0.0730499213217993,0.00605247381346308,2.01724076418222,2.08348185120576,2.10534759177344,3,5,5
"302",0.176577576270763,0.504282212567268,0.178500710506226,0.504300141212368,0.0726439529965435,0.0060171302045583,2.0175592307048,2.0839013039276,2.1057270532069,3,5,5
"303",0.176359299153706,0.50428446905603,0.17828145250745,0.504297502255609,0.0722412229732761,0.00598209572740049,2.01783508953942,2.08423580290397,2.10604703218316,3,5,5
"304",0.17614261350071,0.504287345874649,0.17805682496887,0.504295649807692,0.0718416900717501,0.00594728996307015,2.01818869738185,2.08464652124217,2.10640159098044,3,5,5
"305",0.175934924697936,0.504278661254399,0.177836994853979,0.504292983075314,0.0714453277377323,0.00591274506706285,2.01849596216367,2.08500573194397,2.10676423388663,3,5,5
"306",0.175719775366415,0.504274049516695,0.177618500808677,0.504290503544142,0.0710520925360955,0.00587844730496612,2.01879623986495,2.08540270529357,2.10710143764136,3,5,5
"307",0.175519491635308,0.504276503270848,0.177411437733788,0.504288553741984,0.0706619687487104,0.0058445137343015,2.01902907600898,2.08574292630192,2.10743307343631,3,5,5
"308",0.175306744624114,0.504277991538807,0.177196114530774,0.504286295741557,0.0702749020447209,0.00581084444976865,2.01938788543433,2.08615646587137,2.10782167922537,3,5,5
"309",0.175108254518549,0.504268067168568,0.176982822120814,0.504284313635938,0.0698908755588184,0.0057774703458412,2.019621744825,2.08649526198646,2.10814617392767,3,5,5
"310",0.174903683600668,0.504272811441742,0.176771345978039,0.504282805966267,0.0695098502577852,0.00574434023426973,2.01996432720151,2.08686596599879,2.10847855855436,3,5,5
"311",0.174702734574341,0.50426841930099,0.176568514073497,0.504281335704563,0.069131794642433,0.00571145600668044,2.02023061424122,2.08724637935281,2.10886765711452,3,5,5
"312",0.174504077313767,0.504268179688302,0.176355885435387,0.50428009164475,0.0687566884042012,0.0056788264790989,2.020543085368,2.08762123374597,2.10921046210455,3,5,5
"313",0.17432198229911,0.504269326329594,0.176158130694989,0.504278669716533,0.0683845062627688,0.00564648856437133,2.02077606731664,2.08791873213031,2.10950344190887,3,5,5
"314",0.174114604370993,0.504266113459701,0.175957805326754,0.504276328434817,0.0680151910375729,0.00561435808171862,2.02112295787416,2.08834562569534,2.10991670713208,3,5,5
"315",0.173927461301794,0.504262203153929,0.175778592504528,0.504274943711857,0.0676487313764932,0.00558246160780362,2.02136140117821,2.08865556864977,2.11023977069109,3,5,5
"316",0.173735226037419,0.504263489155923,0.175582470320546,0.504273185888903,0.0672851045203065,0.00555076636762231,2.02168413873874,2.08900252296143,2.11058548561975,3,5,5
"317",0.173553741423892,0.504259873971558,0.175387403049232,0.504270583584683,0.0669242778039295,0.00551927175476685,2.02199381123915,2.08934823643369,2.11092501781212,3,5,5
"318",0.173363360810272,0.504261997581695,0.175204135553611,0.504268621930971,0.0665662175191403,0.00548803314410018,2.02225045900703,2.0897077982322,2.1112791156563,3,5,5
"319",0.173182179424141,0.504255246798174,0.175009432904503,0.504266493224453,0.066210905347715,0.0054570590236156,2.02248976728117,2.09000744822769,2.11160183056529,3,5,5
"320",0.172998040315385,0.504252455340365,0.174833095351183,0.504264572618609,0.0658583040323473,0.00542631900092061,2.02281606859456,2.09038574641814,2.1119669921612,3,5,5
"321",0.172828937551362,0.504256596297956,0.174642213188276,0.504262653117291,0.0655084106665307,0.00539588575755889,2.02304751231408,2.09069217270863,2.11228623941196,3,5,5
"322",0.172641402719406,0.504251959009791,0.174472015089893,0.504261060217397,0.065161167588624,0.0053656655839005,2.02330615339284,2.09102715548174,2.11261659158716,3,5,5
"323",0.172476827842227,0.504249577003405,0.174286507488645,0.504259509997621,0.0648165804033998,0.00533572336177868,2.02351010178927,2.09133617125868,2.11292847895356,3,5,5
"324",0.172296929684076,0.504246031419291,0.174116905334257,0.50425844334914,0.0644745971411415,0.00530609349312017,2.02385172845051,2.0916886715285,2.11331087049371,3,5,5
"325",0.172132508744899,0.504248152776966,0.173931848348543,0.504256087315878,0.0641352127410756,0.00527674586363336,2.02406821545287,2.09200541914268,2.11359795563669,3,5,5
"326",0.171958256398765,0.504245217505504,0.173758861866977,0.504254926784569,0.0637983884014183,0.00524760184731665,2.02435705686399,2.09235757249397,2.11394545908761,3,5,5
"327",0.171795666683725,0.50424426905137,0.173583566388952,0.504253589443172,0.0634641084429459,0.00521876144414879,2.02453626560914,2.09266133874791,2.11424928483366,3,5,5
"328",0.171619426158543,0.504241616474881,0.173409760785955,0.504252424458162,0.063132326819216,0.00519027496288438,2.02487303525631,2.0929851932788,2.11458880828339,3,5,5
"329",0.171464868494443,0.504244038952683,0.17324923920839,0.50425095927434,0.0628030465443163,0.00516207611112474,2.02508102447353,2.09330263551252,2.11489034141373,3,5,5
"330",0.171287707012092,0.504234747351117,0.173077343928254,0.504249005701335,0.0624762131758446,0.00513404805402873,2.02536365673221,2.09364877862875,2.11521475605433,3,5,5
"331",0.171133451695455,0.504241979509583,0.172910361149683,0.50424814393837,0.0621518320173959,0.00510623377973618,2.02557220171171,2.09393519574436,2.11547899602324,3,5,5
"332",0.170964112568437,0.504236684573672,0.17275162582263,0.504245825652893,0.0618298459064361,0.00507861817809308,2.02584565776622,2.09424043031106,2.11581813771276,3,5,5
"333",0.170817126814141,0.504235676720259,0.172590811992612,0.504244937264677,0.0615102629197359,0.00505122157315929,2.02603310623998,2.0945586110257,2.1160817662181,3,5,5
"334",0.170642764083574,0.504231297535066,0.172425170406423,0.504242836938333,0.0611930315415233,0.0050240190485622,2.02631283616282,2.09489237724256,2.11639709751632,3,5,5
"335",0.170488715495982,0.504236929973267,0.172263115365627,0.504242145979836,0.0608781388211144,0.00499712966125643,2.02653614757311,2.09518040198582,2.11668927417304,3,5,5
"336",0.170332211008586,0.504233067172021,0.172109287063562,0.504239944578655,0.0605655633171946,0.00497045983283506,2.02673031563319,2.09546732999511,2.11696037377784,3,5,5
"337",0.170178636915024,0.504231169866071,0.171948494296067,0.504238891448502,0.0602552899905467,0.00494399244570609,2.02697504687694,2.09576194341284,2.11721693345271,3,5,5
"338",0.170024843308247,0.504229501792454,0.171791927409035,0.50423735620431,0.0599472952605356,0.00491776390303966,2.02724406605941,2.0961052505434,2.11755563387542,3,5,5
"339",0.169879171541116,0.504234839055153,0.171636064756739,0.504235650426188,0.0596415528060432,0.00489174187281449,2.02737063501848,2.09633563914731,2.11775951677485,3,5,5
"340",0.169718849505388,0.504226985162907,0.171479346478155,0.504234773466578,0.0593380319830464,0.0048658366342339,2.02765126817236,2.0966824651894,2.11809066043164,3,5,5
"341",0.169582816405468,0.504231550550458,0.171334881421054,0.504233358039786,0.059036747088893,0.00484013393178429,2.02784273560519,2.09694028226389,2.11831621115861,3,5,5
"342",0.169427664523809,0.504230316646289,0.171176910816171,0.504233101795184,0.0587376364104906,0.00481465864878439,2.02810948211297,2.09728392890888,2.11863880899915,3,5,5
"343",0.169288533312164,0.504227555933852,0.171024973872821,0.504232731365224,0.0584407043700568,0.00478940060738575,2.02833965330301,2.09751313477846,2.11883208622354,3,5,5
"344",0.169134685450332,0.504230710382652,0.170871374811703,0.504231964970796,0.0581459158167174,0.00476436261249857,2.02858234458823,2.09785020885482,2.11915772346449,3,5,5
"345",0.169000273902616,0.504232121093939,0.170723876090391,0.504232243284895,0.0578532735043708,0.00473955989741104,2.02875612839038,2.0980888702321,2.11937043678459,3,5,5
"346",0.168859552244649,0.504227192358409,0.170582214071533,0.504231231487241,0.0575627513548688,0.00471494722439247,2.02901162140926,2.0983818662355,2.11966257750883,3,5,5
"347",0.168714879962065,0.504222059638191,0.170432509705036,0.504230952652428,0.0572743124068309,0.00469054685542436,2.02921000361113,2.09866039220697,2.11991061898766,3,5,5
"348",0.168573591408124,0.504224597525229,0.17028915403764,0.50422994151478,0.0569879478134612,0.00466629027719512,2.02944153957385,2.09895011420859,2.12019789583696,3,5,5
"349",0.168437127118573,0.504220404497063,0.170143990460411,0.504230044414153,0.0567036440069108,0.0046421821254049,2.02962148740218,2.09919969277314,2.12041147766276,3,5,5
"350",0.168300179707355,0.504224460573003,0.170002426134397,0.504228537759264,0.056421386804817,0.00461824478333572,2.0298906684397,2.09945693144141,2.12068891092693,3,5,5
"351",0.168158630077254,0.504221068955204,0.169865215531647,0.504227643984634,0.0561411282475759,0.0045944944746471,2.03005523998044,2.09973069471337,2.12091591856919,3,5,5
"352",0.168022658677163,0.504214107723991,0.16972787200977,0.504226364346157,0.0558628785458346,0.0045709244398483,2.0302421196513,2.09998829744696,2.12118058097458,3,5,5
"353",0.167888092955276,0.504217575778802,0.169581578396786,0.504224835806681,0.0555866070213305,0.00454751934559416,2.03041194296278,2.10023443976614,2.12139950385355,3,5,5
"354",0.167755747966999,0.504217148196218,0.169446034420659,0.504222772891072,0.0553123054017042,0.00452429466601878,2.03063836591367,2.10047272523166,2.12164516384407,3,5,5
"355",0.167626885296873,0.504216294095207,0.169307327567966,0.504221763770638,0.055039945796151,0.00450122379367757,2.03076956798937,2.10071468707221,2.12184308093719,3,5,5
"356",0.167485688959709,0.504208065180142,0.16917558592931,0.504220357419388,0.0547695091489184,0.00447828627816793,2.03101061433575,2.10099355261376,2.12212620625585,3,5,5
"357",0.167358630023639,0.50421291540757,0.169038975543821,0.504220181108972,0.0545009791167279,0.00445554654095792,2.0311352602983,2.10119549709055,2.12230408624764,3,5,5
"358",0.167230413604768,0.504208559416081,0.168907437523747,0.504217479966847,0.0542343488722513,0.00443299683739296,2.03132585211972,2.10142995043604,2.1225477032213,3,5,5
"359",0.167099878935692,0.504210956556754,0.168776465687249,0.504218255014261,0.0539695838966825,0.00441064434428728,2.03152418363166,2.10168358020161,2.12276493079657,3,5,5
"360",0.166969445366168,0.50421093607328,0.168643165089963,0.504216152072854,0.0537066807922342,0.00438843174451231,2.03175768312323,2.10190070869603,2.12298960020591,3,5,5
"361",0.166844150352876,0.504211683216498,0.168521829032929,0.504216587092364,0.0534456118336737,0.00436636790028011,2.0318860992908,2.10212967926969,2.12317783281592,3,5,5
"362",0.166717636045809,0.50420626056681,0.168387799388952,0.504214735687387,0.0531863666030076,0.00434444711215221,2.03214010151733,2.10239393863287,2.12345146633054,3,5,5
"363",0.166593520175339,0.504210351595451,0.168257532318481,0.50421457828465,0.0529289247907254,0.00432272456363147,2.03227159866075,2.10260693526532,2.12362932914046,3,5,5
"364",0.16646921856938,0.504203312054519,0.168135524295843,0.504213918914154,0.0526732748367506,0.00430110709129328,2.03245076635009,2.10283411713858,2.12386008119894,3,5,5
"365",0.166360991935609,0.504216096760893,0.168007171483264,0.504212991910808,0.0524194086129026,0.00427969145922513,2.03268643326895,2.10305799066417,2.12406493449725,3,5,5
"366",0.166232986784304,0.504205712742985,0.167880329897071,0.504211876631538,0.05216729921117,0.00425840297431523,2.03285905068769,2.10327813483667,2.12429824289932,3,5,5
"367",0.166124314570837,0.504208577128984,0.167761065576858,0.504211150544931,0.0519169390126574,0.00423727422381859,2.03298110227504,2.103488793952,2.12447529372717,3,5,5
"368",0.16600792993954,0.504207095453009,0.167625657550378,0.504209936215299,0.0516683130425605,0.00421631499582953,2.03318178038632,2.10370492478868,2.12471851048362,3,5,5
"369",0.16589543879068,0.504209716390322,0.167512610358894,0.504208298787498,0.0514214001973634,0.00419550314485961,2.0333552173032,2.10393042820921,2.12490249011428,3,5,5
"370",0.165782830328933,0.504203084125625,0.167384697995325,0.504207715780024,0.051176193781584,0.0041748382992256,2.03351959153598,2.1041275484258,2.12513179233532,3,5,5
"371",0.165677366242837,0.504206656259963,0.167272031077845,0.504206564030968,0.0509326735149035,0.0041543424972984,2.0336391737403,2.10431008691817,2.12529860028545,3,5,5
"372",0.165564491879934,0.5042016918617,0.167155474565166,0.504206714018692,0.0506908268229823,0.00413397634024604,2.03383395139272,2.10454552006269,2.12553119130883,3,5,5
"373",0.165463943477418,0.504204756906488,0.1670462617649,0.504206106155511,0.0504506406610819,0.00411374901905204,2.03396104621363,2.10471610866418,2.12569539832083,3,5,5
"374",0.165347962114565,0.504199504211794,0.166921636690217,0.504206271061993,0.0502120905857768,0.00409365063590139,2.0341329373016,2.10492899974666,2.12592734014283,3,5,5
"375",0.16524853770792,0.504206045769377,0.166802101680088,0.504203797452338,0.0499751699103256,0.00407366054061076,2.03429037684013,2.10512060604333,2.12609764724425,3,5,5
"376",0.165145319008993,0.504198363301809,0.166693591435102,0.504203696740679,0.0497398704463061,0.00405375994614599,2.03445197576263,2.10531512807648,2.12630702187269,3,5,5
"377",0.165045574160357,0.504206762155383,0.166581278986778,0.504202894735173,0.0495061657886402,0.00403402612391812,2.03459827467285,2.10549163444274,2.12648800329211,3,5,5
"378",0.164930982174721,0.504197641952639,0.166465227518823,0.50420181093165,0.0492740404270783,0.0040143810538934,2.03477477379706,2.10570296305691,2.12671889294118,3,5,5
"379",0.164842694469803,0.504205433179964,0.166364306490911,0.504200524812883,0.049043493825142,0.00399486173374952,2.03488380586403,2.10585755145395,2.12684452975704,3,5,5
"380",0.164740998574257,0.504199022745547,0.166258780104762,0.504199597975341,0.0488145047417583,0.00397546820516381,2.03504145347284,2.10606014855377,2.12707624983568,3,5,5
"381",0.164633961287494,0.50420151068969,0.166152593008715,0.504198928397846,0.0485870459646334,0.00395622922798744,2.03517833345008,2.10624750811092,2.12726602197202,3,5,5
"382",0.164540736366231,0.504195177741052,0.166041493928475,0.504197636363111,0.0483611269496922,0.00393714043349613,2.03533879497997,2.10640241841124,2.12744155803138,3,5,5
"383",0.164439746549764,0.504200289941758,0.165941757873397,0.504196919961536,0.0481367131349093,0.00391818160701085,2.03545199576746,2.10660211689792,2.12761902760997,3,5,5
"384",0.164338830801527,0.504191157473639,0.16583569399628,0.50419634950159,0.0479138015625732,0.00389940430472613,2.03560306685135,2.10678243357617,2.12782349056947,3,5,5
"385",0.164240818440244,0.504198303692742,0.165729875965211,0.504194945718875,0.0476923767911051,0.00388079096700822,2.03575333261372,2.10693516679346,2.12797256594784,3,5,5
"386",0.164142820995891,0.5041934472924,0.165627381952096,0.504195197014235,0.0474724232289864,0.00386225950015662,2.03591298033178,2.10712265036927,2.12818851116155,3,5,5
"387",0.164047430770788,0.504201021415187,0.165525925602052,0.50419442535614,0.04725393364567,0.00384384253712844,2.03603464797569,2.10730485635297,2.12836703865361,3,5,5
"388",0.16394619673719,0.504186911667306,0.165422190162581,0.504194377022548,0.0470368859975196,0.00382551137253162,2.03618353709177,2.10745347326234,2.12852640693151,3,5,5
"389",0.16385461409939,0.50419661917796,0.165329470384902,0.504193974274726,0.0468212762850507,0.00380728609872627,2.03633131287184,2.10763731941622,2.12872390987606,3,5,5
"390",0.163755671150257,0.504188490876387,0.165231540573594,0.504193704991478,0.0466070888071489,0.00378915438275174,2.03647058187755,2.10779948888294,2.12890985308523,3,5,5
"391",0.163658391859407,0.50419695087877,0.16513289358374,0.504193093701226,0.0463943050080197,0.00377114249313426,2.0366364663339,2.10797558379614,2.12908246281131,3,5,5
"392",0.163567254447105,0.504190636069193,0.165027597633005,0.504192863438895,0.04618291987002,0.00375328816402487,2.0367557292448,2.10814604379076,2.12926594035544,3,5,5
"393",0.163476803103906,0.504195561810031,0.164933951400116,0.504193879327682,0.0459729247656873,0.00373557433496041,2.03688278097276,2.1083076174568,2.12942864720653,3,5,5
"394",0.163385998794443,0.504190743009501,0.164838592586906,0.504193178476997,0.0457643081843377,0.00371793536531373,2.0370687809713,2.1084429955887,2.12958991589908,3,5,5
"395",0.163301572315729,0.504194386664459,0.164740877940589,0.504191673099023,0.0455570520490675,0.00370046904772281,2.03715293943684,2.10860347543789,2.12977244710628,3,5,5
"396",0.163205567528169,0.504184939597337,0.164651822986215,0.504192749021263,0.0453511464149942,0.00368312775108415,2.03728740431685,2.10878529831239,2.12997366703147,3,5,5
"397",0.163116172546791,0.504191843913609,0.164556642081431,0.504192128344268,0.0451465804566068,0.00366590777342179,2.03743783363506,2.10894296044885,2.13013989050859,3,5,5
"398",0.163038692827402,0.504185195124813,0.164470046973317,0.504191604537834,0.0449433493841553,0.00364878296877069,2.03756274159139,2.10908437957377,2.1303168667743,3,5,5
"399",0.162941319382318,0.504188949323641,0.164378230577371,0.504190611254061,0.0447414277121001,0.00363176798547926,2.03767895189865,2.1092513175464,2.13049203262703,3,5,5
"400",0.162855206807299,0.504183885688096,0.164291454271031,0.50419131796182,0.0445408138606601,0.00361483304940891,2.03785582201543,2.10940737658944,2.13068442407389,3,5,5
"401",0.162768565722357,0.504187097873146,0.164209648869999,0.504190127094621,0.0443414915433075,0.003598017275242,2.0379713870749,2.10957069837695,2.13086156649114,3,5,5
"402",0.162685852586108,0.504183803736919,0.164118324594348,0.504189508316215,0.0441434664236288,0.00358130572119075,2.03815938703684,2.1097151210177,2.13100920919608,3,5,5
"403",0.162594752387336,0.50419119520965,0.164033130398564,0.504188181126544,0.0439466984194899,0.00356474188016798,2.03830143078631,2.10987623865461,2.13119554080036,3,5,5
"404",0.162514026382443,0.504183503283738,0.163942896831752,0.504187403999229,0.043751197803477,0.00354828831497012,2.03838667436973,2.1100450993479,2.13136573815807,3,5,5
"405",0.162423855674201,0.504188086463685,0.163857872785849,0.504186714445089,0.0435569471029465,0.00353195081751156,2.03851214535321,2.11018911166233,2.13151688153214,3,5,5
"406",0.162347524509959,0.504181358218788,0.163769358061886,0.50418596163896,0.0433639450387401,0.00351568662391322,2.03865431953112,2.11032287851517,2.13168264812199,3,5,5
"407",0.162265906384216,0.504188710984099,0.163689554093183,0.50418494216409,0.043172169396977,0.00349951323288478,2.03876564034986,2.11048389070831,2.13183839286784,3,5,5
"408",0.162182792670843,0.504178846517509,0.163603640728589,0.504184825387702,0.0429816205914203,0.00348339666664244,2.03887570551625,2.11063880754439,2.13201222681839,3,5,5
"409",0.162101698636124,0.504186073553958,0.163525038415531,0.504183985417765,0.0427922788557178,0.00346744613568295,2.03901081154297,2.11076594725559,2.13216080189366,3,5,5
"410",0.162019693179182,0.50417677445311,0.163441078450127,0.504182833436073,0.0426041384851132,0.00345160869493233,2.03912568326128,2.11091760690148,2.13232726267026,3,5,5
"411",0.16194009371525,0.504186618561109,0.16335868989109,0.504182738518334,0.0424171845333794,0.00343588173439446,2.03925149933315,2.11106947659878,2.13248040330256,3,5,5
"412",0.161854696226392,0.504177940658815,0.163276323746922,0.50418232115197,0.0422314068361772,0.00342026037301513,2.03939736632032,2.11123515519465,2.13268212660533,3,5,5
"413",0.161780498807067,0.504184824487179,0.163198275340508,0.504182678857622,0.0420468058021895,0.00340478933982169,2.0394728894277,2.11136378511365,2.13280758890914,3,5,5
"414",0.161696421656948,0.504177451536451,0.163114565388979,0.504181284581496,0.041863359789996,0.00338939030009555,2.03964609314338,2.11151368761409,2.13297152109062,3,5,5
"415",0.161619343005001,0.50418816808066,0.163035002569466,0.50418061857235,0.041681062884133,0.00337413604502201,2.03975276792123,2.11164346674729,2.13312905229467,3,5,5
"416",0.161543267581136,0.504177626722392,0.162952946296945,0.504180241573671,0.0414999114556891,0.00335894599111786,2.03985810763378,2.11180551631249,2.13328442174893,3,5,5
"417",0.161463615132817,0.504184452382106,0.162875699178711,0.504179532790542,0.0413198921269506,0.00334385881369881,2.0399881928704,2.1119351055999,2.13342674674335,3,5,5
"418",0.161382657625821,0.504174531829439,0.162791784845748,0.504178981812852,0.0411409940076476,0.00332885961178331,2.04012778682792,2.11206802755147,2.13360165944561,3,5,5
"419",0.161318204663934,0.5041844349167,0.162726732174749,0.504178408758195,0.0409632134151729,0.00331396583693588,2.04021246663971,2.11218977834835,2.13371724030321,3,5,5
"420",0.161229490875176,0.504170721143554,0.162644779056683,0.50417706170644,0.0407865339803817,0.00329912278179734,2.04038695743059,2.11235862254452,2.13389496139056,3,5,5
"421",0.161164707743798,0.504183483145881,0.162568530045887,0.504177584476782,0.0406109560327382,0.00328444539782557,2.04049814756127,2.11246807404497,2.13401802434797,3,5,5
"422",0.161084447745889,0.504174135620978,0.16248327923023,0.504176355715134,0.0404364620392469,0.00326981313588104,2.04062944675626,2.11260093407287,2.13417800895653,3,5,5
"423",0.161013780339186,0.504182366216686,0.162419869730928,0.504175828590535,0.0402630464500382,0.00325525514024305,2.04074724248983,2.11272155410233,2.13430193540752,3,5,5
"424",0.160938462576456,0.504170338654946,0.162340038503702,0.504175188357945,0.0400907040724748,0.00324074068118441,2.04084964757202,2.11287018056463,2.13447126202472,3,5,5
"425",0.16087290673674,0.504182350400449,0.162266896817764,0.504175331056528,0.0399194252768012,0.00322636552622413,2.04095870353936,2.11298383419294,2.13458990892844,3,5,5
"426",0.160789044801448,0.504171603272918,0.162189803050605,0.504175114787708,0.0397491918151215,0.00321208172801424,2.04111716111206,2.11311483545322,2.13474582073752,3,5,5
"427",0.160727793091358,0.504180017151642,0.16211668439236,0.504175215619166,0.0395800077798137,0.0031979096248419,2.04118820899094,2.11323536244015,2.13487255504666,3,5,5
"428",0.160655115069996,0.504170650460743,0.162042272510905,0.504174161678167,0.0394118609027803,0.00318379740223029,2.04132969381453,2.11338164262681,2.13500371599657,3,5,5
"429",0.160577910606901,0.504181686746475,0.161964963047739,0.504173556511973,0.0392447383819222,0.00316978771989862,2.04144575729996,2.11349668752121,2.13514007185988,3,5,5
"430",0.160510277309137,0.504171971911014,0.161902406773787,0.50417376034728,0.0390786409740173,0.0031558567220743,2.04155806982424,2.1136037003494,2.13525491166525,3,5,5
"431",0.160444526318846,0.504175342871773,0.161824346028287,0.504173378380973,0.0389135582862409,0.00314205231751463,2.04160945905001,2.11371775796259,2.13535773479587,3,5,5
"432",0.16036632988646,0.504170495555492,0.161763128888639,0.50417367725818,0.0387494808064578,0.00312830523185947,2.04179092950033,2.11383432359984,2.13550672847098,3,5,5
"433",0.160294421709195,0.504176858298877,0.16168431428962,0.504173579606155,0.038586397521808,0.00311465005507272,2.04184878357067,2.11397658257418,2.1356171771482,3,5,5
"434",0.160225680459111,0.504172063800863,0.161620271759228,0.504172755438116,0.0384243047567953,0.00310106987353287,2.0419650647021,2.11405565661709,2.13574526451253,3,5,5
"435",0.160154382476068,0.50417895021707,0.161552128514269,0.504172159585838,0.0382631917609741,0.00308759515645829,2.0420792351183,2.11418381394023,2.13583944399038,3,5,5
"436",0.160085057626889,0.504168354659645,0.161489593652399,0.504171501292718,0.0381030589434317,0.00307419668026476,2.04222270874845,2.11427950221952,2.13595857777461,3,5,5
"437",0.16002149636962,0.504178064212446,0.161411464959413,0.504170745817228,0.0379438927865798,0.00306091702792732,2.04226792465533,2.11439377008638,2.13605984691652,3,5,5
"438",0.159943626409319,0.504169231075078,0.161352270481821,0.504171405354673,0.0377856841282337,0.00304775413684122,2.04240768195344,2.11448344580845,2.1361652552892,3,5,5
"439",0.15988648058029,0.504179166831892,0.161279793488072,0.504170249596241,0.0376284279134076,0.00303471149608825,2.04248383937006,2.11457883083033,2.13624632143875,3,5,5
"440",0.159817701150192,0.504171348039194,0.161221203489446,0.504169670423785,0.0374721161676102,0.00302174119980159,2.04259110353133,2.11468950939328,2.13636448038923,3,5,5
"441",0.159751316299947,0.504173553530018,0.161155501003886,0.504168761492537,0.0373167419261938,0.00300885050809219,2.04267926493236,2.11479237371702,2.13645040382241,3,5,5
"442",0.159682043611333,0.504171600243595,0.161095890083421,0.504169479712409,0.0371622945242757,0.00299604901221895,2.04278963293041,2.1148779717678,2.13655977726593,3,5,5
"443",0.159622331816333,0.504181711832553,0.161034450016975,0.504168868689061,0.0370087650054932,0.00298332386531819,2.04286258913039,2.11497605614545,2.13664423716347,3,5,5
"444",0.159548055673505,0.504166835437965,0.160971132574959,0.504169276174467,0.0368561521609519,0.00297062488291622,2.04297262311241,2.11506908663067,2.13674341418693,3,5,5
"445",0.159491535356714,0.504176266489426,0.160905524842837,0.50416866615637,0.0367044512649577,0.00295802164857317,2.04303523195689,2.11517261646429,2.13684092788523,3,5,5
"446",0.159422492512551,0.504169527712617,0.160848671842817,0.504168307734914,0.0365536422098614,0.00294546061946754,2.04313739648693,2.11524671949156,2.13694305296033,3,5,5
"447",0.159363013547492,0.504176973935998,0.160786791586427,0.50416969361256,0.0364037263664922,0.00293296784997954,2.04320823282468,2.11534824931454,2.13701486979338,3,5,5
"448",0.15929574814554,0.504165834950921,0.160720399351253,0.504169274630593,0.0362546987538854,0.00292051731629683,2.04327549559205,2.11543602620946,2.13712997513043,3,5,5
"449",0.159239781255856,0.504178761903689,0.160673296616627,0.504169816181243,0.036106553271858,0.00290813550586722,2.04339304630067,2.11552908269024,2.13721196190805,3,5,5
"450",0.159166484069604,0.504165440331239,0.160599646449752,0.504169382414822,0.0359592723722919,0.00289577771822147,2.04347240559257,2.1156102805698,2.1373068952675,3,5,5
"451",0.159114533589368,0.504174614070234,0.160541701133588,0.504168514172887,0.0358128625560194,0.00288349834951973,2.04354421316543,2.11571407683388,2.13737849855753,3,5,5
"452",0.159050298492619,0.504170271603388,0.160482716595583,0.504168874185205,0.0356673097320166,0.00287128047009511,2.04362703742238,2.11579206476722,2.13750200968853,3,5,5
"453",0.15899032839484,0.504173810828036,0.160426304176435,0.504168420327015,0.0355226094213362,0.00285914136058951,2.04369843201697,2.11590395531151,2.13756193435138,3,5,5
"454",0.158921255102826,0.504166191057422,0.160367380722601,0.504168181687334,0.0353787500668524,0.00284710240740293,2.04381845267724,2.11600465249629,2.13769042776976,3,5,5
"455",0.158872834276343,0.504176035796786,0.160304052548839,0.504166538346325,0.0352357331425599,0.00283517876280559,2.04384499706071,2.11608000926574,2.13775796035633,3,5,5
"456",0.158801461864284,0.504164138726727,0.160257100429212,0.504166193711934,0.0350935450988192,0.00282328038134039,2.04399694338651,2.11620251599806,2.13787462002068,3,5,5
"457",0.158754669413527,0.504175280007441,0.160194722315831,0.50416541207329,0.0349521877355739,0.00281147749408739,2.04401863427256,2.11628401861651,2.13792881914686,3,5,5
"458",0.158688116644301,0.504166900840693,0.160138920075369,0.504165170071873,0.034811643877561,0.00279972816897522,2.04411834104329,2.11638279746865,2.13806746209961,3,5,5
"459",0.158632357787333,0.504169805415456,0.16007290776249,0.504163247233173,0.0346719173475236,0.00278807305914841,2.04418877065408,2.11649410807943,2.13812929817959,3,5,5
"460",0.158568133812182,0.504163144408909,0.160019540715932,0.504163223897912,0.0345329946666061,0.00277646881438287,2.04429241167134,2.11659171337672,2.13825277337876,3,5,5
"461",0.158513566932585,0.504171938662723,0.159952678628162,0.504162512712197,0.034394870590953,0.00276492746829848,2.04433982924951,2.11668786350269,2.13833431109512,3,5,5
"462",0.158454664057214,0.50416644271636,0.15990433312269,0.504163279800851,0.0342575397341314,0.00275341475554147,2.04451571460603,2.11680042591352,2.13846091126187,3,5,5
"463",0.158400007488352,0.504170182589219,0.159834500033004,0.504162170461812,0.0341210007099506,0.00274196225632339,2.04451040378688,2.11689807048655,2.13853079866618,3,5,5
"464",0.158331187560212,0.504162714698153,0.159783181264305,0.504162425005914,0.0339852351093216,0.00273054855245913,2.04464832900304,2.11700941243814,2.13866907021635,3,5,5
"465",0.158278056447287,0.504168446455683,0.159724197216885,0.504162292232127,0.0338502501403692,0.00271923931864015,2.04473002692324,2.11711391132106,2.13875982578727,3,5,5
"466",0.158216831771422,0.504160851383821,0.159666168169338,0.504162887021369,0.0337160342055792,0.00270797145099988,2.04479728552018,2.11720240898674,2.13888560389823,3,5,5
"467",0.158167361973295,0.504173617658743,0.159607761505033,0.504161856657368,0.0335825820576942,0.00269678017805186,2.04489518189731,2.11731766907862,2.13898723576552,3,5,5
"468",0.158096461156668,0.504157368710804,0.159554058394442,0.504162522246581,0.0334498865241633,0.00268560873159684,2.04501458644024,2.11741071868231,2.1390771352357,3,5,5
"469",0.158050540750768,0.504166886189804,0.159483656904206,0.504161340810696,0.033317949024197,0.00267455007528361,2.04510049376561,2.1175093804658,2.13917381712236,3,5,5
"470",0.157988346421851,0.504163004486208,0.159438095276082,0.504161228565153,0.0331867560887274,0.00266354657824053,2.04518746377843,2.11760691549929,2.13930356544222,3,5,5
"471",0.157929846688854,0.504164980185444,0.159371529716637,0.504161216267725,0.0330563047996661,0.00265258494261178,2.04531981099798,2.11774944156313,2.13939118511734,3,5,5
"472",0.157870774566913,0.504162235457564,0.159315288876766,0.504160085888413,0.0329265922388891,0.00264166386983145,2.04540926531385,2.11781872227971,2.13949734561421,3,5,5
"473",0.157819653242341,0.504170228975008,0.159256716617979,0.504160685354361,0.0327976065511449,0.00263080846008046,2.04547030057083,2.11794359361104,2.13960396958247,3,5,5
"474",0.157749094824886,0.504157305795598,0.159202988712392,0.504159622539452,0.0326693460653483,0.00261998439184008,2.04562038868234,2.11806084858595,2.13970944266768,3,5,5
"475",0.157701575068556,0.504170305171348,0.159146495432263,0.50415972309931,0.0325418076313355,0.00260923387958456,2.04570336380543,2.11816062963531,2.13980597457081,3,5,5
"476",0.157636888147116,0.504161471090008,0.159084615514467,0.504159467292834,0.0324149797798546,0.00259854653187719,2.04580295489159,2.11826371192209,2.13991637319633,3,5,5
"477",0.157580161959559,0.504165051014855,0.15902943243027,0.504158205197979,0.0322888596439876,0.00258792678824715,2.04589642236146,2.11839630101091,2.13999924728783,3,5,5
"478",0.157529773107773,0.504166532955288,0.158974284623074,0.504157953511888,0.0321634496681279,0.00257737966875116,2.04597170259738,2.11844812908368,2.14009032174872,3,5,5
"479",0.157475307808841,0.504166142618722,0.158909896311164,0.504157676878612,0.0320387336090901,0.00256687714203374,2.0461306668843,2.11862082512249,2.140210411321,3,5,5
"480",0.157413251813762,0.50415804509194,0.158856519621118,0.504157517922063,0.0319147132552525,0.0025564042905849,2.04616855338976,2.11868903800208,2.14029338182789,3,5,5
"481",0.15736913596918,0.504172025458457,0.158792998465401,0.504157602740164,0.031791383924635,0.0025460355550494,2.04626428683504,2.11879180803768,2.140374990311,3,5,5
"482",0.157315335639084,0.504159510468193,0.158739038050679,0.504156333572523,0.0316687402813732,0.00253569560068645,2.04634719968898,2.11889068745844,2.14047621115343,3,5,5
"483",0.157257332656841,0.504160355383191,0.158677867481618,0.504156537420556,0.0315467695258088,0.00252541216691404,2.04641897461508,2.1190253065358,2.14057232098318,3,5,5
"484",0.15721287392725,0.50416281243401,0.158619837228355,0.504156402517418,0.0314254818373306,0.00251521301085045,2.04651695189412,2.11907269573243,2.14065091116859,3,5,5
"485",0.157157395987828,0.504165881187865,0.158563985824026,0.504155873050293,0.031304854673471,0.00250506113170357,2.0466096620635,2.11922692899103,2.14075997876038,3,5,5
"486",0.15710332871083,0.50415723475906,0.158506004671143,0.504155655519528,0.0311848954963259,0.00249495711265979,2.04667653551591,2.11929476942727,2.14083635464531,3,5,5
"487",0.157059324443717,0.504166174124873,0.158449357471153,0.504155980278797,0.031065594536823,0.00248493023337215,2.04674979219217,2.11940073034891,2.14091984029184,3,5,5
"488",0.157002194585606,0.504160777334692,0.158388309182101,0.504154908799953,0.0309469479406252,0.00247496532046165,2.04687835643059,2.11948889316259,2.14101759215929,3,5,5
"489",0.156950248266063,0.504162003630115,0.158328809499188,0.504154857791786,0.0308289451420092,0.00246505976507827,2.04693634234698,2.11961543367243,2.14110229858348,3,5,5
"490",0.156907033209919,0.504163254014609,0.158279797685184,0.504155367828316,0.0307115998663242,0.00245521170026741,2.04705100296393,2.11966950374521,2.14119019583385,3,5,5
"491",0.15684970722084,0.504165201612224,0.158216240981425,0.504154695781007,0.0305948836006787,0.00244541971627454,2.0471303322255,2.11981406320221,2.14129648424574,3,5,5
"492",0.156799207823618,0.504157020854255,0.158160001284393,0.504154389965458,0.0304788069027101,0.00243567003659362,2.04718920720567,2.11987689977361,2.14137249515679,3,5,5
"493",0.156749122240994,0.504167287613995,0.158101795171304,0.50415340124869,0.0303633585273861,0.00242597811637402,2.04730872242527,2.12000575005025,2.14149803003963,3,5,5
"494",0.156704693117672,0.504157919596232,0.158049753608823,0.504154533034927,0.0302485455935497,0.00241633430776145,2.04736010022206,2.12005859724942,2.1415379303982,3,5,5
"495",0.15664267817176,0.504165821966254,0.157993240138241,0.504153500550206,0.030134340134144,0.00240674615590841,2.04746854834024,2.1202072115211,2.14166898764539,3,5,5
"496",0.156605802479583,0.504161583318503,0.157939364665319,0.50415345868322,0.0300207653890148,0.00239720871446847,2.04752874125674,2.12026157041451,2.14174426772701,3,5,5
"497",0.156551701594103,0.504166325908442,0.157885190420421,0.50415304962265,0.0299077978680147,0.00238775430076321,2.04765192317077,2.12037628146212,2.14184934271358,3,5,5
"498",0.156506438289685,0.504157939934557,0.157829061563943,0.504152666862553,0.0297954459287731,0.00237834699919681,2.04767993561601,2.12043663232572,2.14190654737554,3,5,5
"499",0.156453564226663,0.504165449987626,0.157777046850873,0.504152710602253,0.0296836904982078,0.00236899895502829,2.04777589459342,2.12054781369131,2.14200268229659,3,5,5
"500",0.156411507781347,0.504158827159792,0.157726748839808,0.504152501300811,0.0295725409946357,0.00235969170459216,2.04787867095884,2.12062521885846,2.1421109182405,3,5,5
"501",0.156359901565948,0.504159428719774,0.157666557050557,0.504151827607479,0.0294619849860311,0.0023504307477864,2.04791331961481,2.12073158218263,2.14219655128513,3,5,5
"502",0.156322371088833,0.504157168137896,0.157616374116883,0.504151868040648,0.0293520288551547,0.00234120986951525,2.04797918451546,2.12076086332451,2.14224536354854,3,5,5
"503",0.156267546840164,0.504168038072611,0.157562611749952,0.504152177990332,0.0292426522584794,0.00233203142676353,2.04813369182123,2.12089541246053,2.14236906249622,3,5,5
"504",0.15622718909907,0.504153220488283,0.157508314602705,0.504151562030607,0.0291338643821894,0.00232289663429397,2.04815422622514,2.12095254922134,2.14244023835747,3,5,5
"505",0.156178927512093,0.50416085750886,0.157454709202421,0.504152076043033,0.0290256535748424,0.002313840254622,2.04820825820475,2.12103732044735,2.14252424141067,3,5,5
"506",0.156144359835827,0.504154835378401,0.157401082811527,0.504151276801592,0.0289180262794389,0.00230482441670099,2.04828104718437,2.12106819646162,2.14256500682905,3,5,5
"507",0.156090761399451,0.504161834649134,0.157348331962429,0.5041515892018,0.0288109613204396,0.00229588997294627,2.048370915007,2.12120616058062,2.14267693819367,3,5,5
"508",0.156052462692358,0.50415614622042,0.157296363802614,0.504150947631995,0.0287044706852103,0.00228699268871646,2.0484383932938,2.12126649940416,2.14277152053841,3,5,5
"509",0.156005225864678,0.504160688545128,0.157239392731697,0.504150272719348,0.0285985412247852,0.00227813757524398,2.04850042223482,2.12134146967206,2.14283055954182,3,5,5
"510",0.155970309654793,0.504152878559469,0.157187328313263,0.504150910628341,0.0284931796801471,0.00226931322542501,2.0485370782046,2.12138952478282,2.14288716943992,3,5,5
"511",0.155930633544827,0.504164273160412,0.157139564742605,0.504150849963261,0.0283883733039887,0.00226054763146255,2.04862382544588,2.12150137868838,2.14298310652605,3,5,5
"512",0.155885365332269,0.50415565607461,0.157088273449279,0.504150626946175,0.0282841229295755,0.00225179875090942,2.04871090337899,2.12154905677353,2.14304952691101,3,5,5
"513",0.155847447020775,0.504161296141884,0.157029110944064,0.504150028820647,0.0281804203472739,0.00224309603444584,2.04873396371066,2.12163457257473,2.14312741611178,3,5,5
"514",0.155806311438454,0.504154475587506,0.156978506797372,0.504150346421778,0.0280772671285068,0.0022344168393269,2.04878726832902,2.12168474984056,2.14319097086913,3,5,5
"515",0.155769866982862,0.504162724089146,0.15692504997059,0.504150615128991,0.0279746563872702,0.00222578539107632,2.04886690695427,2.12175359818281,2.14325345243457,3,5,5
"516",0.1557274504313,0.504152779369249,0.156874557898403,0.504150001340218,0.0278725897252419,0.00221718154582595,2.04891851221647,2.12181619754,2.1433294084831,3,5,5
"517",0.155693538560008,0.50416385177138,0.156823222674648,0.504150021914081,0.0277710582847243,0.0022086531665032,2.04897610772899,2.12188571489167,2.1433936752819,3,5,5
"518",0.155647589359457,0.50415423585251,0.156777782301876,0.504149774214134,0.0276700591040502,0.00220018800539112,2.04901930697845,2.12195527016895,2.14348590267066,3,5,5
"519",0.155615584696676,0.504163516483205,0.156728778475185,0.5041499262447,0.0275695895156262,0.00219179976447492,2.0490794845841,2.1220184946934,2.14353194356075,3,5,5
"520",0.155570217840893,0.504153557948011,0.156666191461665,0.504149651793769,0.0274696464152907,0.00218343468467974,2.04918204398399,2.12207775786976,2.1436006477864,3,5,5
"521",0.155533064378862,0.504163631621598,0.156627361544041,0.504149404847706,0.0273702198844979,0.00217512778399365,2.04924034868704,2.1221526247723,2.14368127309685,3,5,5
"522",0.155499715577681,0.504156679869096,0.156576676582293,0.504149359818936,0.0272713190661858,0.00216684887190444,2.04927638809662,2.12219929706004,2.14373937682201,3,5,5
"523",0.155457980520688,0.504165695637744,0.156527493655826,0.504148730705353,0.0271729281467647,0.00215862814147005,2.0493450827555,2.12226613622218,2.14379667623405,3,5,5
"524",0.155417377950321,0.504152978965877,0.156475650422933,0.504148833127859,0.0270750489844883,0.00215045141975345,2.04939671061201,2.12234261630973,2.14386390275169,3,5,5
"525",0.15539023100844,0.504167275817374,0.15643401508801,0.504148307781454,0.0269776789912673,0.00214235604096846,2.04947055424921,2.12238240972493,2.14391001582361,3,5,5
"526",0.155345718087488,0.504156692316951,0.156388353643861,0.504148355638111,0.0268808148117379,0.00213430462600095,2.04953617900664,2.12246565833115,2.14398691963377,3,5,5
"527",0.155307795800967,0.504164154507599,0.15633625579493,0.50414883393551,0.0267844463100738,0.00212632781032085,2.04958385749919,2.12250924010525,2.14401980107984,3,5,5
"528",0.155277495696063,0.504153741579578,0.156291561587965,0.504147557022436,0.0266885809865991,0.00211837175405238,2.0496384569403,2.12257035318427,2.14408901527674,3,5,5
"529",0.1552351970714,0.504162065118237,0.156247253497858,0.504147205878635,0.02659320319774,0.00211046280642735,2.04969321448104,2.12264899085493,2.14415761497576,3,5,5
"530",0.155200496256418,0.504155992954968,0.15620368210696,0.504147404186255,0.0264983208995092,0.00210257967498795,2.04975588864267,2.12270679613645,2.14420278182521,3,5,5
"531",0.155170440053998,0.504162506651172,0.156154779302495,0.504147506396855,0.0264039266726475,0.00209473488470791,2.04976309788016,2.1227404194705,2.14423207186998,3,5,5
"532",0.155132128066575,0.504156148583594,0.156114649778862,0.504146879152318,0.0263100161437034,0.00208691678079653,2.04984700314895,2.12281920582059,2.14430924822531,3,5,5
"533",0.155096422542008,0.504160622832121,0.156072409677035,0.504147619389511,0.0262165827551043,0.00207913644788438,2.04990809232638,2.12287331236742,2.1443608392183,3,5,5
"534",0.155067401231353,0.504156681937316,0.156033771668037,0.50414719313918,0.0261236342780398,0.00207142481975764,2.049945588575,2.12291539426682,2.14438772887704,3,5,5
"535",0.15502906266941,0.504163566117708,0.155986301421075,0.504147099545658,0.0260311568482246,0.00206378140593289,2.04998793605392,2.122975575305,2.14444874841981,3,5,5
"536",0.154997017804866,0.504153866533803,0.155944211058558,0.504146741887682,0.0259391520645561,0.00205615838277062,2.0500502732426,2.12304776807269,2.14450210203625,3,5,5
"537",0.154965102446199,0.504158629324048,0.155902091342685,0.504146841043807,0.0258476154431758,0.00204857275072556,2.05006975348491,2.12309279101858,2.14453700340365,3,5,5
"538",0.154929316129279,0.504154154993091,0.15586279848946,0.504146679992132,0.0257565458296608,0.00204101243254617,2.05014564605026,2.12314701058103,2.14458950473973,3,5,5
"539",0.154895701053229,0.504162106309241,0.155827086908557,0.504147310673391,0.0256659358830053,0.0020335021910306,2.05016820374951,2.12319721812673,2.14462382448228,3,5,5
"540",0.154869545222426,0.504153449038629,0.155780280690692,0.504147523516975,0.025575790904432,0.00202601603319763,2.05023545369963,2.12325825714638,2.14467755528261,3,5,5
"541",0.15483199690025,0.504157883013958,0.155736599872361,0.504147092026101,0.0254860970672045,0.0020185789039221,2.05027162708288,2.12331052450641,2.14471248190108,3,5,5
"542",0.154797161690774,0.504151373251046,0.155699343119261,0.504147669638008,0.0253968594482253,0.00201117754631852,2.05035586473206,2.12337072252893,2.14475990795362,3,5,5
"543",0.154768997991184,0.504162037194402,0.155659229211112,0.504147080971806,0.0253080763783751,0.00200385515679202,2.0503501489095,2.12342250856944,2.14481020313265,3,5,5
"544",0.154735523965827,0.504150262060449,0.155626155418746,0.504148364724029,0.02521973737837,0.00199654762191959,2.05042095604352,2.12348162289431,2.14484756806384,3,5,5
"545",0.154703563425321,0.504154954549261,0.155579763770293,0.504147343539885,0.025131844426883,0.00198928535404053,2.05044530566497,2.12354172874455,2.14488441398341,3,5,5
"546",0.154671968686229,0.504154316645336,0.155545532229367,0.504147739103158,0.0250443978253672,0.00198207869378075,2.05056111660607,2.12359702278818,2.14496006663633,3,5,5
"547",0.154641230022243,0.504159777215663,0.155502351041439,0.504146926804142,0.0249573870870041,0.00197491919320536,2.05056210132568,2.12364488614336,2.14497161186722,3,5,5
"548",0.154607694834539,0.504148136130413,0.155472555497207,0.50414704356811,0.0248708128604299,0.00196778634770889,2.05060736769234,2.12371566868517,2.14503939187554,3,5,5
"549",0.154579766188948,0.504163035654701,0.155424707158624,0.50414761091532,0.0247846779240295,0.00196070874193455,2.0506927519135,2.12377191607206,2.14510232171831,3,5,5
"550",0.154543150681857,0.504151803200036,0.155394785414996,0.504147117631721,0.0246989674430494,0.00195364281547272,2.05070827160299,2.12383269625706,2.14514729466488,3,5,5
"551",0.154514872549794,0.504159210803161,0.1553534001249,0.504147805098486,0.0246136857953172,0.0019466228589059,2.05076884946054,2.12388932175304,2.14518883142355,3,5,5
"552",0.154480146744305,0.504153682286905,0.155325311001963,0.504146820538934,0.0245288318753643,0.00193962206279452,2.05087648613453,2.12397390995242,2.1452929177409,3,5,5
"553",0.154448567091444,0.504160246704892,0.155293099950605,0.504147050905012,0.02444439549383,0.00193267398823116,2.05087003268302,2.12401711621342,2.14529992007735,3,5,5
"554",0.154411106972978,0.504154336080326,0.155263546007498,0.504146454731922,0.024360377216973,0.00192575134394535,2.05096571464815,2.12410292872185,2.14540305696148,3,5,5
"555",0.154385693875852,0.504163636493843,0.155224757901748,0.504146236063277,0.0242767797972371,0.00191887130870738,2.05103074640923,2.12415463180346,2.1454596430659,3,5,5
"556",0.154342785977355,0.504157297793081,0.155195476220128,0.504147258488457,0.0241935884835942,0.00191202778145849,2.05112703630371,2.1242431699695,2.14553607971192,3,5,5
"557",0.154314566308365,0.504157247502166,0.155160287269373,0.50414729826652,0.0241108094794474,0.0019052307941726,2.05113247967932,2.12430627271636,2.14558398182277,3,5,5
"558",0.154278615011891,0.504155000044599,0.155124506692088,0.504147251719374,0.0240284385634716,0.00189845140921241,2.0512456512233,2.12438387574718,2.1456987934899,3,5,5
"559",0.154248705876398,0.504160491082813,0.155091641775997,0.504146338593104,0.0239464712506909,0.00189170060916943,2.05127716897957,2.12443903835679,2.14571679761136,3,5,5
"560",0.154208029062276,0.504151981118164,0.155064224652673,0.50414741679122,0.0238649041883319,0.00188497491211226,2.0513515640409,2.12453034198512,2.14582825963822,3,5,5
"561",0.154181352816102,0.504159880843302,0.155035231238148,0.504146895772329,0.0237837405556702,0.00187829504429016,2.05138825409119,2.12459094955716,2.1458743664392,3,5,5
"562",0.154140803171016,0.504153608729847,0.155004939753237,0.504147607483664,0.0237029676319956,0.00187164316345279,2.05148379045532,2.12466267928851,2.14595978407622,3,5,5
"563",0.154113983539899,0.504157088522248,0.15497132828198,0.504146255290266,0.023622593296614,0.00186503151659856,2.05149775169838,2.12472329375764,2.14600417835469,3,5,5
"564",0.154076367690051,0.504152841005451,0.154943105526375,0.504146722824028,0.0235426103981559,0.00185844240229749,2.05162030138282,2.12481351259299,2.14612177964004,3,5,5
"565",0.154046932739865,0.504156045478773,0.154913751539815,0.504145293475598,0.0234630162357233,0.00185190386642564,2.05161677039846,2.1248596159231,2.14613115089473,3,5,5
"566",0.154008976586835,0.504150734604833,0.154882160239531,0.50414475655468,0.0233838071099368,0.00184539740050893,2.05173198254286,2.12493980181614,2.14624088638239,3,5,5
"567",0.153985484060917,0.504165249171848,0.154853843500886,0.504145797296392,0.023304991114179,0.0018389375851483,2.05177396903135,2.12498302472893,2.14627000790999,3,5,5
"568",0.153949013606108,0.504151910591582,0.154825340420851,0.504145157524196,0.0232265571314088,0.0018324869886891,2.05184353961753,2.12505899087175,2.14634989096432,3,5,5
"569",0.153920958096125,0.504154494059308,0.154804978448542,0.504145772624232,0.0231485013886401,0.00182609054134431,2.05187726517006,2.12510893576588,2.14637217526678,3,5,5
"570",0.153886824716143,0.504157328527275,0.154778119179862,0.504144826088127,0.0230708253517738,0.00181973303911021,2.0519774517632,2.12516559919572,2.14647656083045,3,5,5
"571",0.153861799181782,0.504156359972872,0.154751768600455,0.504145918689457,0.0229935277641329,0.00181344007537332,2.05200710667554,2.12520808257613,2.14647708594218,3,5,5
"572",0.153823473975483,0.504150633895831,0.154719314590535,0.504145431262068,0.0229166015025196,0.0018071727931056,2.05209170726306,2.125289543497,2.1465792231441,3,5,5
"573",0.153805123484921,0.504158858370199,0.154694648445551,0.504145175469705,0.0228400506434776,0.00180094623731619,2.05210506263554,2.12531240832221,2.14658154639897,3,5,5
"574",0.153766038728635,0.504155031646207,0.15466952887158,0.504144902437512,0.0227638652804401,0.00179474652284772,2.0522026942443,2.12538259200247,2.14668367533771,3,5,5
"575",0.153745900908366,0.50415650345636,0.15464481082727,0.504145742799715,0.0226880490587376,0.00178857696403834,2.05222608414565,2.12541593232729,2.14668286572801,3,5,5
"576",0.153708894205639,0.504153038267597,0.154615930160793,0.504144302844663,0.0226125977431731,0.00178245573786839,2.0522957722728,2.12547591380517,2.1467797091877,3,5,5
"577",0.153687640771963,0.504156180284758,0.154597943273517,0.504146308839515,0.0225375073297226,0.00177637471876313,2.05233353798035,2.12552235065764,2.14677618400597,3,5,5
"578",0.153648360782253,0.504153705115941,0.154566088448476,0.504145519307263,0.0224627740831612,0.0017703358024731,2.05239698596026,2.12558951112211,2.14688801794199,3,5,5
"579",0.15363285280521,0.504158583993399,0.154540873543814,0.504145265665803,0.0223884057202521,0.00176434515780022,2.0524009639138,2.12560884300486,2.14688691790701,3,5,5
"580",0.153595717040403,0.50415372556766,0.154506346584916,0.504144965867564,0.0223143902998498,0.00175836852008704,2.05246079347913,2.12567855080123,2.14695893995535,3,5,5
"581",0.153583060408013,0.504152880532125,0.154489529067745,0.504145459565616,0.0222407353829881,0.00175242319708557,2.0524854188783,2.12571910714847,2.14695818164274,3,5,5
"582",0.15353399506738,0.50415961873774,0.15446308567259,0.504145108292844,0.0221674237643935,0.00174649977080132,2.0526184316356,2.12578753534014,2.14708750139424,3,5,5
"583",0.153521572894607,0.504152066333155,0.154440183039522,0.504145257768265,0.0220944669980302,0.00174060052612879,2.05255180400324,2.12582820429834,2.14707734927433,3,5,5
"584",0.1534875268799,0.504150519904878,0.154407285190131,0.504144137342588,0.0220218575310868,0.00173473857644868,2.05267182970085,2.1258844369589,2.1471338397924,3,5,5
"585",0.153469950227356,0.504156752410265,0.154381384436598,0.504144122504246,0.021949596140302,0.00172890529385772,2.05269607903798,2.12592767349192,2.14717850577019,3,5,5
"586",0.153425283437063,0.50415582242458,0.154364989868231,0.504143766824452,0.0218776709815139,0.00172308399051901,2.05280360022544,2.12599599641886,2.14725074100786,3,5,5
"587",0.153412025395702,0.504152053014048,0.15434389419704,0.504144495500924,0.0218060950413005,0.00171728795716863,2.05277231241214,2.12602817102625,2.14724746832727,3,5,5
"588",0.153372209770755,0.504157625861428,0.154327555113442,0.504143071603192,0.0217348526567376,0.00171152287131515,2.05291253030352,2.1260984647998,2.14734933343186,3,5,5
"589",0.153365371962237,0.504157691443736,0.154294833053206,0.504142619162977,0.0216639550324659,0.00170580176268598,2.05288754502455,2.12611278672043,2.14731188165054,3,5,5
"590",0.153321594739032,0.504154604473419,0.154270235189069,0.504142199858946,0.0215933869365837,0.00170009949522387,2.05297514591352,2.12618805575366,2.14741284257174,3,5,5
"591",0.153303082795534,0.504155197826338,0.154253370616111,0.504142424657979,0.0215231563154598,0.00169442309755918,2.05296029730737,2.12623149271692,2.14744581546538,3,5,5
"592",0.153266296493443,0.50415385637779,0.154232004140583,0.504142421405098,0.0214532524819181,0.00168876431020237,2.05308380616123,2.12625590909308,2.14746199237646,3,5,5
"593",0.153255310317175,0.504154762941238,0.154207210012779,0.504142298648211,0.021383684888107,0.00168314127149405,2.05303491620883,2.12629881728366,2.14746154717607,3,5,5
"594",0.153204899940111,0.504157632430969,0.154183278195547,0.504142588695778,0.0213144341367457,0.00167755540391856,2.05315724689582,2.12637967509197,2.14759041499401,3,5,5
"595",0.153197751550589,0.504154412525607,0.154158233977902,0.504142625767566,0.0212455162179776,0.00167200932635925,2.0531213805027,2.12639045844668,2.14756507744332,3,5,5
"596",0.153159264960235,0.504153521862307,0.154127705819031,0.504141602538884,0.0211769187434025,0.00166647490792804,2.05323032035649,2.12643672973489,2.14760160909427,3,5,5
"597",0.15314463903346,0.504158793582898,0.154108303558359,0.50414247153328,0.0211086450235605,0.00166097268369381,2.05320241760307,2.12647455573549,2.14763425509079,3,5,5
"598",0.153104087049539,0.504152923601315,0.154089234056719,0.504141756851235,0.0210406823251938,0.00165549386410435,2.05330752206982,2.12653358175127,2.14770226728107,3,5,5
"599",0.153094146230801,0.504155735366654,0.154063400945526,0.504142984680024,0.0209730465164712,0.00165004104961097,2.05331631778987,2.12656739940468,2.1477208418904,3,5,5
"600",0.153052559932717,0.504153837080575,0.154044540320735,0.504141557550592,0.0209057189926669,0.00164460430330438,2.05339863707719,2.12660407410989,2.14775223336119,3,5,5
"601",0.153045448797482,0.504157386021998,0.154005678068256,0.504142141447944,0.0208387072128002,0.00163920638988768,2.05338820477403,2.12663826346419,2.14777727480204,3,5,5
"602",0.153009589301134,0.504153335839379,0.153983041631314,0.504141084264139,0.020772006968005,0.00163383005404072,2.05343396215778,2.12670779077496,2.14783509300531,3,5,5
"603",0.152990032184777,0.504157752332497,0.153961717546643,0.504141429039634,0.0207056180477243,0.00162848328491683,2.05348129809979,2.12673797072855,2.14786003423472,3,5,5
"604",0.15295523203313,0.504148933018926,0.153943944046359,0.504140751183906,0.0206395313024899,0.00162314172439271,2.05352481505285,2.12678621333247,2.14790434794077,3,5,5
"605",0.152947233375538,0.504156590992358,0.153917659543709,0.504140828967363,0.020573757094959,0.00161782994551729,2.05355314196731,2.12683015742492,2.14793482539249,3,5,5
"606",0.152906430925023,0.50415889364022,0.153897869812359,0.504140498409535,0.0205082812060869,0.00161254058503735,2.0536434787471,2.12688660876638,2.14798015673481,3,5,5
"607",0.152902445127749,0.504155657097448,0.153870105404759,0.504140821014057,0.0204431160198498,0.0016072848029981,2.05361376024229,2.1269060545022,2.14800832713069,3,5,5
"608",0.152861029261746,0.50414725456853,0.153850209604023,0.504140456405963,0.0203782446040116,0.00160205839754191,2.05365906824915,2.12697433206892,2.14805645146126,3,5,5
"609",0.152849829155174,0.504158182728539,0.153825348680657,0.50414046491778,0.0203136757014493,0.00159687792503238,2.05371971056417,2.12701524242007,2.1480821394342,3,5,5
"610",0.152820402156722,0.504152527359556,0.153801903762945,0.504140825731297,0.0202494009523152,0.00159170963921718,2.05374921377494,2.12703659071006,2.14810689479775,3,5,5
"611",0.152803528248863,0.504152323353793,0.153769285808648,0.504141036510945,0.0201854254980438,0.00158655869408608,2.05376432356226,2.12710512868659,2.14816671494623,3,5,5
"612",0.152769376105503,0.50415339198161,0.153756692160066,0.504140167700041,0.0201217394006862,0.00158143193813343,2.05383318239764,2.12715945961584,2.14818737577382,3,5,5
"613",0.152766189713306,0.504154528888768,0.153734884276111,0.504140259916696,0.020058349759081,0.00157632911684735,2.05383572026154,2.12717588158135,2.14821618804302,3,5,5
"614",0.152720595311932,0.504148471876681,0.153713028596296,0.504140029397739,0.0199952430401663,0.00157122783649222,2.05395126242991,2.12726325650554,2.14832153651268,3,5,5
"615",0.152710992260831,0.504153573011715,0.153689507612707,0.504140253832018,0.0199324300320483,0.00156615720588305,2.05395176178271,2.1273043761624,2.14833390663277,3,5,5
"616",0.152687495632094,0.50415256282352,0.153663116102312,0.504140285276286,0.0198699007987192,0.00156110341490623,2.05401274149364,2.12734012229687,2.14835139542392,3,5,5
"617",0.152669139660084,0.504154240345794,0.15363966627113,0.504141085001827,0.019807656538705,0.00155607131282054,2.05401633457438,2.12739242475056,2.14843095263639,3,5,5
"618",0.152630945265426,0.504153583616343,0.153614707662259,0.50414103659156,0.0197456907035584,0.00155105370568309,2.05412339384553,2.12745902610795,2.1484901395859,3,5,5
"619",0.152629009428263,0.504153575189886,0.153609683018261,0.50414093542799,0.0196840109318845,0.00154605989884782,2.054088796506,2.12747794916984,2.14849886009557,3,5,5
"620",0.152596972314891,0.504148310789457,0.153581481069355,0.504140533959659,0.0196226083411249,0.00154108483093984,2.0541573010299,2.12754249270074,2.14857656221276,3,5,5
"621",0.15258212783675,0.504155580040207,0.153562299341888,0.504141005474582,0.0195614835094921,0.00153613795215757,2.05418955893671,2.12759100264296,2.14860317954603,3,5,5
"622",0.152561079519074,0.504152901906794,0.153541133793533,0.504140653812434,0.0195006369929026,0.0015312120500629,2.05421749305243,2.12760462169814,2.14862927854486,3,5,5
"623",0.152538577986029,0.504152541436603,0.153517915872502,0.504141665474892,0.0194400637845286,0.00152630001188581,2.05425278102308,2.12768613779164,2.14871494035139,3,5,5
"624",0.152516969352336,0.504153506936455,0.153497895905202,0.504139898999932,0.0193797623538736,0.00152142298765467,2.05429468233298,2.12771780630283,2.14872763007048,3,5,5
"625",0.152505790591161,0.504154894447962,0.15348238613794,0.504140515540757,0.0193197348903653,0.0015165612964575,2.05430195372086,2.12774598190157,2.14876452407345,3,5,5
"626",0.152472425886545,0.504151047333791,0.15345897050808,0.5041404264244,0.0192599729343036,0.00151171596329402,2.05434954157677,2.12780604500215,2.14883573423929,3,5,5
"627",0.152466465809298,0.504154063343503,0.153439254077204,0.504140562765777,0.0192004817456165,0.00150689616285427,2.05435381929963,2.12784122747038,2.14885790997938,3,5,5
"628",0.152445158141785,0.504151124280788,0.153415118492161,0.504139988923619,0.019141259019028,0.00150209141212065,2.05439676392779,2.12785657521961,2.14886900567792,3,5,5
"629",0.152424987142883,0.504150627547055,0.15340079373055,0.504140325519064,0.0190822973032344,0.00149729652528141,2.05441558760006,2.12792777764426,2.14896317849748,3,5,5
"630",0.152401684353884,0.504153198857098,0.153374946720644,0.504140448130259,0.0190235989023666,0.00149252085552043,2.05448366928095,2.12795912452226,2.14897986246136,3,5,5
"631",0.15239461777293,0.504152128787988,0.153363618842432,0.504140660522863,0.0189651658817094,0.00148776576859533,2.05447450578614,2.12798549373589,2.14901042660458,3,5,5
"632",0.152367551209259,0.504150520229612,0.153332696961903,0.504140464735746,0.0189069917825422,0.00148304182597003,2.0545393282738,2.12802801176043,2.14905540755224,3,5,5
"633",0.152354204073598,0.504154705427589,0.153320832667479,0.50414085237302,0.0188490741669471,0.00147835529733964,2.05455369929469,2.12808069722965,2.14910692918525,3,5,5
"634",0.152331570361929,0.504151941387354,0.153302992128095,0.504140762238274,0.0187914155116986,0.00147370228752031,2.05456917839557,2.12809866453529,2.14912584882588,3,5,5
"635",0.152316945669315,0.504151008888495,0.153290554474157,0.504140482806416,0.0187340119903879,0.00146907018976805,2.05460087781888,2.12815694629495,2.14919652755359,3,5,5
"636",0.152293501364776,0.504153362605067,0.153256853533331,0.504140882558668,0.0186768619554815,0.00146445853261334,2.05466996041185,2.12818222122818,2.14919407518859,3,5,5
"637",0.152284309134892,0.504151585781666,0.153240988011073,0.504140875239209,0.0186199662853573,0.00145986764301931,2.0546648528445,2.1282211801366,2.14923823117318,3,5,5
"638",0.152255856891564,0.504150391105591,0.153222639547945,0.504140535325784,0.0185633203681963,0.00145530400356497,2.05469946375417,2.12826541192136,2.1492954659661,3,5,5
"639",0.152246651340602,0.504153884204515,0.15320409498833,0.504139674467008,0.0185069251106156,0.00145076363762897,2.05470900281881,2.12830172600303,2.14931243386996,3,5,5
"640",0.15222163226099,0.504149183938359,0.15318666771744,0.504139784817289,0.0184507789825505,0.00144624039102748,2.05476754507008,2.12833014751602,2.14933499311206,3,5,5
"641",0.152213449206298,0.504152254148885,0.153165855824848,0.504139482074857,0.018394879121647,0.0014417368809464,2.05477734651077,2.12839225530992,2.14941557309653,3,5,5
"642",0.152184713491755,0.504151683201988,0.153138928664518,0.504140066295179,0.0183392235250886,0.00143724964781156,2.05481848959865,2.12841516409747,2.14942501082901,3,5,5
"643",0.152181062465296,0.504150203309292,0.153120806821451,0.504139633984889,0.0182838145835664,0.00143277438249856,2.05483004690302,2.12845779477657,2.14946024059334,3,5,5
"644",0.152149059839317,0.504150211489844,0.153106213005241,0.504139231997652,0.0182286472528561,0.00142833269920462,2.05491443368078,2.12852126290723,2.14952179746141,3,5,5
"645",0.152140427950666,0.504152619472928,0.153092750876501,0.50413991633791,0.0181737203612118,0.00142391157055299,2.054914835289,2.12854948523256,2.14955476399457,3,5,5
"646",0.152121698189156,0.50415248309004,0.153062249325339,0.504140044551635,0.0181190354962434,0.00141951338310398,2.05495771225293,2.12857441061316,2.14956266119672,3,5,5
"647",0.15211031086753,0.504152268016548,0.153050856381139,0.504140459206387,0.0180645893301584,0.00141513870178112,2.05498915589957,2.12863720936433,2.1496339788112,3,5,5
"648",0.15207752976844,0.504150749680595,0.153020528142442,0.504139626913431,0.0180103782109455,0.0014107875546987,2.05506001363359,2.12867335482968,2.14966371264932,3,5,5
"649",0.152079178389302,0.504153001548411,0.153011379644766,0.504139425313767,0.0179564062429134,0.00140646409447198,2.05504453681228,2.12869710022776,2.14967925708225,3,5,5
"650",0.152048171688602,0.504148713457309,0.152985037670412,0.504139837307711,0.0179026654480877,0.00140216041660957,2.0550855452889,2.12876186591904,2.14973944057662,3,5,5
"651",0.152039138157617,0.504150334930942,0.152976105639935,0.504139339248375,0.0178491592648181,0.00139788899999271,2.05509347869293,2.12879362240786,2.14978007730863,3,5,5
"652",0.152016231760291,0.504152569392911,0.15295125583798,0.504138559166004,0.017795886310032,0.00139363242896995,2.05518403144888,2.12881680448763,2.14978373493366,3,5,5
"653",0.152009144643097,0.504152270391194,0.152932093859573,0.504138906213779,0.0177428435251375,0.0013893888836447,2.05513636215316,2.12887017611586,2.14984534793847,3,5,5
"654",0.151981391482558,0.50414919956519,0.152907448163015,0.504138871664099,0.0176900291010945,0.00138515897546077,2.05519515440615,2.12890725837425,2.14988430900684,3,5,5
"655",0.151979293788836,0.504153467381036,0.152892803484295,0.504139073340169,0.0176374485417223,0.00138096487809702,2.05522692425633,2.12892421028259,2.14988802181933,3,5,5
"656",0.15194824903035,0.504149716195407,0.152882338352795,0.504138815894496,0.017585090707745,0.0013767776999144,2.05528533305005,2.1289814833855,2.14993000614163,3,5,5
"657",0.151943677163053,0.504153331507551,0.152861590360653,0.504138654853821,0.0175329602370915,0.00137262016189355,2.0552393920477,2.12899874380707,2.14996780151705,3,5,5
"658",0.151926992029487,0.504149225468646,0.152847198285684,0.504138561521856,0.0174810580723642,0.00136848072649021,2.05528947382555,2.12902181567602,2.14996612293191,3,5,5
"659",0.151910924991437,0.504149914384126,0.152831019729192,0.504139195115418,0.0174293767352479,0.00136436308000765,2.05531817622019,2.12907894149893,2.15002423698598,3,5,5
"660",0.151882788668452,0.504150549196665,0.152808798921967,0.504139112015807,0.0173779151557267,0.00136026244588183,2.05540382006103,2.12911013243178,2.15005306417173,3,5,5
"661",0.151887664977116,0.504155048412386,0.15279039318868,0.504139647816855,0.0173266806381651,0.0013561926354051,2.05536527277896,2.1291142007096,2.15005152328918,3,5,5
"662",0.151858643654873,0.504148073635216,0.152777707888506,0.504138418328443,0.0172756618769768,0.00135213129841683,2.05542352077329,2.12917693430289,2.15010318866863,3,5,5
"663",0.151845486270522,0.504152591785196,0.152757724776272,0.504138240725642,0.0172248610475353,0.00134808648551765,2.05546619517504,2.12920803542059,2.15014812532542,3,5,5
"664",0.151829860281653,0.504152433522422,0.152744942994395,0.504138519255801,0.0171742821474089,0.00134405580542263,2.05551986173413,2.12923359313191,2.15013414383803,3,5,5
"665",0.151824918082808,0.504154949876168,0.152729326248343,0.504139048774627,0.0171239187749006,0.00134003756774836,2.0555004165906,2.12926750595637,2.1501785572113,3,5,5
"666",0.151797989317295,0.504148684799761,0.152709309699078,0.504138683866838,0.0170737696765846,0.00133602764299956,2.05555417245023,2.12929963908586,2.15020339694032,3,5,5
"667",0.151798491503473,0.504153611136134,0.152697376997263,0.504138886934198,0.0170238397590436,0.0013320378516497,2.05558032247454,2.12932185534859,2.15021787192701,3,5,5
"668",0.151768873747053,0.504151462159551,0.152679550967375,0.504139132721475,0.0169741190563264,0.00132806594203938,2.05563608291785,2.12937661653421,2.15024717943278,3,5,5
"669",0.151768085633308,0.50415408920978,0.152672176044319,0.50413875901744,0.0169246129050024,0.00132411963514345,2.05559879190845,2.12939296960764,2.15027161765749,3,5,5
"670",0.151746212592381,0.504147951755521,0.152640869108045,0.504138674369466,0.0168753197951677,0.00132017997590417,2.05566094758081,2.12942418047877,2.15029630099097,3,5,5
"671",0.151742393519534,0.504152737024076,0.152630893677227,0.5041377388753,0.0168262351995974,0.00131625104254451,2.05569777341629,2.12946110044826,2.15031556030408,3,5,5
"672",0.151711078639928,0.504149040613315,0.152614841959269,0.50413836649483,0.0167773570373758,0.00131233043448709,2.05571987147316,2.1295045329642,2.15034805525672,3,5,5
"673",0.151717678656544,0.504152330371105,0.152608738210337,0.504138361943686,0.0167286915244511,0.00130843021079008,2.05569830867251,2.12951170277997,2.15036204219972,3,5,5
"674",0.151689255109296,0.504148195886579,0.152591935291178,0.504137877594715,0.0166802295811204,0.00130453195989844,2.05578810858567,2.12956686727909,2.15039890487641,3,5,5
"675",0.151686399441083,0.50415364052755,0.152577587398906,0.504137957193387,0.0166319736897677,0.00130065740632157,2.05581777463531,2.12958398804096,2.15041536643474,3,5,5
"676",0.151662404989325,0.504146790967771,0.152559733602295,0.504138600634922,0.0165839208107531,0.00129678777077413,2.0558191269622,2.12962409803903,2.15044831886132,3,5,5
"677",0.151665206696557,0.504152901649787,0.152550876388529,0.504138309508251,0.0165360739030763,0.00129293626154159,2.05583126498194,2.12964779300314,2.15046597203559,3,5,5
"678",0.151637203343295,0.504145447602489,0.152528329818961,0.504139859298204,0.0164884258392486,0.00128909667386734,2.05587986196433,2.12969306299829,2.15051926929971,3,5,5
"679",0.1516387834973,0.504152927782883,0.152520075730422,0.504137879026006,0.0164409826742276,0.00128528059132516,2.05593406280508,2.12970405740414,2.15052243718578,3,5,5
"680",0.151610804325215,0.504151389316905,0.152504798616837,0.50413888811833,0.0163937349238764,0.00128146979518917,2.05595484586273,2.12975402556581,2.1505450026763,3,5,5
"681",0.151613378844668,0.504154418647065,0.152480372265976,0.50413806386908,0.0163466896960299,0.00127769184647542,2.05593263581523,2.12976065512019,2.15056852043492,3,5,5
"682",0.151588963575569,0.50414531915652,0.15247749248665,0.504139262206931,0.0162998414575904,0.00127391684951639,2.05597249410204,2.12980251629215,2.15061162872014,3,5,5
"683",0.151590313040942,0.504155790288416,0.152459279546628,0.504138685822324,0.0162531908127427,0.00127017214777625,2.05600766206792,2.12981717258715,2.15060369390938,3,5,5
"684",0.151561077490672,0.504150100446993,0.152442926346035,0.504139192295918,0.0162067330764041,0.0012664466888116,2.05603751936342,2.12985530540185,2.15063562535159,3,5,5
"685",0.151565213644252,0.504151494216066,0.15242748141679,0.504139031352541,0.0161604740235168,0.00126274723882525,2.05599632367919,2.12986999306668,2.15066107282572,3,5,5
"686",0.151541624029709,0.504148516824347,0.152416608157927,0.504138973849511,0.0161144066237205,0.0012590534143595,2.05607550129081,2.12989861011683,2.15067576706469,3,5,5
"687",0.151539592739575,0.504153777804145,0.152403893071509,0.50413946749021,0.0160685324591115,0.00125538550005222,2.05609788020327,2.12992589419839,2.15069853280156,3,5,5
"688",0.151518081829267,0.504146254995678,0.152389390723313,0.504139320525882,0.0160228500991096,0.00125173444129434,2.05609297396553,2.12994829191176,2.15070917638067,3,5,5
"689",0.151517256362951,0.504154489018295,0.152369401894923,0.504139117063196,0.0159773598367956,0.00124811223391952,2.05613156628032,2.12998744134268,2.15074657033587,3,5,5
"690",0.151491999646269,0.504146669847339,0.15236105158298,0.50413848690946,0.0159320564337197,0.00124451478458132,2.05618027043994,2.13001217611011,2.15077281479662,3,5,5
"691",0.151492721544386,0.504151702053112,0.152337777705737,0.504138966445149,0.0158869440936043,0.00124094737381253,2.05615946717491,2.13003462100062,2.15078964975598,3,5,5
"692",0.151472550257737,0.504149364830913,0.152331129530752,0.504138930207007,0.0158420185988799,0.00123739597397488,2.05622113766848,2.1300668045319,2.150808833718,3,5,5
"693",0.151469366495815,0.504152781130173,0.152319287512852,0.504138917119998,0.0157972795869142,0.00123386518441571,2.05619373075977,2.13009606124156,2.15084463295997,3,5,5
"694",0.151445075920864,0.504146924704838,0.152296935794175,0.504139842653761,0.0157527253841376,0.00123034002100531,2.05626977493022,2.13012656738833,2.15086818907371,3,5,5
"695",0.151449527760099,0.504154323461531,0.152284808252283,0.504139002544418,0.0157083577229849,0.00122683492586806,2.05626432222134,2.13014488969767,2.15088401551577,3,5,5
"696",0.15142330773498,0.50414961691361,0.152267109920549,0.504139254111669,0.015664170786456,0.00122333774415195,2.05631897940434,2.13017435883437,2.15089659470415,3,5,5
"697",0.151423922787081,0.504152024764728,0.152268399320183,0.504138115819285,0.0156201690729857,0.00121985873101205,2.05628755799868,2.13020278608207,2.15092862877218,3,5,5
"698",0.151404082565917,0.50414876575078,0.152248063812131,0.504139389309714,0.0155763465040567,0.0012163866831717,2.05635837575734,2.13022936280493,2.15095836682331,3,5,5
"699",0.151403002994193,0.504152708105151,0.15223271931762,0.504138460232206,0.0155327057782903,0.00121293308707926,2.05637201367612,2.13024422240554,2.15095879958541,3,5,5
"700",0.151379498199298,0.504147413221051,0.152216735714391,0.50413860094288,0.0154892428555344,0.00120948454472958,2.05638176265812,2.13027595078126,2.15098181328693,3,5,5
"701",0.151383875148101,0.504154523073838,0.15221249903042,0.504138318401559,0.0154459608119643,0.00120606456866368,2.05639098766957,2.13030041610497,2.15101304350249,3,5,5
"702",0.15135995919882,0.50414916310607,0.152191099599868,0.50413788537064,0.0154028538747735,0.00120265684644916,2.05643373507917,2.13032260954706,2.15102091686117,3,5,5
"703",0.15136176795638,0.504154851291792,0.152184654393403,0.504138817329684,0.0153599262879945,0.00119926281627047,2.05646190715998,2.1303367542301,2.15103861450084,3,5,5
"704",0.151341481009334,0.504147597859048,0.15216470031544,0.504137948357213,0.0153171718643535,0.00119587073936778,2.05645908198528,2.13037325083441,2.15106645231067,3,5,5
"705",0.151339429055141,0.504153083261318,0.152155722354668,0.50413750614995,0.0152745936787813,0.00119249621841966,2.05647741386925,2.13039860931955,2.15108866961628,3,5,5
"706",0.151321668132531,0.504146535570604,0.152138599713636,0.504138339858617,0.0152321891515142,0.00118912904065493,2.05649125990179,2.13040924930551,2.1510944654195,3,5,5
"707",0.151322314607833,0.504152359752038,0.152126215328293,0.504138626141363,0.0151899579238344,0.00118578027659089,2.05652687587775,2.13044026081697,2.15113015801769,3,5,5
"708",0.151298544853766,0.504149188539735,0.152112928048084,0.504138327495174,0.015147896411029,0.0011824454987478,2.05656108673822,2.13046365006228,2.15113039657441,3,5,5
"709",0.151299642468318,0.504152486008307,0.152098507041082,0.504138402804023,0.015106008376396,0.00117913147070803,2.05652915578245,2.13049122775965,2.15116933186981,3,5,5
"710",0.151283649949997,0.50414861210715,0.152086459409293,0.504138557544633,0.0150642883233265,0.00117582211904677,2.0565950753076,2.13049796994471,2.15117339763308,3,5,5
"711",0.151282348849629,0.504153238315554,0.152077023451393,0.504137965690611,0.0150227396330354,0.0011725278428848,2.05659923724661,2.1305249041431,2.15118784380638,3,5,5
"712",0.151258683136313,0.504148473156559,0.152059727873316,0.504137367688661,0.0149813558563647,0.00116924639091975,2.05659461954403,2.13054880691653,2.15120993342375,3,5,5
"713",0.151267040170461,0.504154568547288,0.152047755939607,0.504137689383847,0.0149401427746053,0.00116598791222211,2.05662151937896,2.13057233746607,2.15123640199366,3,5,5
"714",0.151246149459092,0.504148796669739,0.152029335542879,0.5041383848431,0.0148990947521099,0.00116274102285885,2.05664210291483,2.13058044937324,2.15122532245242,3,5,5
"715",0.151246804499494,0.504152443485514,0.152026007473166,0.504138114943883,0.0148582141294154,0.00115952291329491,2.05663917708259,2.13060005260061,2.15125703753753,3,5,5
"716",0.151231735204066,0.504150967020997,0.152007709114363,0.504138210465268,0.0148174966986533,0.00115631888664391,2.05667668838711,2.13061783139685,2.15127014477231,3,5,5
"717",0.151228740590923,0.504152170179057,0.152001726300251,0.504137760371476,0.0147769456377734,0.00115312552068902,2.05667364634396,2.13065593391562,2.15128659237021,3,5,5
"718",0.151214840596068,0.504148698604334,0.151986872780344,0.504138081306557,0.0147365562495385,0.00114993594656398,2.05668769439993,2.13064513468508,2.15128368125112,3,5,5
"719",0.151217194602672,0.504153017666292,0.151977538731925,0.504137852492482,0.0146963312732867,0.00114676049718387,2.05669671407363,2.1306779460674,2.15132024522279,3,5,5
"720",0.151199738823914,0.504150741105253,0.15195909932423,0.504138810953631,0.0146562666658166,0.00114359076145976,2.05671655726844,2.13068372308085,2.15129944274961,3,5,5
"721",0.151197437086423,0.504151372576548,0.151955772390107,0.50413777357768,0.0146163634957614,0.00114043211937764,2.05670874705617,2.13072027579012,2.15134498928391,3,5,5
"722",0.151190325760231,0.504150347729204,0.151943656185119,0.504138116724149,0.0145766204958425,0.00113728469045093,2.0567368124489,2.13069675973191,2.15131984908068,3,5,5
"723",0.151185202125955,0.504151930360654,0.151936774334278,0.504138119533383,0.0145370377240706,0.00113415465830458,2.05673917279709,2.13074376654749,2.15134956933079,3,5,5
"724",0.151169636156264,0.504149878446664,0.151929705644399,0.504137596395995,0.0144976109845487,0.00113103737145592,2.05675669621078,2.13073721490969,2.15134582060017,3,5,5
"725",0.151172877302271,0.504151792877064,0.151904131317654,0.504138146811538,0.0144583437304898,0.00112793603012795,2.05675402925908,2.13077161491523,2.15138104741731,3,5,5
"726",0.151158286577463,0.50414870441014,0.151904893086122,0.504138101190104,0.0144192325562455,0.00112483952083642,2.056776900255,2.13076225208163,2.15134912881046,3,5,5
"727",0.151155322596671,0.504152507932867,0.151889739040953,0.50413799852878,0.0143802773695136,0.00112175418339933,2.056799145984,2.1307962166898,2.15140412102686,3,5,5
"728",0.151145058050531,0.504151457545002,0.15187188078362,0.504137968447351,0.0143414767665877,0.00111867843372515,2.05679009242119,2.13078101158493,2.15137582689771,3,5,5
"729",0.151141012220178,0.504150314999698,0.151866430396421,0.504138105189452,0.0143028311964809,0.00111560854310822,2.05679724037351,2.13083596504403,2.15141812590139,3,5,5
"730",0.151130646532398,0.504150559874183,0.151846792951225,0.504137693467322,0.0142643377927334,0.00111255194530424,2.05681754616258,2.13079636862877,2.15139036490007,3,5,5
"731",0.151128299688193,0.504152036275446,0.151840765354321,0.504137492055074,0.0142259981860322,0.00110950577121605,2.05684519497272,2.13085725269266,2.15144116883088,3,5,5
"732",0.1511154557602,0.504150872417022,0.151828245820879,0.504136941789501,0.0141878095731701,0.00110647505040873,2.0568046828295,2.1308269651339,2.15139982984823,3,5,5
"733",0.151110992399878,0.504149301332059,0.151831846489253,0.504137613745219,0.0141497708085453,0.00110345430802972,2.05684437321815,2.13089280535424,2.15147791351726,3,5,5
"734",0.151102872808148,0.504151516809236,0.151799987841325,0.504138191604823,0.0141118824386862,0.00110044237821894,2.05689250404931,2.13086277106863,2.15144398812877,3,5,5
"735",0.151096217350459,0.504153623186945,0.151794556085536,0.50413837183251,0.0140741447356991,0.00109744973609571,2.05686063120575,2.13089369661199,2.15145133583839,3,5,5
"736",0.151085271365893,0.504149197901924,0.15177858701821,0.504137043118891,0.0140365540821291,0.00109448139325841,2.05686473600063,2.13089270962951,2.15146257970387,3,5,5
"737",0.151078034162304,0.504150749578307,0.151778947248136,0.504137683716524,0.0139991102799806,0.00109151811127794,2.05691429128269,2.13095205918955,2.15151808675714,3,5,5
"738",0.151073462017968,0.504150168308884,0.151755591623702,0.504138243979144,0.0139618145508355,0.00108856485572417,2.05689123776092,2.13090310667569,2.15146801134135,3,5,5
"739",0.151060071884397,0.504152083297329,0.151757986757517,0.504137977518039,0.0139246643404731,0.00108562312908134,2.05691838541509,2.1309580755301,2.1515122729692,3,5,5
"740",0.15105223439454,0.504150933510765,0.151743275036223,0.504137785236178,0.0138876591932498,0.00108268992299787,2.05692164191127,2.13095190215756,2.15150284365283,3,5,5
"741",0.151043769712785,0.504153154522736,0.15173666062606,0.504137314686362,0.0138507980623537,0.00107976637214924,2.05695579138419,2.13097804587268,2.15153227366534,3,5,5
"742",0.151037027387484,0.504147349550991,0.151720423278709,0.504137601776663,0.0138140809230596,0.001076850257277,2.05691391403975,2.13096098447279,2.15151508097083,3,5,5
"743",0.151025342096459,0.504152713319463,0.151707382308035,0.504137492857197,0.013777506631357,0.00107394539247718,2.05697887957527,2.13101169502372,2.1515556952097,3,5,5
"744",0.151025147434676,0.504150121242812,0.151697883268031,0.504138170928876,0.0137410769446025,0.00107104998146601,2.05698497527103,2.13099453419728,2.1515430649688,3,5,5
"745",0.151008601436925,0.504150042722229,0.151690540834982,0.504136781321767,0.0137047874533913,0.00106816127389875,2.05698730930225,2.13104018709653,2.1515876800692,3,5,5
"746",0.151001831555386,0.504149122434826,0.151678786816822,0.504137524365108,0.0136686389002688,0.00106527935405354,2.05700546566835,2.13103353270352,2.15158261926493,3,5,5
"747",0.150999497554405,0.504152935141168,0.151658421635515,0.504137447730563,0.0136326331804921,0.00106240958555059,2.05701745119757,2.13105818508941,2.15160411853289,3,5,5
"748",0.150989845482868,0.504150145052854,0.151652010411002,0.504138171846227,0.0135967661140233,0.00105954516606455,2.05700869520978,2.13105644235523,2.15159830196893,3,5,5
"749",0.150980838205357,0.504150275465089,0.151648233490325,0.504138311299319,0.0135610380853441,0.00105668553916705,2.05705471784517,2.13112434484994,2.15166838166349,3,5,5
"750",0.150980789642309,0.504150193533019,0.151628102756286,0.504137468461009,0.0135254491485063,0.00105383595003927,2.05704539728121,2.13108901055392,2.15163361638991,3,5,5
"751",0.150969879371657,0.504150266031134,0.151625591916468,0.50413732550921,0.0134899988557748,0.00105099579088386,2.05705970492325,2.13114155100716,2.15168426700001,3,5,5
"752",0.150959986043845,0.504149966726099,0.151595024863374,0.504137635800715,0.0134546830453607,0.00104816961573262,2.0570827722088,2.1311349900365,2.15167821155958,3,5,5
"753",0.150956994513071,0.504153809460842,0.151606010367297,0.504137674348103,0.0134195054438616,0.00104535709227005,2.05711393342758,2.13119435861034,2.15173688622233,3,5,5
"754",0.1509508999095,0.504145562909681,0.151576662794446,0.504138017988566,0.0133844625897199,0.00104254247949509,2.05708541186948,2.13115860022596,2.15170807112773,3,5,5
"755",0.150938970813445,0.50415232434613,0.151579107275839,0.5041384041242,0.0133495547628756,0.00103974145111163,2.05714247137452,2.13122863635814,2.15177425854517,3,5,5
"756",0.150936023595621,0.50415242196491,0.151567370979344,0.504138214676406,0.0133147809193969,0.00103695651126756,2.05713841742324,2.13120827715751,2.15175072843281,3,5,5
"757",0.150927002386142,0.504149138277459,0.151557733177536,0.504137120538648,0.0132801409946176,0.00103418198507188,2.05716264269578,2.13126725412565,2.15181533600352,3,5,5
"758",0.150915618436312,0.50414687195618,0.151539323323006,0.504138297396803,0.0132456320749851,0.00103141216240898,2.05718925295723,2.13126276084817,2.15182076330147,3,5,5
"759",0.150917770858898,0.504158555860479,0.15152702997215,0.504137469460986,0.0132112579372772,0.00102867531181683,2.05722113647541,2.13130041443595,2.15184584380799,3,5,5
"760",0.150905237521013,0.504150848200665,0.151512399981756,0.504138680015835,0.0131770129042579,0.0010259457849553,2.05721052943618,2.1312905040722,2.1518371381297,3,5,5
"761",0.150897456890375,0.504147303115542,0.151512385466331,0.504137058731873,0.013142899086736,0.00102321891617296,2.05724930363977,2.13133642692159,2.15189180442285,3,5,5
"762",0.150900272125218,0.50415328135909,0.151506358636018,0.504138135950821,0.0131089156226209,0.00102051007857629,2.05723746417781,2.13133424127965,2.15188970973923,3,5,5
"763",0.150893097364645,0.504155000289402,0.151482728194365,0.504137355473182,0.0130750631945706,0.00101781921803923,2.05723404348152,2.13133385954946,2.15188888007629,3,5,5
"764",0.150879650722313,0.504149909191558,0.151482173849679,0.504138846968468,0.0130413364050409,0.00101513028285238,2.05726202309776,2.13133987832765,2.15189803339066,3,5,5
"765",0.150885222831666,0.50415532218841,0.151461212914,0.504137378566033,0.0130077407314309,0.00101245931759253,2.05729671446722,2.13139280670379,2.15195280187977,3,5,5
"766",0.15087601560241,0.504148147036683,0.15145726755595,0.504137761457529,0.012974271443662,0.00100978833701892,2.05725020970414,2.13135490707632,2.15192612888605,3,5,5
"767",0.150871407165282,0.504153478584195,0.151438602062296,0.504137297642863,0.0129409299878266,0.00100712939179426,2.05728621430285,2.13138972847309,2.15195101666127,3,5,5
"768",0.150874003115684,0.504152542925046,0.151442136627711,0.504137535655546,0.0129077149521297,0.00100448508839779,2.05727833103399,2.1313708778486,2.15194495670797,3,5,5
"769",0.150863317658897,0.504152162974878,0.151419487347161,0.504136343934784,0.0128746265591354,0.00100184748309307,2.05729079430016,2.13141078435639,2.15197934236834,3,5,5
"770",0.150855877496167,0.504146169855906,0.151424629904387,0.504136720635716,0.0128416608589021,0.000999209742440055,2.0572796956294,2.13140710155766,2.15198038314835,3,5,5
"771",0.150861656876789,0.504157817416267,0.151408382770737,0.504136964360229,0.0128088231499271,0.000996592682752095,2.05732534434375,2.13141436259715,2.1519992381478,3,5,5
"772",0.150850534578041,0.504149811396817,0.151404592873806,0.504137836554538,0.01277610677347,0.000993974133148834,2.05729391790718,2.13139216817887,2.15196707246582,3,5,5
"773",0.150841065196932,0.504152417887537,0.151386847450354,0.504137183021601,0.012743515262175,0.000991366646690306,2.05732739447356,2.13145497385213,2.15202691829813,3,5,5
"774",0.150841155570503,0.504151006484359,0.151382232434657,0.504136934841407,0.0127110467923643,0.000988765426949922,2.0573373421233,2.13144231761071,2.15203523200004,3,5,5
"775",0.150839990638181,0.504150694435686,0.151366674134821,0.504137244357972,0.0126787017144988,0.000986173130223311,2.05732015115308,2.13144236424539,2.15202692334777,3,5,5
"776",0.150822088666185,0.504149177082938,0.151366196159985,0.504137578266042,0.0126464748458653,0.000983586895536237,2.05733011275474,2.13145831027063,2.15203533855219,3,5,5
"777",0.150830549917125,0.504157271215856,0.151347545422786,0.504136396995232,0.0126143742241473,0.000981019087055723,2.05734715682207,2.13148702902154,2.15207857889508,3,5,5
"778",0.150821227200382,0.504146114757359,0.151339518555484,0.504137190559655,0.0125823912217808,0.000978443923513428,2.05734908995691,2.13146663243248,2.15206077418402,3,5,5
"779",0.150813322465609,0.504151403363496,0.151334369401569,0.504137242733969,0.0125505284954644,0.000975886440548135,2.05737037963703,2.13150503190189,2.15209309288214,3,5,5
"780",0.150813230641693,0.504152533510722,0.151323921415088,0.504137284290075,0.0125187856123177,0.00097334428891338,2.05737053046828,2.13148576734814,2.15207996079018,3,5,5
"781",0.15080676005596,0.504151211919097,0.151335920668428,0.504138272744255,0.0124871624513852,0.000970818428058462,2.05736158095514,2.13151356531079,2.1521068561869,3,5,5
"782",0.1507952681822,0.504144702841663,0.151310929500301,0.504136717304526,0.0124556547906013,0.000968295361836069,2.05739690824058,2.13151836538819,2.15211216593857,3,5,5
"783",0.150804460717683,0.504154371987947,0.151312783370448,0.504138059042501,0.0124242682291863,0.000965794683638443,2.0573988658586,2.13153788681702,2.15214887039156,3,5,5
"784",0.150788912475387,0.504150123996475,0.151297860051894,0.504137271873363,0.0123929950361162,0.000963295963742894,2.05742656347667,2.1315265517435,2.15212861155766,3,5,5
"785",0.150782841162544,0.504149773880906,0.151295347289673,0.50413620207152,0.0123618402074634,0.00096080962270606,2.0574095270483,2.13156747703001,2.152157047947,3,5,5
"786",0.150781826377524,0.50415077947945,0.151275868050263,0.504136974002839,0.0123308009613058,0.000958329399923685,2.05744696003652,2.13155270402554,2.15216430036387,3,5,5
"787",0.150778116689318,0.504153133541112,0.151283093943347,0.504137934053204,0.01229987667191,0.000955856723623638,2.05744270676623,2.13158009413083,2.1521701290003,3,5,5
"788",0.150760978282082,0.504148168221394,0.151269300825515,0.504136939327312,0.0122690639705205,0.000953384167235449,2.05745804630077,2.13158780890343,2.15217529594095,3,5,5
"789",0.150766149499354,0.504158986774838,0.151268265040034,0.504138494218096,0.0122383696175841,0.000950934532245484,2.05745067669033,2.1316015611882,2.1521996508687,3,5,5
"790",0.150753069834526,0.504146034224358,0.151244537250903,0.504137926525068,0.0122077860532332,0.00094847754576044,2.05747553053206,2.13157344872205,2.15216787575115,3,5,5
"791",0.150751037863661,0.504152224269878,0.151249672456474,0.504137223869656,0.0121773159192955,0.000946035319452476,2.05747807722791,2.13163995656865,2.15221885613933,3,5,5
"792",0.150747464570864,0.504152522844852,0.151220766010884,0.504137381539515,0.0121469586241671,0.000943602932686249,2.05745521876119,2.1315990852804,2.15219227414899,3,5,5
"793",0.150739556681951,0.50415452204517,0.151223689109519,0.504137372712126,0.0121167144086683,0.000941178366605788,2.05747399020266,2.13162524202054,2.15219461184705,3,5,5
"794",0.150732501975284,0.504146476308955,0.151209804745732,0.504137331183346,0.0120865799512105,0.00093876144062055,2.05749781071432,2.13162633338565,2.15219128427707,3,5,5
"795",0.150736004251933,0.504156671025964,0.151214500339013,0.504137709764357,0.0120565593627685,0.000936380944803306,2.05750378239696,2.13165212267843,2.1522208229472,3,5,5
"796",0.150721349274339,0.504149337809541,0.151205011469647,0.504137289721755,0.0120266461422402,0.000934016330557452,2.05749310392556,2.13163604407502,2.15219816390256,3,5,5
"797",0.150721020539868,0.504151350259403,0.151205493923912,0.50413735906552,0.0119968454576165,0.000931659915449301,2.05750465273782,2.13166545815151,2.15221543909422,3,5,5
"798",0.150716151058354,0.504150725580852,0.151185646124777,0.504137126058507,0.0119671535742129,0.000929309136735723,2.05751812994944,2.13164983867916,2.15220701492064,3,5,5
"799",0.150711475922274,0.504155860366169,0.15119726022105,0.504137242234259,0.011937571195254,0.000926975984793743,2.05755162353481,2.13169991004199,2.15224117922227,3,5,5
"800",0.150705416676711,0.504147205455948,0.151163269570324,0.504137870169649,0.0119080962604609,0.000924638259835686,2.05754083482613,2.13168561236099,2.15221653455696,3,5,5
"801",0.150709709336966,0.504154083944411,0.151176440110315,0.504137017019859,0.0118787323752694,0.000922325491073739,2.05752132795705,2.13170571570148,2.1522346545671,3,5,5
"802",0.150695266421069,0.504153258778208,0.151160289202656,0.504137004115447,0.011849473704333,0.000920016293537218,2.05757200334478,2.13170911366584,2.15222334294792,3,5,5
"803",0.150698056661432,0.504149708815947,0.151164185852559,0.50413644655782,0.0118203234802971,0.000917713113197549,2.05756730067737,2.13173832043376,2.15223971645531,3,5,5
"804",0.150695986035408,0.504153281175294,0.151146479785578,0.504137846242934,0.0117912797465336,0.000915426684627296,2.05755428003834,2.13171674741915,2.15222284284366,3,5,5
"805",0.150694702543108,0.504155361027973,0.151148241570394,0.504136390380463,0.0117623433310638,0.000913147984730855,2.05755945947279,2.13174308460992,2.1522203838571,3,5,5
"806",0.150682756287641,0.504148697937091,0.15113369006282,0.504137381334016,0.0117335110123329,0.00091086703041432,2.05757904467379,2.13174312723842,2.15223773796915,3,5,5
"807",0.150690506018902,0.504154044506702,0.151137010902237,0.504137156359555,0.0117047860827745,0.000908603680543019,2.05758841137201,2.13176257236958,2.15224026594622,3,5,5
"808",0.150677891806886,0.504153609442715,0.151120652675892,0.504137656455094,0.0116761635669412,0.000906346236791866,2.05761577332944,2.13175374437655,2.1522261431004,3,5,5
"809",0.150679199579259,0.504151181973934,0.151121882373228,0.504136369859126,0.0116476471800005,0.000904096298129153,2.05758757077336,2.13177900589331,2.15224865642575,3,5,5
"810",0.15067519416553,0.504154463106885,0.151116384077477,0.504136273502618,0.0116192339591025,0.00090185622143113,2.05761232800989,2.13176733580043,2.15223839457011,3,5,5
"811",0.150672643719861,0.504152723073614,0.151111244100881,0.504137015260014,0.0115909226813627,0.000899617108015449,2.05764893634879,2.13180517570083,2.1522524422001,3,5,5
"812",0.150662442919383,0.504151141989659,0.151100630607324,0.504136701130396,0.0115627133816456,0.000897388605969884,2.05762368038142,2.13177758046327,2.15224741881,3,5,5
"813",0.150672843861466,0.504154092368455,0.151097346770222,0.504136821664736,0.0115346091837775,0.00089517061744282,2.05760398047513,2.13179835141882,2.15224637838277,3,5,5
"814",0.150653179679018,0.504152389388237,0.151088604639818,0.504136621612906,0.0115066029375959,0.000892955497320047,2.0576623725962,2.13181077047943,2.15225679348653,3,5,5
"815",0.150659643504379,0.504149900555774,0.151077400785776,0.504137237226152,0.0114786990994837,0.000890752849544985,2.05762209750487,2.13183165326942,2.15228043453914,3,5,5
"816",0.150651370961045,0.504152599897944,0.151090240803525,0.504136615786922,0.0114508959981654,0.000888560456287046,2.0576640911205,2.13180742194795,2.15226285058275,3,5,5
"817",0.150654808790993,0.504152805689967,0.151063455094204,0.50413796984505,0.0114231936264107,0.00088637973557637,2.05765055085433,2.13183697129901,2.1522696500373,3,5,5
"818",0.150637950141035,0.504154833817347,0.151068192864833,0.504137112512337,0.0113955892455351,0.000884208026046052,2.0576763760367,2.13181821625364,2.15227560512561,3,5,5
"819",0.15065387963568,0.50414875270301,0.151051166079489,0.504137180559091,0.0113680861778193,0.000882038938601837,2.05766732530066,2.13184447805364,2.15229270785618,3,5,5
"820",0.150636087518989,0.504152967640798,0.151056113530627,0.504136532623749,0.0113406802317556,0.000879880327332327,2.05768951981333,2.1318255457505,2.15228437145607,3,5,5
"821",0.150645995086479,0.504153355241441,0.151039978833195,0.504137618415012,0.0113133750222441,0.000877732677529997,2.05762466586083,2.13181928699109,2.15227623406544,3,5,5
"822",0.150633075904434,0.504150183736417,0.151049137569773,0.50413747483947,0.011286166465177,0.000875584117329353,2.0576825787828,2.13182510409299,2.15228696106237,3,5,5
"823",0.150640434392878,0.504150506196771,0.151035101712036,0.504137505568963,0.0112590552040287,0.000873440372714085,2.05768761794562,2.13185418517549,2.1523170378803,3,5,5
"824",0.15062690110727,0.50415045004265,0.151027688582972,0.504136798530518,0.0112320403740406,0.000871303137824575,2.0576578146849,2.13180833279591,2.15229302567421,3,5,5
"825",0.15063962383125,0.504149585266207,0.151026330376164,0.504137342153631,0.0112051242210704,0.000869170718395207,2.05763821352637,2.13183767725856,2.15230333259473,3,5,5
"826",0.150622866000499,0.50415408544156,0.151021202037788,0.504136580150564,0.0111783022734569,0.000867046809183258,2.05768655057586,2.13182260504722,2.15229396291027,3,5,5
"827",0.150632327548552,0.504147900356858,0.151015076858046,0.504137564951285,0.0111515770848023,0.000864925897957836,2.05765295992568,2.13182647003644,2.15231385848597,3,5,5
"828",0.150621308575404,0.504149219405224,0.151006941655996,0.504137058039659,0.0111249458074763,0.000862812585401773,2.05768757141283,2.13182722391758,2.15231498756568,3,5,5
"829",0.150628504376673,0.504151855291288,0.151011508602429,0.50413649774935,0.01109841111107,0.000860707918095227,2.05765945884017,2.13184607400773,2.15231580907358,3,5,5
"830",0.150613881973472,0.50415149741361,0.150999284665208,0.504136542175697,0.0110719691642548,0.000858613705873035,2.0576477887556,2.13180552786745,2.15230263760823,3,5,5
"831",0.150627000314654,0.504147194225743,0.15099393750188,0.504136834455174,0.0110456222560014,0.000856519644725218,2.05766929635414,2.13184794346391,2.15232545286475,3,5,5
"832",0.150614215045392,0.504152912436306,0.150986227488014,0.504136447569254,0.0110193676450688,0.000854440129714029,2.05768456943118,2.13182311836526,2.15230203558779,3,5,5
"833",0.1506223925975,0.504151574263743,0.150977306272013,0.504137095438655,0.0109932074805641,0.000852370593054985,2.05764174300327,2.13181648928975,2.15230153901397,3,5,5
"834",0.150611796324352,0.504149657172998,0.150964170090664,0.504136870917533,0.0109671390022149,0.000850306927729361,2.05763847737162,2.13182245922755,2.15230283383573,3,5,5
"835",0.15061897744689,0.504150542233021,0.15096939884245,0.504136846538087,0.0109411628414789,0.000848247024839544,2.05768003526473,2.13185449440173,2.15232444755445,3,5,5
"836",0.15060811921742,0.504151894440165,0.150963621088464,0.504136483157117,0.0109152774668855,0.000846197399307136,2.05764386164958,2.1317934816646,2.15228782924478,3,5,5
"837",0.150621273262364,0.504149124789799,0.150965317435841,0.504137237210115,0.0108894860289295,0.000844155991942208,2.05760796349602,2.13182264441394,2.15229009701146,3,5,5
"838",0.15060361746234,0.504155076596175,0.150954886063056,0.504136608333715,0.0108637825707714,0.000842125149370876,2.05766699974396,2.13183207977854,2.15229978608351,3,5,5
"839",0.150614860658105,0.504148271409299,0.150955549831696,0.50413684405883,0.0108381709503427,0.000840092216479071,2.05765385389584,2.13184226398951,2.15231567681948,3,5,5
"840",0.150604581854307,0.504150858035639,0.150948466612103,0.504136779604328,0.0108126481223379,0.000838066096075174,2.05765426822097,2.13182058546227,2.15229135122245,3,5,5
"841",0.150615700370353,0.504154020623734,0.15095131711307,0.504137309398508,0.0107872163933333,0.000836048819018775,2.05761643467517,2.13182246009306,2.15228362428623,3,5,5
"842",0.150602341326263,0.504151902036339,0.150940833063285,0.504136564926055,0.010761872191131,0.000834035744722184,2.05762623841548,2.1318151116521,2.15228375907895,3,5,5
"843",0.150613925985539,0.504146513478308,0.150942332066936,0.504136816269057,0.0107366178685315,0.000832023340695209,2.05766365257656,2.13185952030594,2.15231597733562,3,5,5
"844",0.150601143603215,0.504153792283746,0.150926122909739,0.504136152815603,0.0107114491173679,0.000830025523708477,2.05765118690705,2.13181449353236,2.1522898466751,3,5,5
"845",0.150613381937537,0.504151079586313,0.150932204691705,0.504136717221533,0.0106863715421121,0.000828034010653567,2.05759478495355,2.13181050387333,2.15226730520237,3,5,5
"846",0.150603892844309,0.504153773776132,0.15091034119251,0.504136213269608,0.0106613793659258,0.000826053520663561,2.05763822971493,2.13181806997739,2.15227245797735,3,5,5
"847",0.150608822060305,0.504148804255744,0.150931290251863,0.504136716702986,0.0106364736248096,0.000824077005600721,2.05764639455524,2.13184207827037,2.15228771865858,3,5,5
"848",0.150599222298732,0.504151070833799,0.150908726758904,0.504138014633697,0.0106116538179832,0.00082211570033508,2.05762411151,2.13178517405544,2.15225503280854,3,5,5
"849",0.150613691796406,0.504149271400434,0.150917963726877,0.504137101023115,0.0105869228922287,0.000820159525436459,2.05757594519949,2.13180170038218,2.15224282873589,3,5,5
"850",0.150597689355922,0.504156716605125,0.150900858012684,0.504137245912989,0.0105622738329348,0.000818216462971866,2.05760846101948,2.13179038970894,2.15223612159352,3,5,5
"851",0.150603528431865,0.504145452929929,0.15089991688421,0.504136970259231,0.0105377118056849,0.00081627152779129,2.05763099704699,2.13182514800091,2.15227063657342,3,5,5
"852",0.150604713383386,0.504151632316415,0.150889579642995,0.504136524970329,0.0105132359741467,0.000814340472086839,2.05762002437591,2.13175638787016,2.15221063638752,3,5,5
"853",0.150614324591328,0.50415563029459,0.150890221296452,0.504136566624674,0.0104888463477383,0.000812421831039911,2.0575588465658,2.13176726546142,2.15219869665124,3,5,5
"854",0.150592587862597,0.504153287871311,0.15087658193298,0.504137021653559,0.0104645363070918,0.000810497635680418,2.05764307846968,2.1317870131309,2.15222367894697,3,5,5
"855",0.150605997577186,0.504149540169886,0.150884439859279,0.504137031969907,0.0104403133821686,0.000808577456111181,2.05763406449864,2.13177206099305,2.15219271688242,3,5,5
"856",0.150595209350924,0.504153821842727,0.150870685568404,0.504138016278328,0.0104161731701746,0.00080666658747941,2.05762103233875,2.13174047236397,2.15218503918862,3,5,5
"857",0.150601068287118,0.504151345977877,0.150880547740432,0.504137409577866,0.010392117296451,0.000804757770363373,2.05758116489769,2.13175917081294,2.15216983823893,3,5,5
"858",0.150585294672066,0.50415505748428,0.150864639683966,0.504136340779443,0.0103681413684025,0.000802859623960539,2.05766701111708,2.13174785082299,2.15216728793798,3,5,5
"859",0.150593943956248,0.504151585895144,0.150863926824113,0.50413683332033,0.0103442493647204,0.00080096119764872,2.05762818066535,2.13178721920919,2.15217644421631,3,5,5
"860",0.150573404724156,0.504149653083183,0.150846457837619,0.504136330763369,0.0103204377163587,0.000799067232205908,2.0576467767418,2.13174573882042,2.15215468800464,3,5,5
"861",0.150583065415429,0.504157414563269,0.150841615156867,0.504136463354585,0.0102967091585856,0.000797185100365305,2.05761772945919,2.13176793579807,2.15215435842782,3,5,5
"862",0.150561761845189,0.504151430790423,0.150845360849824,0.504136654235466,0.0102730585521838,0.000795300013373912,2.05766703234538,2.13178969294153,2.15217354467837,3,5,5
"863",0.150564599552606,0.504151841165477,0.150839071567298,0.504136486299305,0.0102494900330275,0.000793421862021693,2.05767125421697,2.13181357984928,2.15218461352661,3,5,5
"864",0.150553795305985,0.504151007048453,0.150829784439547,0.504137530568264,0.0102260010119856,0.000791552852526411,2.05769258835003,2.13176775995415,2.15214780722442,3,5,5
"865",0.150552603744016,0.504157027337788,0.150831691607328,0.504137483234756,0.010202593361845,0.000789697427184599,2.05766254850972,2.13183610149825,2.15220469505497,3,5,5
"866",0.150533689753036,0.504152611404693,0.150820675161564,0.504137010123939,0.0101792618470687,0.000787849654312334,2.05767648959824,2.13180963381866,2.15217472120064,3,5,5
"867",0.150534271629904,0.504147054153197,0.150832186857678,0.504136279290752,0.010156010296893,0.00078599762210052,2.05773806900824,2.13187490246757,2.15223184166456,3,5,5
"868",0.150523973622631,0.504157323569487,0.150809868566757,0.504136587737401,0.010132837845591,0.000784169272958879,2.05770403938702,2.13183066044556,2.15220665798727,3,5,5
"869",0.150520732130059,0.504157488218198,0.150822479489051,0.504136663535527,0.0101097441756982,0.000782348032314695,2.05771408985816,2.13186735869737,2.15222811503555,3,5,5
"870",0.150505255045503,0.504148467387824,0.150801100477986,0.504137247114007,0.0100867252863136,0.000780524502334456,2.0577288616452,2.13187493638,2.15222611834172,3,5,5
"871",0.150509381759167,0.504155538603511,0.150821226345473,0.504136531809268,0.010063786025909,0.000778712219508093,2.05775298992944,2.13188668817757,2.15226780843478,3,5,5
"872",0.150492562282682,0.504152216220332,0.150796997649113,0.504137426864782,0.0100409234828024,0.000776901235248428,2.05775188512866,2.1318700065856,2.1522329637069,3,5,5
"873",0.150486891808303,0.504149940006113,0.150814838295029,0.504136037025515,0.0100181360705152,0.000775090943391121,2.05777215945511,2.13193222269382,2.15229710953887,3,5,5
"874",0.150483954873879,0.504156499744977,0.150792047050007,0.504137159081342,0.00999542545128679,0.000773300211668548,2.05772654676511,2.13187980737185,2.15227078500738,3,5,5
"875",0.150477440389739,0.504153091017537,0.150796382095925,0.504136149228545,0.00997279116731607,0.000771508450972069,2.05777113816322,2.13193603404009,2.15232467027418,3,5,5
"876",0.150460888995024,0.504146738931416,0.150785814134911,0.504136886503039,0.009950230138188,0.000769712771679143,2.05782109613176,2.13193376650369,2.15231283592058,3,5,5
"877",0.150464719414419,0.504156133772071,0.15078691538412,0.504136396368624,0.00992774706825252,0.000767934768531986,2.05777283871888,2.13193182804795,2.15235863394178,3,5,5
"878",0.150448966136926,0.504152170001601,0.150784755118926,0.504136470625609,0.00990533759473899,0.000766161306778979,2.0578038961474,2.13194659486959,2.15234340680742,3,5,5
"879",0.150446892428754,0.50414720133738,0.150771954415339,0.504136495939535,0.00988300109446458,0.00076438419088698,2.05784538447643,2.13199675792611,2.15239975853243,3,5,5
"880",0.150437802457843,0.504156190191594,0.150780423660329,0.504136861172518,0.00986074002534683,0.000762621875486258,2.05785368856066,2.13192556544597,2.15236648442152,3,5,5
"881",0.150428118917592,0.504154179643199,0.150754352651975,0.504135845904567,0.00983855392668347,0.000760872059563988,2.05784149670469,2.13200374125342,2.15243844450724,3,5,5
"882",0.150419400246524,0.504149854127689,0.150765234870822,0.504137006937929,0.00981643952012722,0.000759123874380152,2.05789378490443,2.13199286773029,2.15240672710003,3,5,5
"883",0.150424755843181,0.504154299517676,0.150754203626372,0.504136295728507,0.00979439968443918,0.000757383527509203,2.05790408000842,2.13200315039617,2.15246991263407,3,5,5
"884",0.150410913756987,0.504152409347942,0.150755420493882,0.504136320327019,0.00977243270657061,0.000755652468639623,2.05790795543653,2.1319984401579,2.15245083998306,3,5,5
"885",0.150399398005095,0.504149048300456,0.150752577245759,0.504136106516046,0.00975053721627231,0.000753922291210629,2.05792850847326,2.13204755305129,2.15249199776541,3,5,5
"886",0.1504006851073,0.504156250434771,0.150747023001054,0.504137572758174,0.0097287146837742,0.000752212077413938,2.05792521078662,2.13200058630374,2.15249326071219,3,5,5
"887",0.150392633114574,0.504149777710492,0.150748333214551,0.50413624908558,0.0097069635122572,0.000750495508807236,2.05794934556419,2.13209357062545,2.15256832596661,3,5,5
"888",0.150383744330588,0.504150527885724,0.150745960443021,0.504136525459449,0.00968528317561669,0.000748783362642724,2.05801643649154,2.13204996627475,2.15252341162385,3,5,5
"889",0.150382011937739,0.504154033245854,0.15074155896582,0.504136150709111,0.00966367597229169,0.000747081350344514,2.05794752690001,2.13206706697007,2.15258261265857,3,5,5
"890",0.150371609570511,0.504152183657482,0.150742169945296,0.504136533389838,0.00964213899287178,0.000745388763677135,2.05796695831759,2.13209782221837,2.15259429062922,3,5,5
"891",0.150368533343534,0.504148147335634,0.150726310602761,0.504135980283122,0.00962067138172737,0.000743690809548614,2.05805073741901,2.13215210231495,2.15264354468901,3,5,5
"892",0.15036638514588,0.504154719103741,0.150723245127789,0.504136583238692,0.00959927550900468,0.000742011736196924,2.05801104216522,2.13206946816784,2.1526137846705,3,5,5
"893",0.150360402176921,0.504149932441481,0.150718593922494,0.504135874556755,0.00957795188535164,0.000740330745552353,2.05803823823165,2.13216705614713,2.15268311115117,3,5,5
"894",0.150355801472013,0.504150589173635,0.150710104437537,0.504136645804194,0.00955669581175203,0.000738656454462139,2.05804691407161,2.13215069441345,2.15267080188602,3,5,5
"895",0.150360113148284,0.504152093637883,0.150712694819232,0.504136028784636,0.00953551241134518,0.000736986426448261,2.05806027981337,2.13216267190586,2.15270847586942,3,5,5
"896",0.150350969610674,0.504153033067469,0.150710388459032,0.504136387050567,0.00951439793241269,0.000735318912224447,2.05808641977245,2.13215353706827,2.15269096677283,3,5,5
"897",0.150352541337083,0.504150758748,0.150693677440439,0.504137096719799,0.00949335344405028,0.000733653950950375,2.05807367110324,2.13218807606044,2.15272418838452,3,5,5
"898",0.15034659708749,0.50415565484945,0.150707476366871,0.504136239592044,0.00947237703842896,0.000732007787048738,2.05806859897368,2.13216655513651,2.15274062792941,3,5,5
"899",0.150347340038673,0.504147207168431,0.150686117114852,0.504136590357339,0.00945147087677245,0.000730360832905674,2.05807858201629,2.13221360954195,2.15275842061447,3,5,5
"900",0.150337231928128,0.50415334999647,0.150698875932336,0.504136786061163,0.00943063170634861,0.000728727845497046,2.05813188873259,2.13219009722084,2.15272914705315,3,5,5
"901",0.150343908346623,0.504155518979966,0.150683936380989,0.504137593421834,0.00940986401185078,0.00072710354754002,2.05813648876655,2.13220635012837,2.15276539562768,3,5,5
"902",0.150334740192646,0.504151898812579,0.150688374748409,0.504136511978067,0.00938916138242444,0.000725482717007453,2.05808943334141,2.1322217852948,2.15278804836347,3,5,5
"903",0.150337026290514,0.504144590272217,0.150680201626269,0.504136967498534,0.00936852809907697,0.000723857876809175,2.05811749531073,2.13223433469819,2.15277357785878,3,5,5
"904",0.150331775794436,0.504159819740726,0.15067490448872,0.504137153330543,0.00934796193657783,0.000722256173925517,2.0581450431172,2.13220316470071,2.15276511131785,3,5,5
"905",0.150336407635108,0.504154075343634,0.150671693406031,0.504137320283741,0.00932746412748413,0.00072065437145008,2.05815560578262,2.13223802610855,2.1527769708404,3,5,5
"906",0.150327043159755,0.504148225162415,0.150678922258029,0.504137467604415,0.00930703131303667,0.000719055481236741,2.05810471232466,2.13222720534375,2.15277277240051,3,5,5
"907",0.150327999495717,0.504151973237419,0.15066328914042,0.504137967404809,0.00928666688501174,0.000717466325792948,2.05814746572322,2.13226719800062,2.15280776213057,3,5,5
"908",0.150327362394199,0.504156293360174,0.150666400551628,0.504136350583049,0.00926636760446742,0.000715883949417351,2.05816794119217,2.13222842363194,2.15276252534424,3,5,5
"909",0.150325464155452,0.504148065233544,0.15065343668383,0.504137699810223,0.00924613524109448,0.000714298834145199,2.05814832927496,2.13225983736008,2.15277614878384,3,5,5
"910",0.150317623737524,0.504156991183369,0.150658167134248,0.504136615968285,0.00922596636949712,0.000712728803984319,2.05812322455497,2.1322603489686,2.1528054103758,3,5,5
"911",0.15032370399806,0.504148149673988,0.150647985403894,0.50413784129124,0.00920586578828492,0.000711165360660959,2.05812424135733,2.13227174594737,2.15279446108168,3,5,5
"912",0.150314402079325,0.504150792524749,0.150655319341931,0.504137611961352,0.00918582830832248,0.000709608717119448,2.05815945812427,2.13224465858056,2.15276041493442,3,5,5
"913",0.150320566039702,0.504156997141094,0.150645968597558,0.50413669984735,0.00916585774132662,0.000708061559649198,2.05817124404037,2.13227448775546,2.15279834256306,3,5,5
"914",0.150313266182282,0.504153281018431,0.150646186585175,0.504136356878105,0.00914595011794066,0.000706518099968134,2.05813516170013,2.13227496899206,2.1528022965765,3,5,5
"915",0.150309137526936,0.504144122053001,0.150630932589505,0.504137071369902,0.00912610753710457,0.000704968779222104,2.05815902970258,2.13229524003894,2.15279176257827,3,5,5
"916",0.150307207028347,0.50415857495209,0.150648564868566,0.504136656986385,0.00910632858415548,0.00070343479048407,2.05817734394382,2.13225467304572,2.15277279930728,3,5,5
"917",0.150315967970596,0.504153611275003,0.150625880763138,0.50413639540594,0.00908661543828598,0.000701900326115723,2.05816506166334,2.13229192625847,2.15279289639966,3,5,5
"918",0.15030427614708,0.504150291123833,0.15063552972043,0.504136110498968,0.00906696314517189,0.000700372487270728,2.05815104974732,2.13229629876916,2.15279923792874,3,5,5
"919",0.150303980576416,0.504151143451476,0.150613881803524,0.504136913746317,0.00904737579246185,0.000698847417684001,2.05817022105838,2.13229795439531,2.15279352485733,3,5,5
"920",0.150305463905599,0.50415639073293,0.150633620843359,0.504136845990422,0.00902785073963088,0.000697329639533062,2.05816215758852,2.13227662713104,2.15276258952149,3,5,5
"921",0.150309979344646,0.504148205025765,0.150609804219071,0.50413698767211,0.00900839011656831,0.000695808115226959,2.05815533403086,2.1322950573143,2.15276759791042,3,5,5
"922",0.150299822119903,0.504157581398684,0.150618427523191,0.504136605882055,0.00898898967097755,0.000694301460626545,2.05814696931525,2.13229346127186,2.15279117703538,3,5,5
"923",0.150304157726608,0.504146081279152,0.150609039747716,0.504136573050528,0.00896965320849101,0.000692788986273229,2.05814976837723,2.13232387269945,2.15279589566062,3,5,5
"924",0.150301599361602,0.504152626572358,0.150613148132149,0.504136576247263,0.00895037763356178,0.000691292203319649,2.05816086383174,2.13229137440585,2.15275535405097,3,5,5
"925",0.150308965771005,0.504153897245459,0.150598965422731,0.504136665423358,0.00893116605050065,0.000689805041588443,2.05814939890897,2.13229002405193,2.15275934348024,3,5,5
"926",0.150303926773346,0.504153420293258,0.150612397091535,0.50413690085955,0.00891201404663974,0.000688325125692613,2.0581497881068,2.13230644330816,2.15276960872203,3,5,5
"927",0.150303277239775,0.504145468623641,0.150596318496831,0.504136838610981,0.00889292443273958,0.000686841981423214,2.05813974755503,2.13233081970169,2.15277091165031,3,5,5
"928",0.150305845444224,0.504161191519777,0.150603694391143,0.504136882094987,0.00887389533619839,0.000685374526090077,2.05815853952772,2.13227465366739,2.15272329695182,3,5,5
"929",0.150314470860364,0.50415012835541,0.150585263824854,0.504137279686441,0.00885492940154783,0.000683899761005802,2.05811999520627,2.13230102525672,2.15273207311442,3,5,5
"930",0.150309844002814,0.504152303655364,0.150594836102971,0.504136677396738,0.00883602124099874,0.000682433386074877,2.05810077012625,2.13229969772747,2.15272158773891,3,5,5
"931",0.150308950141688,0.504153298942624,0.150590874307257,0.504136290856564,0.00881717536165616,0.000680972433413474,2.05813366535182,2.13231209346011,2.15273335648037,3,5,5
"932",0.150313913906018,0.504158520510033,0.150591359261153,0.504136558871688,0.00879838916040821,0.000679517815367348,2.0581453642305,2.13228660410024,2.15269641966645,3,5,5
"933",0.150321574706798,0.504147339204179,0.150583205696004,0.504136476066748,0.00877966519693329,0.000678056590957432,2.05810112002503,2.13229486615122,2.15268666807475,3,5,5
"934",0.150320032887449,0.504158357116337,0.150581113622175,0.504136567450582,0.0087609986566287,0.000676612122299969,2.05806969844786,2.13227740874877,2.15268576518651,3,5,5
"935",0.150314897428137,0.504148464097172,0.150585245577633,0.504136481666166,0.00874239242349924,0.000675163185240746,2.05814438241254,2.13232252764696,2.15270851441964,3,5,5
"936",0.150322388602152,0.504152233656351,0.150583752296019,0.504137357469203,0.00872384542609798,0.000673724932977904,2.05809623239387,2.13227407005308,2.15264722098708,3,5,5
"937",0.150325900989761,0.5041535408091,0.150567078869093,0.50413678763404,0.00870535990857207,0.000672295238993148,2.05809016690508,2.13228517121793,2.15265561870959,3,5,5
"938",0.150318895217366,0.504151287867545,0.150574485819527,0.504137118277489,0.00868693021453913,0.000670867421289634,2.05809166752908,2.13230181745258,2.1526665986353,3,5,5
"939",0.15032346301893,0.504147657663713,0.150567779058616,0.504137070584407,0.00866856103240146,0.000669440680937883,2.05810313505922,2.13231863054365,2.15266631545608,3,5,5
"940",0.150323118361333,0.504156098352998,0.150567263396278,0.504136847438263,0.00865024922164523,0.00066802820759404,2.05808632425038,2.13228255147629,2.1526210553795,3,5,5
"941",0.150321351523492,0.504149543715914,0.150559565421283,0.504137328692389,0.00863199699207472,0.000666611885038804,2.0581261515395,2.13231415692819,2.15265903959834,3,5,5
"942",0.150321498118489,0.504150872817958,0.150562839840212,0.504136762302992,0.00861380068277803,0.000665209344519968,2.0580956349544,2.13232543780942,2.15265575950455,3,5,5
"943",0.150320507951875,0.504151513513511,0.150548090100977,0.504137577115828,0.00859566341152776,0.000663813229709209,2.05809299846575,2.13234676245933,2.15265722789628,3,5,5
"944",0.150317027207717,0.504153574300217,0.150553236392239,0.504136661641611,0.00857758146338121,0.00066242392208038,2.05812033138717,2.13232932295275,2.15264275543518,3,5,5
"945",0.150320623526131,0.504147974864527,0.150553764675141,0.504136209447147,0.00855955888669741,0.000661036289979489,2.05812308844475,2.13236342069928,2.15267208704386,3,5,5
"946",0.150317480617883,0.504153340837499,0.150546800560773,0.50413679246242,0.00854159167070477,0.000659658214028136,2.05810515849449,2.1323614199363,2.15266148868566,3,5,5
"947",0.150317585904175,0.504149770016936,0.150546594199728,0.504136221556901,0.0085236816556512,0.000658283982424845,2.05812129371654,2.13238735123775,2.15267724645879,3,5,5
"948",0.150316481342372,0.50415195791219,0.150541932288565,0.504135676338146,0.00850582674532737,0.000656913262030101,2.05813441420519,2.1323740932867,2.15266760355522,3,5,5
"949",0.150319834842199,0.504148219902981,0.150535498924625,0.504136619524157,0.00848803070087987,0.000655544481549142,2.05811702461672,2.13239447519829,2.15267716796078,3,5,5
"950",0.150315067766296,0.50415538975884,0.150541731868188,0.504136556171173,0.00847028754813221,0.000654183582666001,2.05813318731828,2.1324063021275,2.15269439077625,3,5,5
"951",0.150316261291043,0.504147437282024,0.150532560399985,0.504136889814865,0.00845260278292546,0.000652819190790188,2.05814742932543,2.13241705842848,2.15270287746507,3,5,5
"952",0.150316432302308,0.504152662350432,0.150540773660093,0.504136946405158,0.0084349719004045,0.000651463596110013,2.0581055374241,2.13239221641404,2.15267436667268,3,5,5
"953",0.150320498050664,0.504151093999526,0.150524792431348,0.504136429212765,0.00841739788511598,0.000650111793333186,2.05812099330166,2.13243690868749,2.15269879863069,3,5,5
"954",0.150316519863381,0.504152981567243,0.150521806088592,0.504137970546433,0.00839987809427071,0.00064877632492466,2.05815140275155,2.13242561310867,2.15270437340784,3,5,5
"955",0.150317701994241,0.50415003721943,0.150517718725077,0.504136193757473,0.00838241401118628,0.000647447742655793,2.05809961473022,2.13244756333498,2.1527059754987,3,5,5
"956",0.150317061526582,0.5041555523166,0.150522061807647,0.504137102344525,0.00836500262181207,0.000646123190722436,2.05813740150029,2.13244491546507,2.15269153344814,3,5,5
"957",0.150321337828866,0.504147736146578,0.150512942544981,0.50413642638694,0.00834764854345765,0.000644797245709761,2.05814834053822,2.13245560053459,2.15272096933734,3,5,5
"958",0.150317890445927,0.504154269381336,0.150520972528797,0.504136756606325,0.00833034668497056,0.000643483415197377,2.05811359547354,2.13245587244723,2.1527077336085,3,5,5
"959",0.150315406068778,0.504150693853974,0.150514787783479,0.504137022049326,0.00831309992329957,0.000642170568222911,2.05816746687126,2.13249238428458,2.15273463423913,3,5,5
"960",0.150315848351051,0.504152547357339,0.150514269790741,0.504136652526736,0.00829590594255996,0.000640862514767693,2.05818032116985,2.13247134520093,2.15272348543396,3,5,5
"961",0.150321473069534,0.504150552520068,0.150509196208307,0.504136184953775,0.00827876785626343,0.000639557869108631,2.05812645678731,2.13247511859109,2.15272325513943,3,5,5
"962",0.150313710762404,0.50415480642792,0.150518359332754,0.504136348224704,0.00826168083222644,0.000638262856446192,2.05818424825694,2.13250029708023,2.15273760429872,3,5,5
"963",0.150313909900055,0.504147536814175,0.150498227585105,0.504136830892884,0.00824464897509366,0.000636966471647349,2.05818828669393,2.13252167712873,2.15275822138229,3,5,5
"964",0.150315585219192,0.504156019853814,0.150509868369281,0.504136488125021,0.00822766841851278,0.00063567906349582,2.05815685116123,2.13249085068996,2.15273093056979,3,5,5
"965",0.150317503514629,0.504149656398356,0.150502186689677,0.504136965609804,0.00821074284969426,0.000634389504387323,2.05817543876209,2.13251697320293,2.15275563268999,3,5,5
"966",0.150312556678922,0.504152939268921,0.150503412783859,0.504137197312236,0.00819386796807713,0.000633112101033118,2.05821132187599,2.13253754280008,2.15276536126931,3,5,5
"967",0.150313068576494,0.504148857274918,0.150494998561377,0.504136812283678,0.00817704684807462,0.000631837897777654,2.05817749794881,2.13254113957268,2.15277100202479,3,5,5
"968",0.150313962967505,0.504154623471869,0.150497037458223,0.504136610116818,0.0081602769610499,0.00063057015954826,2.05818221543524,2.13252526829742,2.1527537037063,3,5,5
"969",0.150316771958905,0.50414518770733,0.150496843602852,0.50413700331937,0.00814356024849119,0.000629296549093383,2.05822071827357,2.13256120059913,2.15279132826861,3,5,5
"970",0.150314428088206,0.504155560185444,0.150494855621302,0.504137456970462,0.0081268936415824,0.000628037767758327,2.05817474067522,2.13255407755522,2.15278676482065,3,5,5
"971",0.150312562238087,0.504147807906368,0.150490763440597,0.504137356360129,0.00811028008434411,0.000626773183498686,2.05820826150282,2.13256505588741,2.1527943048112,3,5,5
"972",0.150312839544237,0.504155298584467,0.150483476255043,0.50413778793283,0.00809371554699019,0.000625521123276074,2.05824192309443,2.13257442963285,2.15281074822698,3,5,5
"973",0.150321099830381,0.504149284347832,0.150489135747143,0.504137976796821,0.0080772049127511,0.000624268945702777,2.05819001177723,2.13257324106704,2.15281002809944,3,5,5
"974",0.150312820798332,0.504154126666848,0.150478029553477,0.504137051294836,0.00806074278657415,0.000623025660668519,2.058219815615,2.13258140161676,2.15281727526766,3,5,5
"975",0.150310566565753,0.504146489801124,0.150485654458081,0.504137329075434,0.00804433148792731,0.000621777161340487,2.05826693665153,2.13261168392434,2.1528571272111,3,5,5
"976",0.150320692444511,0.504155891902218,0.150472976175276,0.504137096948955,0.00802797047507765,0.000620543910765936,2.05820129560283,2.13257472520068,2.15282514250341,3,5,5
"977",0.150314234497348,0.504146106363259,0.150485158395631,0.504137147680179,0.00801166014036454,0.000619307700985727,2.05824543447934,2.13260823383427,2.15285967303998,3,5,5
"978",0.150314565383511,0.504155617066639,0.150461028856575,0.50413730762259,0.00799539839830888,0.00061808627436355,2.0582847505311,2.13262330690062,2.15288177717659,3,5,5
"979",0.150316236833444,0.504148036651812,0.150476747710919,0.504136807130713,0.00797918794677158,0.000616861249199574,2.05824594572388,2.13261639542143,2.1528731037639,3,5,5
"980",0.150321206788985,0.504152818099388,0.150465754294611,0.504137578270631,0.00796302605547259,0.000615643191971493,2.05822447561235,2.1325907147955,2.1528663083929,3,5,5
"981",0.150314657103334,0.504146829880047,0.150474391153732,0.50413652292532,0.00794691308391603,0.000614420138227878,2.05828469989509,2.13263308567576,2.15291226916221,3,5,5
"982",0.150316428266576,0.504157018895905,0.150460773046848,0.504136920376367,0.00793084854967009,0.000613210324810542,2.05826622767288,2.1326220867108,2.15289445315136,3,5,5
"983",0.15031804389921,0.504144268898982,0.150466650633059,0.504136580592102,0.00791483492429333,0.000611992283450435,2.05825331817915,2.13262623630971,2.15290548925303,3,5,5
"984",0.150320532447545,0.504154353663575,0.150459317964715,0.504136273857643,0.00789886760952217,0.000610784754553118,2.05827231625221,2.13262041122352,2.15290281910561,3,5,5
"985",0.150321705007344,0.504146559025492,0.150463021385633,0.50413681619186,0.00788295036993886,0.000609576182261429,2.05825239656903,2.13261189904839,2.15289854523926,3,5,5
"986",0.150316508841794,0.504154218295525,0.150456364380388,0.50413680396085,0.0078670798332593,0.000608377703073537,2.0582537700029,2.13261593092896,2.15291988747477,3,5,5
"987",0.150316465497709,0.504149035865566,0.150449595426935,0.504136488611576,0.00785125753220816,0.000607174799587828,2.05830965419143,2.13264560065941,2.15295356139375,3,5,5
"988",0.150326104994448,0.504154937586697,0.150458919421575,0.504136751051217,0.0078354828711734,0.000605981527514676,2.0582390485634,2.13258754826229,2.15289546856866,3,5,5
"989",0.150318014353571,0.504145133452059,0.150443518068343,0.504136100034321,0.00781975652697273,0.000604782079350774,2.05827428835052,2.13263459854923,2.15294675960923,3,5,5
"990",0.150317637453564,0.504156594021265,0.150461628565441,0.504136189176307,0.00780407527632368,0.0006035950832185,2.0583110708465,2.13262802609413,2.15295187070421,3,5,5
"991",0.150319865035534,0.504148642273247,0.150446912249283,0.50413691942609,0.00778844324119982,0.000602404857950711,2.05829685683868,2.13263137186757,2.15294781334184,3,5,5
"992",0.150322041352434,0.504154153599755,0.150448691163685,0.504136605105559,0.00777285696826816,0.00060122434367571,2.05826533856047,2.13260707635091,2.15293820121042,3,5,5
"993",0.150318113555621,0.504147050260038,0.150451186672267,0.504136970630296,0.00775731760102071,0.000600039378033879,2.05832044913316,2.132646000347,2.1529865954344,3,5,5
"994",0.150321684751644,0.504156491463796,0.150450810188224,0.504137317797024,0.00774182448023933,0.000598866787092089,2.05828873140303,2.13260701813018,2.15294644217769,3,5,5
"995",0.150311360250969,0.50414331403441,0.150451678286357,0.504137090003361,0.00772637738550131,0.000597680331553274,2.05837893685215,2.1326632161044,2.15300227921318,3,5,5
"996",0.150315757272333,0.504154776635405,0.150454153391992,0.50413740243835,0.00771097409079172,0.000596508242537541,2.05836424889897,2.1326189685037,2.15298382454348,3,5,5
"997",0.150315071222937,0.504147772219012,0.150443009133051,0.504137033477022,0.00769561890185985,0.000595341979603869,2.05831314609143,2.13264876541311,2.15300177288774,3,5,5
"998",0.150312726151849,0.504155019883519,0.150462472444058,0.504136694894128,0.00768030808599922,0.000594188995416745,2.05832850915655,2.13263532470202,2.15299697193774,3,5,5
"999",0.150306329206937,0.504148700145769,0.150429753104829,0.504137182351312,0.00766504190036784,0.000593028399124562,2.05841213610355,2.13267389394191,2.15303922575642,3,5,5
"1000",0.150316464701392,0.50415616246887,0.150441239044632,0.504136201611661,0.00764982161867452,0.000591879885942892,2.05833299738162,2.13262565964798,2.15300191265586,3,5,5
"1001",0.150309376853163,0.504146929436945,0.150431679156194,0.504136853975685,0.00763464709964521,0.000590728299121435,2.05836119874932,2.13266612621086,2.15304235608938,3,5,5
"1002",0.150304211937834,0.504156862652033,0.150441275073019,0.504136055247774,0.00761951474680513,0.000589586903427808,2.05840869673823,2.13265573064953,2.1530432273776,3,5,5
"1003",0.150308042099205,0.504148688568082,0.150422829168092,0.504137096286621,0.00760442946083073,0.000588440571338222,2.05839306758795,2.13267596605913,2.153057278554,3,5,5
"1004",0.150312475953054,0.504153335711353,0.150436325060069,0.504136167733044,0.0075893878802582,0.000587301649435545,2.05834680609619,2.13263673353249,2.15303483082057,3,5,5
"1005",0.150302026612733,0.504144879002827,0.150419684719769,0.504136173669547,0.00757438966368396,0.000586154395709304,2.05842790468292,2.13267629684449,2.15307998782747,3,5,5
"1006",0.150301542080293,0.504159462784673,0.150426409857426,0.504136868824844,0.00755943588596239,0.000585025906593151,2.05841607187862,2.13265510840118,2.15306158007895,3,5,5
"1007",0.150300378120944,0.504145236736205,0.150425783212638,0.504136624048137,0.00754452651918042,0.000583884683257208,2.05840845626163,2.1326767190603,2.15308288296049,3,5,5
"1008",0.150299881163577,0.504154360032552,0.150425602818911,0.50413660023002,0.00752965908490929,0.000582753868821784,2.05841665140415,2.13264770587745,2.15305771209207,3,5,5
"1009",0.150298450840715,0.504149166404672,0.150413289904376,0.504136590023256,0.00751483787387927,0.000581625767812066,2.05838272455999,2.13265762391299,2.15306147181172,3,5,5
"1010",0.150294379308063,0.504154962668341,0.150427552746682,0.504136427856297,0.00750005882046842,0.000580507233564842,2.05838788375776,2.13265072271123,2.15306409163122,3,5,5
"1011",0.150285681637423,0.504148435642134,0.150419955486667,0.504136978229198,0.00748532163777894,0.000579379378785494,2.05846058350528,2.13268899653915,2.15310375040931,3,5,5
"1012",0.150296311725477,0.504156858360471,0.150419212343228,0.504136246212504,0.00747062916166772,0.000578265691682289,2.05837946808113,2.13262925881512,2.15303919141558,3,5,5
"1013",0.150285372722464,0.504148244394988,0.150414842985131,0.504137455525544,0.00745597960781594,0.000577146802692163,2.0583847669368,2.13266668192678,2.15306211999233,3,5,5
"1014",0.150278072792831,0.504153136772691,0.150418528870257,0.504136884076244,0.00744137113655611,0.000576034585524909,2.0584503111453,2.13266063770707,2.15308473580724,3,5,5
"1015",0.150283881993995,0.504153071467005,0.150409737343488,0.504136864570095,0.00742680642343246,0.000574930113960481,2.05843990305448,2.1326860269127,2.1530919617808,3,5,5
"1016",0.150283388829613,0.504151238418678,0.150414434205235,0.504136890519318,0.00741228394375224,0.000573832470278202,2.05837036654366,2.13263586731966,2.15304234070719,3,5,5
"1017",0.150268039424993,0.504145029179255,0.150399781420607,0.504135814505521,0.00739780260364643,0.000572731524775438,2.05844097985675,2.13268718843505,2.15309443222595,3,5,5
"1018",0.150271281030801,0.504160315976143,0.150404169949932,0.504136282327356,0.00738336404912864,0.000571648245687451,2.05843871036716,2.13266647767537,2.15308109699313,3,5,5
"1019",0.150271849562873,0.504147701380362,0.150396972595399,0.504136811845607,0.0073689677331953,0.000570553500050419,2.05842802861904,2.13268214012054,2.15308349227177,3,5,5
"1020",0.150266614223828,0.504153004987617,0.150394789963295,0.504136632590768,0.00735461102341735,0.000569465728129104,2.05845169767735,2.13266370995114,2.15307920769188,3,5,5
"1021",0.150259984573038,0.504149906270473,0.150401041413363,0.504136944931711,0.00734029791112035,0.000568384809468081,2.05844473398184,2.13268751848429,2.15308745618323,3,5,5
"1022",0.150258020580873,0.504154543002549,0.150396301207459,0.504136791307875,0.0073260256512735,0.000567312924277474,2.05841877207581,2.13266721879038,2.15307048944225,3,5,5
"1023",0.150251842959994,0.504147448926903,0.15039279419172,0.504135858002886,0.00731179344458093,0.000566230697863546,2.05849642555126,2.13270732036105,2.15311091218377,3,5,5
"1024",0.150257884984743,0.504154826045226,0.150391446919133,0.50413591896206,0.0072976037987459,0.000565161128654013,2.05842480186795,2.13263566101749,2.15303868550845,3,5,5
"1025",0.15024431173837,0.504148045784903,0.150394301328686,0.504136581022003,0.0072834546206038,0.000564087265907953,2.05843709207519,2.13269879156956,2.15308558995531,3,5,5
"1026",0.150236775286796,0.504154793275832,0.150387499932756,0.504136901448731,0.00726934458815466,0.000563020376152079,2.05851299292214,2.13270006972471,2.15310367414376,3,5,5
"1027",0.150240767601764,0.504150450202511,0.15039323744693,0.504137362736651,0.00725527791081938,0.000561953156376749,2.05847559757951,2.13269008285326,2.15308632570051,3,5,5
"1028",0.15024082703816,0.504153449915479,0.150384701873236,0.504136560752236,0.00724125071111684,0.000560894607877005,2.0584107088515,2.13265067097278,2.15302909853073,3,5,5
"1029",0.150217917405615,0.50414738588977,0.150386724089642,0.504136330288955,0.00722726289829986,0.000559831300206093,2.05853105797607,2.13272578742471,2.15310846572677,3,5,5
"1030",0.150224776642871,0.504155819654078,0.150382519330651,0.504136759871666,0.00721331659095962,0.000558783052070244,2.05849749388759,2.13267113547231,2.15306168293554,3,5,5
"1031",0.150221353687849,0.504148192289918,0.1503785117396,0.504136520459657,0.00719941078439531,0.000557732628508667,2.05848352217304,2.13269274948608,2.15305559473299,3,5,5
"1032",0.150214273684208,0.5041541862678,0.150382051549342,0.504137343752864,0.00718554383268995,0.000556687236163089,2.0585325523415,2.13266904709338,2.1530388932166,3,5,5
"1033",0.150209984155054,0.504150103390563,0.150385806929898,0.504137487706893,0.00717171801187858,0.000555641550758379,2.05851204192424,2.13267894024863,2.15306424857809,3,5,5
"1034",0.150207985781139,0.504153332344614,0.150377087091371,0.504136602993114,0.00715793051292578,0.000554602642176549,2.05847560381486,2.13267169562366,2.15303838766217,3,5,5
"1035",0.150205603672486,0.504146577354292,0.150380200331645,0.504136267482298,0.0071441839598332,0.000553558170432678,2.05855262903928,2.132686724956,2.15306201748832,3,5,5
"1036",0.150211559926712,0.504156880960503,0.150371044689297,0.504137012523783,0.00713047732013532,0.000552526449704716,2.05849417537887,2.1326227581046,2.15300526532229,3,5,5
"1037",0.150201235527318,0.504147366556239,0.150373280050692,0.504136505982238,0.00711680943740839,0.000551488934656064,2.05848689841233,2.13266570848656,2.15302278890006,3,5,5
"1038",0.150195012812885,0.504153679575978,0.150369154631117,0.504137352566367,0.00710317927296691,0.000550458932529474,2.05853548488255,2.1326563901809,2.15304135046009,3,5,5
"1039",0.150207780947571,0.504152515650613,0.150369142193681,0.504137036464015,0.00708959092018235,0.000549431286163471,2.05849651381461,2.13262394086119,2.15300277242116,3,5,5
"1040",0.150206192904646,0.504153753570883,0.150373794056255,0.50413618296836,0.0070760399774068,0.000548404747149012,2.05845286899594,2.13260640391503,2.15296786412216,3,5,5
"1041",0.150194448928059,0.504149279291449,0.150355715727884,0.504136820339952,0.00706252818356255,0.000547374341975382,2.05854963229668,2.13263928656252,2.15300913263026,3,5,5
"1042",0.150201619839929,0.504158212286641,0.150376468904508,0.504135931064861,0.00704905477804099,0.000546357207026449,2.05846745031266,2.13259056716109,2.15296834883228,3,5,5
"1043",0.150205339540149,0.504145324734408,0.150362557797591,0.504136706863515,0.00703562050079636,0.000545329994741217,2.05845563582719,2.1326048059024,2.15296184872127,3,5,5
"1044",0.15020363753526,0.504152751314553,0.150375274923612,0.504136949504758,0.00702222488191871,0.000544308888068223,2.05849977905621,2.13257887193918,2.15295553314321,3,5,5
"1045",0.150204186328463,0.504154337807419,0.150350717574201,0.504136754386682,0.00700886850719742,0.000543292623948255,2.05844385546129,2.13259051175953,2.15294494637328,3,5,5
"1046",0.150206137525723,0.504151968788496,0.150362081651774,0.504136046290609,0.0069955488873619,0.000542278173920496,2.05842396951416,2.13255938187052,2.15291901651629,3,5,5
"1047",0.150198029178218,0.504148629856236,0.150354373215821,0.504136717228202,0.00698226694849817,0.000541258895379704,2.05847857009564,2.13258980150918,2.1529446473484,3,5,5
"1048",0.150213752465031,0.504160501832013,0.150352805074665,0.504136886422008,0.00696902485120676,0.000540254044875232,2.05843269707464,2.13251260631924,2.15288191781722,3,5,5
"1049",0.150206441594487,0.5041490004249,0.150353471469919,0.504137619990267,0.00695581961175509,0.000539241892409392,2.05840890293165,2.13255179809771,2.15289637171422,3,5,5
"1050",0.15020204801705,0.504153642156883,0.150355888801361,0.50413743367787,0.0069426509869507,0.000538235494394357,2.05847246142708,2.13254847759988,2.15291671144546,3,5,5
"1051",0.150209216669756,0.504150902244633,0.150347424554916,0.504136742479231,0.00692952056133614,0.000537227766909898,2.05843976689297,2.1325195069334,2.15288424176341,3,5,5
"1052",0.150215099919065,0.504152627899165,0.150358381973136,0.504137082355837,0.00691642754697828,0.00053622445534407,2.05838680717644,2.13247691768868,2.15283647268468,3,5,5
"1053",0.150198481028296,0.504149654349146,0.150339511616513,0.504137444106491,0.00690337069264668,0.000535218405736226,2.0584514854847,2.13253716852952,2.1528912296305,3,5,5
"1054",0.150212337175557,0.504157304136182,0.150359428643506,0.504136482017394,0.00689035154008343,0.000534228644866519,2.05840445855607,2.13248096778641,2.15285960134086,3,5,5
"1055",0.150207510565773,0.504145233629941,0.150341654761774,0.504136712781166,0.00687736848073129,0.000533230889215641,2.05840649029182,2.1324860513513,2.15285283003798,3,5,5
"1056",0.150207123055688,0.504155180888906,0.150348573217147,0.504137268908447,0.00686442230544652,0.000532242769347047,2.05844028279467,2.13245952242252,2.15283559055424,3,5,5
"1057",0.150208627620153,0.50415398353393,0.150334725252842,0.504137320177844,0.00685151302602661,0.000531259220625691,2.05838282831406,2.13247761550123,2.15284015440332,3,5,5
"1058",0.150210569409429,0.504153406918717,0.150347573300405,0.504136706537144,0.00683863957704281,0.000530279091881636,2.05837771765558,2.13244815258132,2.15282847548934,3,5,5
"1059",0.150204570204955,0.504148277861976,0.150333264877953,0.504136487611739,0.00682580196858993,0.000529292836488837,2.05843169327386,2.13247635802356,2.15284726807506,3,5,5
"1060",0.150214553568852,0.504156551433774,0.150340685512996,0.504136162878295,0.00681300124817614,0.000528316448753396,2.05838366269154,2.13240997469861,2.1527888185375,3,5,5
"1061",0.150202668583224,0.504150090052793,0.150319685657526,0.504135916404571,0.00680023541657284,0.000527335946049035,2.05838489973288,2.1324678432549,2.15282214311464,3,5,5
"1062",0.150204489246212,0.50415366441399,0.150337061839462,0.504136997139533,0.00678750509211051,0.00052636500678005,2.05842778237511,2.13242710704543,2.15281874323485,3,5,5
"1063",0.150200896929107,0.504148630955066,0.150324945098771,0.504135723824277,0.00677481101511408,0.000525393976173127,2.05839170486852,2.13245673622057,2.15283059831074,3,5,5
"1064",0.150205203912933,0.504151374639461,0.15032755913568,0.504136715300052,0.00676215196297924,0.000524425698031128,2.05839571360515,2.13239946506276,2.15278410279511,3,5,5
"1065",0.150193738884721,0.504152291626536,0.150315132575444,0.50413606738915,0.00674952772101359,0.000523459273720661,2.05843688357023,2.13245198142463,2.15282008421073,3,5,5
"1066",0.150201191319555,0.504153600495876,0.150324128340183,0.504136454356645,0.00673693907822443,0.000522498631679746,2.0583782462297,2.13241027905505,2.15280095660917,3,5,5
"1067",0.150199302259775,0.504147774696368,0.150312760767945,0.50413679582447,0.00672438546992252,0.000521533725771905,2.05840122638372,2.13244229264298,2.15280718161679,3,5,5
"1068",0.150198408140735,0.504156977196904,0.1503366700588,0.504136744035043,0.00671186692496378,0.000520578270305494,2.05846062782103,2.13238208861459,2.15277890014343,3,5,5
"1069",0.150190511761869,0.504149668284499,0.150325223537509,0.50413622021992,0.00669938234294839,0.000519619091907564,2.05839413794255,2.13243449239405,2.15280804139024,3,5,5
"1070",0.150200114790125,0.504149954327352,0.150326776452481,0.504136237342126,0.00668693250111964,0.000518667305921761,2.05835610349449,2.13239097802411,2.15277384968388,3,5,5
"1071",0.150184701920953,0.504149182395378,0.150319519483216,0.504137016909203,0.00667451640800402,0.000517714559515103,2.05847970620312,2.13244047874003,2.15283364508686,3,5,5
"1072",0.150202760294586,0.50415844345566,0.150329038524256,0.504136595808106,0.00666213678242856,0.000516774482748561,2.0583798264271,2.13237284389603,2.15277828669566,3,5,5
"1073",0.150188930720573,0.504145459378602,0.150312794491606,0.504136173091139,0.00664978962690883,0.000515823484796729,2.0583614395039,2.13243654760895,2.15280744985254,3,5,5
"1074",0.150186994514975,0.504153647601362,0.150323870353543,0.504135631538709,0.00663747603358121,0.00051488364834662,2.05844009358474,2.13240204057474,2.15281347974555,3,5,5
"1075",0.150186883096068,0.504150660522248,0.150310279960712,0.504136143011527,0.00662519744313871,0.000513946749277849,2.05841737340034,2.13243120081335,2.15282189121223,3,5,5
"1076",0.150200999957993,0.504152542360482,0.150308239221454,0.504136387246683,0.00661295332019817,0.000513015771015923,2.05837413738864,2.13237610748089,2.15279144862021,3,5,5
"1077",0.150171987144152,0.50414753760335,0.150314973549837,0.504136245522498,0.0066007407503204,0.000512079527537512,2.05844968854656,2.13246048583075,2.15284778036502,3,5,5
"1078",0.150194065198179,0.504158145294026,0.150305237363448,0.504136915253458,0.00658856389747385,0.000511158552531588,2.05836939003389,2.13238099714491,2.15279665179078,3,5,5
"1079",0.150183962864171,0.504147194377646,0.15031616758554,0.504136632783543,0.00657641929788053,0.000510232220112372,2.05840409765098,2.13243108510739,2.15283375048814,3,5,5
"1080",0.150183517032208,0.50415360630943,0.150307062025383,0.504137517997365,0.00656430846231064,0.00050931403977228,2.05843851723923,2.13240207942329,2.15282457872022,3,5,5
"1081",0.15017681206285,0.50415114411896,0.150319405675066,0.504136429281157,0.00655223121141819,0.000508397157194751,2.05841186055969,2.13245233645376,2.15283328906824,3,5,5
"1082",0.150195297991196,0.504156169867652,0.15030924351365,0.504137330374502,0.00654018768958552,0.000507489786979454,2.05836326514717,2.13238279763503,2.15278299637729,3,5,5
"1083",0.150166299319838,0.504144638256562,0.150312067925321,0.50413671806171,0.00652817518096167,0.000506572562431029,2.05842082218261,2.13244437320664,2.15283929202171,3,5,5
"1084",0.150189879027346,0.504157339574187,0.150304744310432,0.504137800140427,0.00651619827219994,0.000505669842671752,2.05838014393235,2.13239958426839,2.15280335700509,3,5,5
"1085",0.150175654452178,0.504146421049389,0.150307185372109,0.504136874303551,0.00650425236577185,0.000504758873630995,2.05840980770199,2.1324574690825,2.15282862008228,3,5,5
"1086",0.150177219698918,0.504157229301446,0.150302613019372,0.504136217599669,0.00649233941834281,0.000503862189853876,2.05839903517616,2.13239790505465,2.15279292028644,3,5,5
"1087",0.150176222193437,0.504151253578301,0.150290295214514,0.504137138041139,0.00648045957301337,0.000502964143146767,2.05839717061835,2.13243605571683,2.15281495757898,3,5,5
"1088",0.150189945600325,0.50415317848416,0.150308537978596,0.504136350180842,0.00646861272863459,0.000502072230106898,2.0583588519267,2.13240496393578,2.15279797115013,3,5,5
"1089",0.150159390327516,0.504148437080118,0.150291944801783,0.504137402935247,0.00645679590305994,0.000501178657789869,2.05843897246006,2.13247532238687,2.15284453716194,3,5,5
"1090",0.150185939861218,0.504156730667634,0.150303183647733,0.504136694144162,0.00644501389096546,0.000500301368420497,2.05833067034585,2.13238572396783,2.15275947705043,3,5,5
"1091",0.150172129111366,0.504147413882582,0.150293156730256,0.50413635347358,0.00643326218764995,0.000499414345118354,2.05839919530662,2.13245897826608,2.15283316744006,3,5,5
"1092",0.150179018763865,0.504157019580988,0.150305356850514,0.504136090031086,0.00642154326729343,0.00049853680665557,2.05841584543204,2.13240726657334,2.15279919251987,3,5,5
"1093",0.150168388411416,0.504149964372523,0.150297931926197,0.504136125041588,0.00640985580906798,0.000497656872993968,2.05840905424239,2.13247417449862,2.15282225946339,3,5,5
"1094",0.15018131896073,0.504153135772711,0.150294162301261,0.504136201619889,0.00639820035800681,0.000496784888002755,2.05833396077045,2.13241322380148,2.15279658609843,3,5,5
"1095",0.15015870014022,0.504148053273904,0.150288460572251,0.504135890578687,0.00638657462035564,0.000495907303778242,2.05844032905663,2.13248438487813,2.15285894327472,3,5,5
"1096",0.150183115988932,0.504157170416408,0.150290269737793,0.504136172550699,0.00637498295598059,0.00049504249196497,2.05837302627141,2.1324212645123,2.15279997961771,3,5,5
"1097",0.150168738602029,0.504148550091307,0.150279542314135,0.504136030853529,0.00636342137804221,0.000494171321676284,2.05839011695478,2.13248800724412,2.15284895900762,3,5,5
"1098",0.150169845347506,0.5041547699688,0.150295495907317,0.504135664763648,0.0063518905262688,0.000493312765135201,2.05837974868568,2.1324361635017,2.15281274403316,3,5,5
"1099",0.150164614592466,0.504148596576184,0.150277225499659,0.504136247170164,0.00634039081956133,0.000492452761718387,2.058400405192,2.13249571017234,2.15285797559857,3,5,5
"1100",0.150183480526599,0.504153914766727,0.150289107014337,0.504136327055862,0.00632892366614868,0.000491602338919761,2.05834718380374,2.13243480572535,2.15282647573719,3,5,5
"1101",0.150153416191346,0.504147849927621,0.150277285456305,0.504137480216469,0.0063174849692449,0.000490746570767642,2.0584338110214,2.13252492971281,2.15288284298548,3,5,5
"1102",0.150173036512304,0.504155251143206,0.150289041987539,0.504136711672728,0.00630607850670981,0.000489902537954445,2.05836141400064,2.13245624451562,2.15281991632951,3,5,5
"1103",0.150168967877925,0.504146002807447,0.150281970814467,0.504136457865872,0.00629470214242282,0.00048905068889793,2.05839206293976,2.13250199050118,2.15286469454286,3,5,5
"1104",0.150165421453765,0.504153123823377,0.15028439917003,0.504137063211428,0.00628335657946764,0.000488203856303993,2.05845802647291,2.13247020256451,2.15285602546574,3,5,5
"1105",0.150159842459247,0.504148833786216,0.150274856963015,0.504136190712084,0.00627204050535905,0.000487355091591479,2.05839393545356,2.1325211140865,2.15286050134393,3,5,5
"1106",0.150173224129686,0.504155582520118,0.150275405267673,0.50413724231306,0.00626075587229583,0.000486517664877728,2.05834122589363,2.13245567188351,2.15282503765841,3,5,5
"1107",0.150155717336535,0.504147030412702,0.150263336957411,0.504136371634599,0.00624950056122072,0.000485672566626461,2.05841759964761,2.13250867829495,2.15286971606822,3,5,5
"1108",0.150170542947339,0.504153339219517,0.150273954907772,0.504137510859832,0.00623827585633465,0.000484834269308898,2.05835691664093,2.13246361775639,2.15283910923083,3,5,5
"1109",0.150163633341257,0.504151182692404,0.150271183176161,0.504136467760368,0.00622708113340703,0.000483993832948615,2.05839671095484,2.13249750666673,2.1528395547196,3,5,5
"1110",0.150159494877542,0.504158118133011,0.150269574025939,0.50413679700806,0.00621591635507028,0.000483166693486026,2.05839958964281,2.13246027988385,2.15282900351195,3,5,5
"1111",0.150159185256755,0.504147853853119,0.150252011038839,0.504137135906807,0.00620478053793588,0.000482334943309626,2.05838814775222,2.13251241069297,2.15286499669668,3,5,5
"1112",0.150172048407832,0.504152555059755,0.150270880620009,0.504137164223319,0.00619367591610534,0.000481510050606149,2.05835290086708,2.13243176536424,2.15282532073167,3,5,5
"1113",0.150145444186138,0.504147789937845,0.150252116237589,0.504136421458521,0.00618259942151428,0.000480680863788496,2.05839539736499,2.13250091151156,2.15284065978753,3,5,5
"1114",0.150162400896827,0.50416072120914,0.150273929319979,0.504136714039663,0.00617155251065568,0.00047986607866668,2.05836251770095,2.13246147431019,2.15283248501294,3,5,5
"1115",0.150159383778505,0.504145683835755,0.150251804301879,0.504136936207754,0.00616053521311538,0.000479043901941201,2.05835486117772,2.13246950817337,2.15284642609087,3,5,5
"1116",0.150153461505706,0.504157672051671,0.150267370117596,0.504136552462995,0.00614954732836416,0.000478232940050449,2.05839633846995,2.13245538409223,2.15284465081115,3,5,5
"1117",0.15015027583948,0.504150900830571,0.150260653177043,0.504136405343595,0.00613858776319673,0.000477418084523618,2.05837967626262,2.13247609030142,2.15282617571872,3,5,5
"1118",0.150157047678794,0.504152117321862,0.150270430465632,0.504136678106991,0.00612765802079516,0.000476609012878049,2.05832037754228,2.13241628799297,2.15281745433449,3,5,5
"1119",0.150135736662539,0.504148004336591,0.150262355514053,0.50413694721997,0.0061167556922533,0.00047579687638688,2.05839059223744,2.13249479169299,2.15287329573101,3,5,5
"1120",0.150151210066455,0.504154456774956,0.150273523724403,0.504136280047536,0.00610588319749089,0.000474992060484958,2.05837160891467,2.13244615558226,2.15284397765102,3,5,5
"1121",0.150141159834735,0.504144946122085,0.150245242448816,0.504137061151844,0.00609503952733878,0.000474182562604786,2.05839818541572,2.13244783215448,2.15282791054361,3,5,5
"1122",0.150132556695619,0.504158070885785,0.150267458497014,0.504136278668553,0.00608422368306855,0.000473385843769769,2.05839898042143,2.13244716021694,2.1528515935395,3,5,5
"1123",0.150134712164223,0.504148646690205,0.150245741556693,0.504137031890449,0.00607343590945883,0.000472582890269857,2.05841214091289,2.13248076711623,2.15287301574317,3,5,5
"1124",0.150142148691685,0.504152539838379,0.150256161031948,0.504136214241628,0.0060626780740104,0.000471785646105172,2.05838201929328,2.13241828574034,2.15284570157881,3,5,5
"1125",0.150116591036569,0.504149207017562,0.150240991681621,0.504137263589254,0.00605194698466282,0.000470986201762114,2.05845013292275,2.13246298606571,2.15284989146069,3,5,5
"1126",0.15012953973617,0.504158283720613,0.150256592794139,0.504136856293966,0.00604124451220369,0.000470196565029668,2.05842945969914,2.13243917994809,2.15285943292148,3,5,5
"1127",0.150127418927017,0.504149077908528,0.150265181132242,0.504136582480641,0.0060305699561844,0.000469402142644681,2.05842027637564,2.13245276735021,2.15289010572325,3,5,5
"1128",0.150116346444866,0.504155906685186,0.15025897345914,0.504136695618682,0.00601992381169434,0.00046861648904184,2.05844337900252,2.13243217189864,2.15288232796684,3,5,5
"1129",0.150113124720375,0.504148273932827,0.150250834652609,0.504137619245956,0.00600930444605764,0.000467824090369606,2.05847077890795,2.13245532449409,2.15286966007352,3,5,5
"1130",0.150120932965933,0.504155792054905,0.150256838550494,0.504135893373545,0.00599871356378999,0.000467042980676458,2.0584063578139,2.1324138271444,2.1528751316857,3,5,5
"1131",0.150100356458653,0.504150547616019,0.150253347752062,0.504136584693346,0.00598814959547153,0.0004662577862381,2.05846977860724,2.13246471683457,2.15292053987416,3,5,5
"1132",0.150119269512339,0.504156949072743,0.150239068112045,0.50413584687668,0.00597761409309875,0.000465478482902015,2.05842134475425,2.13242342805627,2.15289436512679,3,5,5
"1133",0.150107698025232,0.504146383231803,0.15024329091934,0.504136902512557,0.00596710540406617,0.000464693033472519,2.05842309083742,2.13242346075982,2.15288194847324,3,5,5
"1134",0.150092511521796,0.504154154152459,0.150233935582377,0.504135822949704,0.0059566242084968,0.000463915009296323,2.05845662624526,2.13244358288989,2.15291332604747,3,5,5
"1135",0.150101268574887,0.504150422014717,0.150239170440657,0.504136915652217,0.00594616973642889,0.000463134428650869,2.05846273663507,2.13245986201381,2.15292679867692,3,5,5
"1136",0.15010709059842,0.504157206267028,0.150239159520992,0.504136165194901,0.00593574364721798,0.000462360530123385,2.05844372134824,2.13240670392156,2.15290406198168,3,5,5
"1137",0.150079839168875,0.504144574146746,0.150244138698596,0.504135959398761,0.00592534355170126,0.000461577355932663,2.05846244287291,2.13245153233953,2.15291617667267,3,5,5
"1138",0.150094929833423,0.504158218111686,0.150240166498427,0.504136384558847,0.00591497128618029,0.000460808534842316,2.05842725260281,2.13242983862981,2.1529164439736,3,5,5
"1139",0.150087483332398,0.504147440945875,0.150236847952468,0.504137130699542,0.0059046257067285,0.000460031852680065,2.05848010130972,2.13245709078437,2.15293501169674,3,5,5
"1140",0.150074350821424,0.504153713565517,0.150228376327768,0.504136437308944,0.00589430723965359,0.000459260494685032,2.05852182354089,2.13244513015246,2.15293346067846,3,5,5
"1141",0.150082176986731,0.504155475361496,0.150223092632822,0.504136872458535,0.0058840161674423,0.000458494407023613,2.05847739574596,2.13242596174939,2.15290201820182,3,5,5
"1142",0.150073189094573,0.504159671794835,0.150222641181224,0.504136576724497,0.00587375108617004,0.00045773282128192,2.05850413024742,2.13245434014223,2.15294073880908,3,5,5
"1143",0.150058585841961,0.504146083816561,0.150219878335499,0.504136637003038,0.00586351274087495,0.00045696479241697,2.05852284423831,2.13247607331266,2.15294087906711,3,5,5
"1144",0.150071745284356,0.504158245613795,0.150218231695017,0.504136502682025,0.00585330138040218,0.000456207101841466,2.05852030080024,2.13244710081346,2.15292758097007,3,5,5
"1145",0.150055793331356,0.504144629317603,0.150231566191219,0.504137093509568,0.00584311530933829,0.000455441070824292,2.05852039922321,2.13246995648793,2.15292904401851,3,5,5
"1146",0.150047811056704,0.504158234256139,0.150223403521996,0.504137327796381,0.00583295615795895,0.000454688375453816,2.05856711804063,2.13248267874989,2.15294861902287,3,5,5
"1147",0.15005651666292,0.504154432816437,0.150221352110743,0.504136512148203,0.00582282421326454,0.00045393676069494,2.05852182506119,2.13246934809782,2.15293571765152,3,5,5
"1148",0.150051030453828,0.504151806256131,0.150215095831161,0.50413678773453,0.00581271737930107,0.000453185545393198,2.05852913532475,2.13247765037932,2.15294944408037,3,5,5
"1149",0.15003477265824,0.504144176914979,0.150214366980062,0.504136270793262,0.00580263634767725,0.000452429853557534,2.05857453359515,2.13249432617601,2.15293004148975,3,5,5
"1150",0.150044543392121,0.504163566762582,0.150212734828294,0.504135931951213,0.00579258224390609,0.000451691730950721,2.05856834804884,2.13249902104135,2.1529565750386,3,5,5
"1151",0.150037359837616,0.504147057578949,0.150206876233107,0.504136825137495,0.00578255390542996,0.00045094344359542,2.05855624729065,2.13250697729034,2.152945171425,3,5,5
"1152",0.150027939627336,0.504153463726556,0.150213099799541,0.504137087304971,0.00577255049624982,0.000450197662371532,2.05860944289016,2.13251924409041,2.15298326577608,3,5,5
"1153",0.150038178864753,0.504151278591878,0.150210084694455,0.504137479290218,0.00576257385402686,0.000449454250755488,2.05855574464789,2.13251226817601,2.15294179255091,3,5,5
"1154",0.150026884890955,0.504152984846392,0.150204816009831,0.504135742675413,0.00575262210629813,0.000448712676576091,2.05858752016973,2.13252564812629,2.15296564211527,3,5,5
"1155",0.150017421167123,0.504148075829383,0.150208306584352,0.504136714718308,0.00574269584510791,0.000447968449784897,2.05861913910742,2.13255263979302,2.15297736238409,3,5,5
"1156",0.150032340807403,0.504160266710063,0.150213785699248,0.504136577820863,0.00573279491303722,0.00044723247382128,2.05861823227011,2.13254738671514,2.15299215970093,3,5,5
"1157",0.150021653006535,0.504141581775602,0.150192249423753,0.504137496705086,0.00572291916952513,0.000446487799288686,2.0585852538608,2.13255255232715,2.15296975149191,3,5,5
"1158",0.150005034733929,0.504154054041928,0.150205393891201,0.504136686007107,0.00571306807902834,0.000445751891661295,2.05865981417892,2.13258130177788,2.15301233665796,3,5,5
"1159",0.150018693018807,0.504153586428543,0.150207740212994,0.504137716964724,0.00570324272338299,0.000445018772877726,2.05861899631282,2.13259027546527,2.15300146630795,3,5,5
"1160",0.150012738072086,0.504152363819195,0.150209378688952,0.50413673307182,0.00569344120263622,0.000444284136812301,2.05862871278141,2.1325948950191,2.15302570751215,3,5,5
"1161",0.149997489571012,0.504145805993218,0.150204236599711,0.504137066473071,0.00568366486553377,0.000443545151272651,2.0586925515043,2.1326166157263,2.15302223103489,3,5,5
"1162",0.150010443834212,0.50416287427942,0.150199656106759,0.504136232693387,0.005673914013821,0.000442824406440279,2.05864771948717,2.13260717459226,2.15302906069253,3,5,5
"1163",0.15000204137096,0.504145458144461,0.150199184962505,0.504136798949652,0.00566418731855735,0.000442096105285672,2.05862496793701,2.13263552799306,2.1530323130048,3,5,5
"1164",0.149989891101141,0.504151454383812,0.150193399236646,0.504136521455241,0.00565448430206455,0.000441368815158882,2.05871733704215,2.13264955834549,2.15307401886092,3,5,5
"1165",0.15000464352506,0.504152260277648,0.150202544665219,0.504136376921597,0.00564480731485111,0.000440646836822323,2.05865736260403,2.13265375321896,2.1530487056546,3,5,5
"1166",0.149992989718062,0.504153782256176,0.150189246361288,0.504136314705334,0.00563515399814663,0.000439926582218586,2.05868696911739,2.13264547677082,2.15305934950308,3,5,5
"1167",0.149983230750326,0.5041473818922,0.150192759279738,0.504136412351334,0.00562552439714327,0.000439201649661158,2.05871290523957,2.13269233397909,2.1530879620835,3,5,5
"1168",0.149998114217634,0.504156459258805,0.150188674344301,0.504137065036936,0.00561592002272051,0.000438485761716123,2.0586765468249,2.13265565493545,2.15305727789593,3,5,5
"1169",0.149987909189334,0.504143747646532,0.150196985473982,0.504136649424667,0.00560633997892784,0.00043776372076898,2.05867549002688,2.13269868574922,2.15307854174871,3,5,5
"1170",0.149981499383606,0.504154698659842,0.150194713165927,0.504136157019752,0.0055967840471613,0.000437048119716898,2.05873966498682,2.13269738666463,2.15309518060067,3,5,5
"1171",0.149988112706752,0.504154304033136,0.150197669550333,0.504135670813226,0.00558725254631778,0.000436335625939366,2.05869066940571,2.13269907092903,2.15307303213181,3,5,5
"1172",0.14998152191191,0.5041497067765,0.150189213200044,0.504136488370221,0.00557774375304184,0.000435617631112994,2.05873587581151,2.13271689400107,2.15310417176485,3,5,5
"1173",0.149969921621511,0.504144672926214,0.150198169586682,0.504136294640116,0.00556825926114435,0.000434899914243281,2.05872041480921,2.13275183279595,2.15311420667835,3,5,5
"1174",0.149981693272493,0.504161524602861,0.150193222102081,0.504136957435274,0.00555879989764332,0.000434196942303178,2.05872800542782,2.13271180226479,2.15308738432588,3,5,5
"1175",0.149968531289843,0.504145471034032,0.150199269128652,0.504136957893635,0.00554936276845662,0.000433482749129799,2.05872930877251,2.13277407844345,2.15313376781365,3,5,5
"1176",0.149962429736043,0.504151533241449,0.150193591391339,0.504136054052699,0.00553994927481533,0.000432772507982571,2.05879396585206,2.13275167489639,2.15312730425094,3,5,5
"1177",0.149969956759726,0.504154090363109,0.150197723302933,0.504135951766567,0.00553055987920125,0.0004320704546803,2.05872232320316,2.13277334672318,2.15312204629866,3,5,5
"1178",0.149961882474875,0.504150416242815,0.150183454235617,0.504136485586358,0.00552119371677284,0.000431367899546453,2.05873471130441,2.13278682111211,2.15314223732182,3,5,5
"1179",0.14994980927998,0.504148989085101,0.150194061315612,0.504136589943956,0.00551185102337662,0.00043066921291024,2.05876538156192,2.13281424849427,2.15315044918045,3,5,5
"1180",0.14996402064183,0.504156315817917,0.150189479765907,0.504136673496528,0.00550253198915896,0.000429979801689684,2.0587574711989,2.13279936140835,2.15315488550403,3,5,5
"1181",0.149951117547841,0.504143999181142,0.150202690256865,0.504136261865575,0.00549323562048941,0.000429286875589296,2.05874542804312,2.1328233563547,2.15315708233633,3,5,5
"1182",0.14994384088525,0.504152988901934,0.150188936091419,0.504137128321876,0.00548396203679518,0.000428599030876997,2.05879295576608,2.13283943595882,2.15317978929051,3,5,5
"1183",0.149950682659095,0.504155607963734,0.150205373579095,0.504136683153689,0.00547471257995442,0.000427918027997687,2.05873996307569,2.13285044979498,2.15317142130645,3,5,5
"1184",0.149942110136003,0.504147161791928,0.150185312723343,0.504136497650378,0.00546548565850953,0.000427229739237922,2.05879340466185,2.13285088434344,2.15319254568222,3,5,5
"1185",0.149939755178519,0.504145153122352,0.150192193066453,0.504137126611436,0.00545628162589106,0.000426540538999598,2.05879301498666,2.13288095360031,2.15319615449545,3,5,5
"1186",0.149939429537671,0.504161664419577,0.150178273077014,0.504137018727941,0.00544710069184693,0.000425863955467509,2.05882942407605,2.13287511283948,2.15319920140975,3,5,5
"1187",0.149934637437548,0.50414926433445,0.150192275054081,0.504136603597217,0.00543794237990254,0.000425184107318843,2.05879406859915,2.13288559677701,2.15320626751406,3,5,5
"1188",0.149928892828709,0.504148370709745,0.150195069831103,0.504137371127123,0.00542880656923492,0.000424503557887257,2.05882899073775,2.13290205700707,2.15322470174099,3,5,5
"1189",0.149933667355612,0.504151448242803,0.15018843388111,0.504136644932575,0.00541969409141204,0.000423829064252534,2.0587999965373,2.13289335629191,2.15319942357166,3,5,5
"1190",0.149923307403584,0.504153175596648,0.15018130422908,0.504137695829381,0.00541060339038972,0.000423155193316815,2.05883393448506,2.13290987251276,2.15323381998792,3,5,5
"1191",0.1499184892506,0.504149706581627,0.150178049377887,0.504137315117137,0.00540153566587761,0.000422480700724925,2.0588366224124,2.13292766444203,2.15323271386635,3,5,5
"1192",0.149925610877362,0.504155343125124,0.150181403525278,0.504137164058508,0.00539249090974728,0.00042181051429635,2.05886387768636,2.13291635889953,2.15323212780788,3,5,5
"1193",0.149917562401973,0.504146254774253,0.150175110803867,0.504137131529553,0.00538346797881819,0.000421135757029178,2.05884200289905,2.13293994858614,2.15325394736119,3,5,5
"1194",0.149910785881029,0.504154162258916,0.150178354354406,0.504137226671905,0.00537446729234623,0.000420466048611901,2.05888073741837,2.1329539609039,2.15327698479408,3,5,5
"1195",0.149920485615593,0.504157276184732,0.150172577815935,0.504137226120286,0.00536549016845604,0.000419803281517583,2.0588434093239,2.13294221581808,2.15324877366592,3,5,5
"1196",0.14990803668892,0.504148553575023,0.150178951089309,0.504136652075808,0.00535653377545534,0.00041913113699954,2.05890514358908,2.13297121231257,2.15330501111822,3,5,5
"1197",0.149910847514251,0.504147945728695,0.150164216906043,0.504137386418813,0.0053476001813512,0.000418461249284352,2.05886238941287,2.13298377755742,2.15329468330671,3,5,5
"1198",0.149911774000888,0.504161516052152,0.150179194290352,0.504137017479923,0.00533868883540121,0.000417802081219221,2.05890480871681,2.1329742195216,2.15330542137579,3,5,5
"1199",0.149907127200771,0.5041501995703,0.15016569620927,0.504137623178305,0.00532979900114969,0.000417136108951444,2.05888347566659,2.1330112293309,2.15332147438634,3,5,5
"1200",0.149901279958311,0.504149047157539,0.150174334496409,0.504136648274487,0.0053209310647972,0.000416468573581019,2.0589392408353,2.13301506549233,2.15334562868557,3,5,5
"1201",0.149911822531798,0.504154933272078,0.150160033525588,0.504136060188695,0.00531208592825543,0.000415809599601524,2.05887607924473,2.1330039079376,2.15332295574544,3,5,5
"1202",0.149901851057602,0.504157651192347,0.150171277206961,0.50413592606549,0.00530326175278654,0.00041514972038903,2.058962746377,2.13303159986669,2.15334371001067,3,5,5
"1203",0.149899232139872,0.504153008572491,0.150167506324104,0.504136236156028,0.0052944596046274,0.000414488541926383,2.05894086224452,2.13305205876292,2.15336496547276,3,5,5
"1204",0.149906100025593,0.504154258887647,0.150164511187432,0.504136415359692,0.00528567969812368,0.000413831305981383,2.0589307662043,2.13302355584746,2.15335366098026,3,5,5
"1205",0.149901997332097,0.504147966733439,0.15015534892739,0.504135898555941,0.0052769210498305,0.000413170557335918,2.0588942408908,2.13307054144452,2.15335895988718,3,5,5
"1206",0.14989952509559,0.504155114748827,0.150159723291107,0.504136195107253,0.00526818393356848,0.000412513946663529,2.05896423489662,2.1330607344627,2.15336885509014,3,5,5
"1207",0.149906175512618,0.504153570017625,0.150158007025635,0.50413642565543,0.00525946914868482,0.000411860084297389,2.05891351320841,2.13305448086685,2.15335816338171,3,5,5
"1208",0.149898532241722,0.50414885251528,0.150158209259775,0.504136355883477,0.00525077489976912,0.000411202760933649,2.05894170268593,2.13308580451641,2.15338326782669,3,5,5
"1209",0.149898280117747,0.504148111594573,0.150164268614017,0.504135967726144,0.00524210253940382,0.000410546263024281,2.05892553454598,2.13310616485196,2.15338059366361,3,5,5
"1210",0.149906461895277,0.50415752424475,0.150156262798532,0.504136131481907,0.00523345193329433,0.000409899197883701,2.0589232162487,2.13306253948035,2.15336201990755,3,5,5
"1211",0.149896576271961,0.504148626038307,0.150155549426899,0.504136667216282,0.00522482089184448,0.000409244147078658,2.05894926576384,2.13312102244806,2.15339132347999,3,5,5
"1212",0.149891883889587,0.504151114201253,0.150156315866366,0.504136651816156,0.00521621166818701,0.000408596603326261,2.05899948423842,2.13311450029561,2.15339902564426,3,5,5
"1213",0.149900207644001,0.504152730583823,0.150155599198612,0.504136728250087,0.00520762400806874,0.00040795665211546,2.05889886878418,2.13309259813508,2.1533648544729,3,5,5
"1214",0.149896717530789,0.504150776546364,0.150156144170515,0.504136450432897,0.00519905644886761,0.000407315233526662,2.05895222924246,2.13310997996706,2.15337888331559,3,5,5
"1215",0.149893480995379,0.504150281955714,0.15015403550618,0.504135360059067,0.005190510474377,0.000406673950113068,2.05897208876959,2.13312142059899,2.15337914665046,3,5,5
"1216",0.14989707957787,0.504154672843746,0.150150898598988,0.504135763845708,0.00518198519362225,0.000406038668838371,2.05895280506199,2.13310350219773,2.15338801419429,3,5,5
"1217",0.149892287188081,0.50414567311074,0.15015632354302,0.504137038256319,0.00517348019542276,0.000405398139747937,2.05889894848412,2.13312085418626,2.1533702667084,3,5,5
"1218",0.149893012509113,0.504154476230955,0.150150080630062,0.504136590493398,0.00516499657710949,0.000404763778210859,2.05896671920245,2.13310644736824,2.15336497281983,3,5,5
"1219",0.149901749352924,0.504155560261503,0.150141214140599,0.504136667472751,0.00515653392988759,0.000404132492133558,2.05891657505147,2.13309834329635,2.15336189604617,3,5,5
"1220",0.149890729671892,0.504149553911643,0.150135934393958,0.504135915868162,0.00514809124391448,0.000403496134918857,2.05896104239943,2.13311973531461,2.15337799285351,3,5,5
"1221",0.149891485663645,0.504149647414014,0.150147139066225,0.504137380932826,0.00513966942304044,0.000402861649896669,2.05891295530405,2.13312781787838,2.15337195593127,3,5,5
"1222",0.149903204258201,0.504161043172967,0.150141373331396,0.504136323014462,0.00513126843029465,0.00040224058792937,2.05889510493384,2.13309488119648,2.1533506973191,3,5,5
"1223",0.149894472621504,0.504145417927358,0.150147304277512,0.504137115700409,0.00512288779447361,0.000401607572454221,2.05892739865505,2.13311996985274,2.15337055013015,3,5,5
"1224",0.149892947059586,0.504151587666869,0.150139656520591,0.504136498681786,0.00511452767888582,0.000400982310315823,2.05897486990304,2.13311492273483,2.1533737537843,3,5,5
"1225",0.149897550775657,0.504156211513098,0.150142912936334,0.504136655742633,0.00510618756583084,0.000400364589075664,2.05889562148914,2.13312229326075,2.15336589663642,3,5,5
"1226",0.149900918907245,0.504148177320147,0.150150504752366,0.504137151011263,0.00509786826346539,0.000399744774191135,2.05888983535074,2.13310327631585,2.15335512844965,3,5,5
"1227",0.149898792296253,0.504150706958518,0.150154079219861,0.504136425457643,0.00508957015346647,0.000399126170581798,2.05895279219926,2.13313152696985,2.15338116269839,3,5,5
"1228",0.149901929424192,0.504155778573392,0.15014984112779,0.50413677808139,0.00508129112681073,0.000398515901029906,2.05894463177439,2.13311997414932,2.15337346513734,3,5,5
"1229",0.149895600430074,0.504145957084985,0.150144006892435,0.504137347113387,0.0050730323149763,0.000397900199236023,2.05890471526832,2.13311750554941,2.15336244026823,3,5,5
"1230",0.149902132336605,0.504154672399385,0.150146078877979,0.504136657831372,0.00506479313477137,0.000397289274943646,2.05896053247921,2.13313329559199,2.15338790266135,3,5,5
"1231",0.149901917620381,0.504158273650518,0.1501362204483,0.504136967135279,0.00505657478428736,0.000396684683169446,2.05892035784006,2.13311990453417,2.1533653357121,3,5,5
"1232",0.149897907661417,0.504146486956788,0.150155351865303,0.504137235478703,0.00504837588500431,0.00039607189537616,2.05893356268594,2.13313183595121,2.15338306488988,3,5,5
"1233",0.149904715844895,0.504150754214643,0.150132557192394,0.504137473372772,0.00504019697923017,0.000395462651838874,2.0589271112373,2.13316084623092,2.15340621762754,3,5,5
"1234",0.149907163144659,0.50416101788999,0.150153496272407,0.504136917404717,0.00503203754918864,0.000394864437862963,2.05891399886972,2.1331010106388,2.1533540880641,3,5,5
"1235",0.149893284679208,0.504146264356719,0.150138940535741,0.50413639364306,0.00502389734428654,0.000394257249208052,2.05890456350589,2.13313373747784,2.15337926181523,3,5,5
"1236",0.149902361894286,0.504151249259286,0.15014475044928,0.504135736595153,0.00501577659202765,0.000393653835265018,2.0589496840305,2.13316776829604,2.15342324739929,3,5,5
"1237",0.149903830196453,0.504154818043626,0.150135288663823,0.504136431317069,0.00500767587711817,0.000393055806310882,2.05889656178398,2.1331153151377,2.15336363596622,3,5,5
"1238",0.149899694054861,0.504149660988291,0.150132748757545,0.504137016754081,0.0049995936085756,0.000392454267507447,2.0588868089905,2.13312705216493,2.15336119122496,3,5,5
"1239",0.149901383419713,0.504151719875696,0.150140007101743,0.504136767090086,0.00499153163717847,0.000391855328558566,2.05890544140465,2.13315180352964,2.15338751486868,3,5,5
"1240",0.149901553214031,0.504153741341819,0.150142106958193,0.504136327629987,0.00498348833102195,0.000391258725772947,2.0589153181945,2.13312218139244,2.15338089194667,3,5,5
"1241",0.149900048822371,0.504145336612192,0.150132322362062,0.50413655680785,0.00497546384956872,0.000390661181967622,2.05886108642377,2.1331441904319,2.15336994419306,3,5,5
"1242",0.14990674431888,0.504151618521185,0.150137974457008,0.50413580759987,0.00496745930581499,0.000390068263316556,2.05891186060087,2.1331329471864,2.15337644110603,3,5,5
"1243",0.149898599734897,0.504154050601393,0.150132436247997,0.504136874682139,0.00495947399926998,0.000389479454209973,2.05890715029142,2.13311369927515,2.15335569122469,3,5,5
"1244",0.149901381897454,0.504145861177931,0.150135202529986,0.504135628878912,0.00495150653957871,0.000388886765675167,2.0588792581436,2.13313973749034,2.15336639557394,3,5,5
"1245",0.149902930769726,0.50414630651035,0.150132325888041,0.50413572314345,0.00494355883851366,0.000388294208559792,2.05889698045094,2.13313739120505,2.15337429425009,3,5,5
"1246",0.149902159952272,0.504158660184275,0.15013097425819,0.504136802881514,0.00493562997118152,0.000387713503618103,2.05890488101717,2.13310926706692,2.15335198660899,3,5,5
"1247",0.149895510900273,0.504147956142116,0.150136102777885,0.504136409602386,0.00492771975624382,0.000387127688081246,2.05887901020966,2.13313323202797,2.1533553461398,3,5,5
"1248",0.149901038750778,0.504151220707177,0.150124714119811,0.50413652499407,0.00491982872958108,0.000386543900230518,2.05892496837331,2.13312811597529,2.15336494442779,3,5,5
"1249",0.149900024318107,0.504153938578801,0.150127457711134,0.504136637323363,0.00491195629239684,0.000385964262996863,2.05891486125314,2.13312958059012,2.15336015374765,3,5,5
"1250",0.149899737667188,0.504148824442068,0.150128022266639,0.504136919240268,0.00490410173261446,0.000385383093520542,2.05886914553901,2.13310218938552,2.15332846692537,3,5,5
"1251",0.149891790057544,0.504152781304186,0.150127846877607,0.504135808556484,0.00489626626376777,0.000384804335567757,2.05892260255788,2.13316130820955,2.15338450844632,3,5,5
"1252",0.149898087200883,0.504154783539662,0.150126876951921,0.504136430019861,0.00488844956455272,0.000384229821519755,2.05889591598109,2.13311313178336,2.15334126331346,3,5,5
"1253",0.149895505916439,0.504144071572317,0.150118105473014,0.50413610158127,0.00488065132766185,0.00038364753664466,2.05887665134277,2.13314661743094,2.15335204971819,3,5,5
"1254",0.149899956173526,0.504157035673699,0.150122502215073,0.504136461226182,0.00487287164688546,0.000383075530881127,2.05891594025349,2.13313372175106,2.15334753928807,3,5,5
"1255",0.149889869354432,0.504153287495587,0.150124708092271,0.504136703297565,0.00486510992673893,0.00038250047325894,2.05889559052026,2.13313615045095,2.15336014282962,3,5,5
"1256",0.14989173149458,0.504145676868415,0.150130935051256,0.504136610385693,0.00485736605939864,0.000381921847955602,2.0588820445583,2.13314760757911,2.15335845561176,3,5,5
"1257",0.149894032724685,0.504152291821369,0.150122017072912,0.50413645837475,0.00484964096182494,0.00038134732342654,2.0589167834209,2.13318658059028,2.15338348894686,3,5,5
"1258",0.149897475045412,0.504158065836367,0.150130479404002,0.504136157241114,0.00484193402171386,0.000380778967129292,2.05889788299675,2.13311851716137,2.15333069521046,3,5,5
"1259",0.149880110257368,0.504146154241507,0.150125015726825,0.504135843421097,0.0048342443727753,0.000380201642356637,2.05892426311764,2.13319216189485,2.15340145365874,3,5,5
"1260",0.149885537065886,0.504153133202494,0.150117954707985,0.504136395413652,0.00482657234462981,0.000379629137564064,2.05895148330537,2.13319619380405,2.15340695302615,3,5,5
"1261",0.149889485814375,0.504152791031279,0.150119644605565,0.504137037272759,0.00481891906908241,0.000379058417089961,2.05892830797917,2.13319211013204,2.15338589156493,3,5,5
"1262",0.149880657374563,0.50415265981257,0.150121983478857,0.504136469191211,0.00481128321169821,0.000378488619937944,2.05895467437985,2.13317744070908,2.15338263089751,3,5,5
"1263",0.149876648247008,0.504152270297544,0.15011788663586,0.504137312077188,0.00480366494306985,0.000377918009823008,2.05896713411472,2.13323331396324,2.1534353013627,3,5,5
"1264",0.149880520985261,0.504154637851018,0.150120826216164,0.504137450380106,0.00479606447282765,0.000377351125129932,2.05894970722574,2.13320490476055,2.15340429300391,3,5,5
"1265",0.149874129427129,0.504143815743843,0.150112877635472,0.504137165100708,0.00478848186449019,0.000376782237999973,2.05895364698314,2.13323117055489,2.15341647617948,3,5,5
"1266",0.14987347266555,0.504155803451344,0.150121880593742,0.504136614279713,0.00478091669766486,0.000376222213566257,2.05899229044371,2.13324166530799,2.15342055902532,3,5,5
"1267",0.149866444731159,0.504153789613736,0.15011325100583,0.504136665343928,0.00477336913920267,0.000375662626835527,2.05897832911834,2.13324307861655,2.15342452553663,3,5,5
"1268",0.149868308606032,0.504147061144628,0.15011368209497,0.5041359618455,0.00476583910617927,0.000375099634705944,2.05895613732425,2.13323516453156,2.15340706735347,3,5,5
"1269",0.149868693087866,0.504152335030871,0.150104998311077,0.504136367655699,0.00475832643088232,0.000374539599919621,2.05900318715503,2.13329485865297,2.15345060571327,3,5,5
"1270",0.1498633081888,0.504156272855262,0.150104792944364,0.504136541941702,0.00475083131511752,0.000373984883913381,2.05900304119393,2.1332514217261,2.15341020861043,3,5,5
"1271",0.149854498122701,0.504141191531991,0.150102059962791,0.504136463819931,0.00474335315656635,0.000373421012818675,2.05897791030107,2.13328520017693,2.15343859243723,3,5,5
"1272",0.149861464475023,0.504154386603907,0.150095286232127,0.504136381007044,0.00473589228087076,0.000372866507772351,2.05901027321644,2.13329670106376,2.15345178380466,3,5,5
"1273",0.149860658294126,0.504154699346729,0.150102132222566,0.504136780588352,0.00472844972894524,0.000372314769272131,2.05901398320669,2.13330105255043,2.15343382372368,3,5,5
"1274",0.149851757066016,0.504147724931089,0.150096267761554,0.504137027140238,0.00472102373397635,0.000371758880826967,2.05901655131724,2.13328705435483,2.15342215082719,3,5,5
"1275",0.149845216427793,0.504148230664008,0.150099427814803,0.504136761301465,0.00471361410153192,0.000371202362644429,2.05904976878084,2.13335425981976,2.1534950440433,3,5,5
"1276",0.149852751992885,0.504154992834667,0.150099290807647,0.504137046452774,0.00470622267234077,0.000370653943706167,2.05901775762411,2.1333107867117,2.15344936981953,3,5,5
"1277",0.149846969028325,0.504143769070839,0.150109939905664,0.5041364556754,0.00469884787967162,0.00037009857017456,2.05901894233986,2.13335827806498,2.15347491380149,3,5,5
"1278",0.149845697496561,0.504154869970438,0.150102054127504,0.504136926374773,0.00469149003260519,0.000369550847747924,2.05907084894071,2.13335951949645,2.15348084969243,3,5,5
"1279",0.149837087109749,0.504150585562793,0.150101024640628,0.504136293211743,0.00468414923997125,0.000369000799618879,2.05907240041239,2.13336141383072,2.15348943439728,3,5,5
"1280",0.149838972774355,0.504148387095827,0.150089080291197,0.504136944345161,0.0046768247219334,0.000368452751708603,2.05905884942236,2.13337080577893,2.15348853294558,3,5,5
"1281",0.149841387228763,0.504151075646628,0.150099947343898,0.504136467246822,0.00466951806127803,0.000367909166004265,2.05908575919482,2.13342114956607,2.15352556898424,3,5,5
"1282",0.149840907143251,0.504153944696733,0.150091506072072,0.504136817056541,0.00466222865818906,0.000367371586655452,2.05907695175599,2.13336641734163,2.15347549974632,3,5,5
"1283",0.149827720886446,0.504143239814061,0.150105430314282,0.504136996072087,0.00465495480044313,0.000366824921484876,2.05910626485119,2.13341756641945,2.15352445431079,3,5,5
"1284",0.149837261342819,0.504155033423168,0.150100245618426,0.504136588442793,0.00464769877079589,0.000366287928479259,2.05909853691986,2.13340572498263,2.1535136207343,3,5,5
"1285",0.149840013933578,0.504153106258698,0.150105993572435,0.504136661183977,0.00464046019231112,0.000365750952862065,2.05910353557738,2.1334081092041,2.1535061150333,3,5,5
"1286",0.14983468636661,0.504148796640162,0.15009645556742,0.504136457144056,0.00463323767398729,0.000365210756200107,2.05911629674299,2.13342642779284,2.15351885854899,3,5,5
"1287",0.149828520226024,0.504151069996275,0.150103063502463,0.504136978137543,0.0046260322045207,0.000364672012156286,2.05914827415434,2.13344166211587,2.15354196235905,3,5,5
"1288",0.149837372331812,0.504156443697684,0.150097224958832,0.504137279665861,0.00461884335373249,0.000364138909529355,2.05910124466993,2.13341365570086,2.15350160294145,3,5,5
"1289",0.149834741626644,0.504143625283902,0.150099102868669,0.504135692399507,0.00461167116266052,0.000363599500316281,2.0590984123864,2.1334398273165,2.15352727370297,3,5,5
"1290",0.149838015008946,0.504150801743479,0.150087186809423,0.5041368798497,0.00460451595268164,0.00036306595211244,2.05913170148198,2.13345276056447,2.15354053804381,3,5,5
"1291",0.149831349051745,0.504151203943633,0.150091342832976,0.504136125666875,0.00459737754989466,0.000362533444766222,2.05911917691783,2.13345185517884,2.15354445356963,3,5,5
"1292",0.149830941898638,0.50415017464019,0.150082707212914,0.504136289766254,0.00459025438331496,0.000361999659269086,2.05912818793125,2.13345468799424,2.15353963285481,3,5,5
"1293",0.149837071068391,0.504152215938457,0.150099787673546,0.504137145749679,0.00458314860218143,0.000361468523740527,2.05913755289068,2.133492414611,2.15355483194175,3,5,5
"1294",0.149836927300203,0.504151806146247,0.150092171367592,0.504136869325359,0.00457606006163918,0.000360938046417236,2.0591345057182,2.13343425692456,2.15352606301378,3,5,5
"1295",0.149830320566578,0.504149270737892,0.150098631461107,0.504136895956391,0.00456898669651965,0.000360412252002118,2.05910919838521,2.13346538621939,2.15355519009409,3,5,5
"1296",0.149835280564663,0.504157642118228,0.150095925309529,0.504137726857767,0.0045619304837128,0.000359891040680904,2.0591527498793,2.1334920347698,2.15355100557238,3,5,5
"1297",0.149834128404819,0.504148707392837,0.150091182552562,0.504136813435676,0.00455489110196441,0.000359365781169907,2.05913935893876,2.13346524145501,2.15354448946045,3,5,5
"1298",0.149833053312726,0.504150901732371,0.150086193370822,0.504137184700949,0.00454786645894447,0.000358844799731917,2.0591373250691,2.13347039224565,2.15355597686954,3,5,5
"1299",0.149835174301519,0.504155094048456,0.150097237256803,0.504137028430693,0.00454085948635127,0.000358328549611264,2.05914223758831,2.13348312307202,2.15354062012865,3,5,5
"1300",0.149834753903269,0.504147823656463,0.150084935965131,0.504136936543319,0.00453386857798384,0.00035780746547287,2.05911107092548,2.13346164148152,2.1535372963513,3,5,5
"1301",0.149838139611704,0.504147767371613,0.150086495763369,0.504136629596194,0.00452689334586931,0.000357288167258552,2.05910820323409,2.13346883052811,2.15354976697057,3,5,5
"1302",0.149837150858609,0.504153671105164,0.150076451169255,0.504137501069954,0.00451993438723684,0.000356772917788017,2.05914054721886,2.13347803370172,2.15354236457045,3,5,5
"1303",0.149834618847015,0.504149924126487,0.150086503321332,0.504136407309976,0.00451299212036167,0.000356259295883232,2.05908720775506,2.13345269043645,2.15352661561645,3,5,5
"1304",0.149834996737093,0.504150620746181,0.150085061932977,0.504136617278049,0.00450606454298689,0.000355745438104127,2.05910409991806,2.13345068833503,2.15352660905233,3,5,5
"1305",0.149839757595317,0.504154069617105,0.150082580002001,0.504136536384843,0.00449915401554929,0.000355235857837699,2.05912419353274,2.13348763556637,2.15353959181825,3,5,5
"1306",0.149838596991951,0.504147275343449,0.150096744199263,0.504136409406836,0.00449225962392748,0.000354724220356539,2.05909257841239,2.13345153917463,2.1535376929231,3,5,5
"1307",0.149832051477636,0.504150171189681,0.150083485647869,0.504136932574691,0.00448537983539049,0.000354216389636286,2.05909531137205,2.13345298223793,2.15353319046405,3,5,5
"1308",0.149831782203421,0.504158561348321,0.150093090552681,0.504135761349126,0.0044785159221487,0.000353714072080735,2.05911642266608,2.13347278094838,2.15352649392256,3,5,5
"1309",0.149838247397414,0.50414782345606,0.150076515271491,0.504136634698704,0.00447166899321001,0.000353205645423516,2.05911287212934,2.13345838955018,2.15353193803598,3,5,5
"1310",0.149829820881961,0.504149447791688,0.150093523440638,0.504136529789255,0.00446483604099804,0.000352699059122608,2.05911956711161,2.13347508662989,2.15356173470221,3,5,5
"1311",0.149827105153572,0.504153443017477,0.150081287595087,0.504136370357959,0.00445801916167422,0.000352197386062181,2.05910460774366,2.13347948267191,2.15354526314995,3,5,5
"1312",0.149824355563665,0.50415033823281,0.15008695677307,0.504135175313738,0.00445121757529333,0.00035169283796066,2.05910536830856,2.13347203622099,2.1535401378231,3,5,5
"1313",0.149828277748402,0.504148972606099,0.150081047219253,0.504136804746948,0.0044444314017362,0.000351191283590846,2.05912310909112,2.133481642332,2.15355682826988,3,5,5
"1314",0.149824918760565,0.504155707050809,0.150086485022861,0.504136045601607,0.00443766078751603,0.000350695421116876,2.0591601317942,2.13350200275182,2.15357384929633,3,5,5
"1315",0.149819485233525,0.504148217205811,0.150081193282218,0.50413597781797,0.00443090546521006,0.000350197687486786,2.0591199198568,2.13348162645822,2.15355657857623,3,5,5
"1316",0.149813957874427,0.504153779566279,0.150088625122965,0.504135983619787,0.00442416414653521,0.000349706247019355,2.05915348931302,2.13349466661942,2.15356748179512,3,5,5
"1317",0.149818406430239,0.50415387286488,0.150076654782317,0.504136757090418,0.00441743961233258,0.000349217285248948,2.05916682531829,2.13350167850917,2.15356374141756,3,5,5
"1318",0.14981714511709,0.5041501512701,0.150081610183712,0.504136795193732,0.00441072993966589,0.000348725804405703,2.05915080274457,2.13350042032459,2.15359632004046,3,5,5
"1319",0.149808948174686,0.504149955482628,0.150084700567031,0.504137114139656,0.00440403428440405,0.000348236266797031,2.05916188865139,2.13349148911272,2.15358984309253,3,5,5
"1320",0.149803692276187,0.504157977642735,0.150082607532242,0.504136824569355,0.00439735380885641,0.000347752423511261,2.05918623737155,2.13350433083931,2.15357765454551,3,5,5
"1321",0.149810246491883,0.504148778632714,0.150082574930751,0.504136527185451,0.00439068941748784,0.000347263568289513,2.05917107482945,2.13348999671736,2.15358966449669,3,5,5
"1322",0.149806857333657,0.504149892325983,0.15007705817835,0.504137413384635,0.00438403896381815,0.000346776468193366,2.05916334250564,2.13349238440484,2.15361224941737,3,5,5
"1323",0.149801376373707,0.504155268472319,0.150087666609462,0.504136822218603,0.00437740332958433,0.000346293601663605,2.05918278422975,2.13349855336025,2.15360610048185,3,5,5
"1324",0.149795070485121,0.504151409777603,0.150080446324308,0.504136288292995,0.00437078253763083,0.000345807042400725,2.05918865360312,2.13348305642651,2.15360068317427,3,5,5
"1325",0.149801739429212,0.504147177857071,0.150080129263575,0.504136702220208,0.00436417681327541,0.000345320503384206,2.05917541276882,2.13349057179433,2.15362514303171,3,5,5
"1326",0.149796439037621,0.504155953695997,0.150068957988175,0.50413740327694,0.00435758538271247,0.000344842254911604,2.05921026672933,2.13349584825176,2.15364375609404,3,5,5
"1327",0.149797189114449,0.504151322208672,0.150067180695341,0.504136870961033,0.00435100938860378,0.000344364532568586,2.05920879578757,2.13347349657644,2.15363002634208,3,5,5
"1328",0.149787975031125,0.504151298764725,0.150073305715361,0.504136767194814,0.00434444670767604,0.00034388639327676,2.05922980409534,2.13349660591619,2.15364859573394,3,5,5
"1329",0.149793789707691,0.504150462212926,0.150069306300672,0.504136445738123,0.00433789953380216,0.000343409806813355,2.05921621896896,2.1334991927526,2.15367560969585,3,5,5
"1330",0.14979285760534,0.504153402134691,0.150079297467236,0.50413727843938,0.00433136727346602,0.000342936357925483,2.05920072359375,2.1334721746232,2.15366600327323,3,5,5
"1331",0.149792486320297,0.504150579073367,0.150074505652205,0.504136021450943,0.00432484951731113,0.000342462355649387,2.05922398121071,2.13350474110253,2.1536979234452,3,5,5
"1332",0.149786930139632,0.504156688964009,0.150077335752347,0.504136807542364,0.00431834604278779,0.000341991074274461,2.05926979270351,2.13350386407842,2.1537034725405,3,5,5
"1333",0.149795471621183,0.50414530991223,0.150059578384807,0.504136303627879,0.00431185829649326,0.000341513638119406,2.05924427865928,2.13349378886727,2.15370373810521,3,5,5
"1334",0.14979340595775,0.504153644070107,0.150068217225942,0.504137016323668,0.00430538454152721,0.000341044094493759,2.05922103907386,2.13349532866082,2.15373231235598,3,5,5
"1335",0.149795136778583,0.504153914910802,0.150051660922583,0.504136907858798,0.00429892549851411,0.000340575238842011,2.05924854666713,2.13351191504285,2.15373088103991,3,5,5
"1336",0.149794661060829,0.504151828692233,0.15006426415792,0.504136428821508,0.00429248149704509,0.000340104171255962,2.05925099282929,2.13348733313758,2.15372027884276,3,5,5
"1337",0.149801773275615,0.504147105774122,0.150060477906975,0.504136406801141,0.00428605191042,0.000339632576730975,2.05922913905541,2.13349916839273,2.15374929170132,3,5,5
"1338",0.149801443186463,0.50415514228307,0.150067713219981,0.504136210402677,0.0042796368987642,0.000339168934397338,2.05924094073695,2.13349109981231,2.15375906230699,3,5,5
"1339",0.149804473116132,0.504148311525103,0.150065025968119,0.504136510203364,0.00427323698659531,0.000338702370431876,2.05924707517923,2.13349031387898,2.15374542318532,3,5,5
"1340",0.149800632428517,0.50415233877135,0.150062492858402,0.504136326941033,0.00426685059756223,0.000338239148671815,2.05926926021763,2.13350371572853,2.15376269539349,3,5,5
"1341",0.14980951702288,0.50414990718348,0.150059859080362,0.504136108903009,0.00426047933548055,0.000337776114711863,2.05925582149914,2.13349838020971,2.1537670391379,3,5,5
"1342",0.149813341492366,0.504153510303962,0.150056550616839,0.504136080499742,0.00425412289578637,0.000337316750646077,2.05922065576325,2.13345686596243,2.15376005673272,3,5,5
"1343",0.149811424450196,0.50414818737254,0.150055422327187,0.504136479961405,0.00424778014059884,0.000336854929707142,2.05924267062592,2.13350834663795,2.15378397894459,3,5,5
"1344",0.149809769528072,0.504156405355937,0.150066022208375,0.50413679409746,0.00424145147780949,0.000336397304938951,2.05925586408609,2.13349351220362,2.15378752018284,3,5,5
"1345",0.149823993438057,0.504149574175686,0.150055715405245,0.504137131839394,0.00423513831771438,0.000335936931521008,2.05922802872629,2.1334636506157,2.153767364624,3,5,5
"1346",0.149821028344964,0.504153264172516,0.150063594480099,0.50413699737903,0.00422883864898381,0.000335479495709223,2.05923600469724,2.1334719860386,2.15379864291262,3,5,5
"1347",0.149820339018276,0.504148961879078,0.150045473169258,0.504137437780665,0.00422255318619666,0.000335019497638589,2.05922227919322,2.13349100371404,2.15379739570521,3,5,5
"1348",0.149820972664057,0.50415320385342,0.150058316415753,0.504136557085839,0.0042162818981268,0.000334563803023769,2.05920561501201,2.13345749376316,2.15378431462585,3,5,5
"1349",0.149833125876358,0.504150189213159,0.150045936718488,0.504136607548242,0.00421002537425729,0.000334106743012375,2.05923351353642,2.13346785697532,2.15379673027153,3,5,5
"1350",0.14982907665935,0.504154658837432,0.150059705440963,0.504136498283995,0.00420378240611442,0.000333651179603822,2.05923324837979,2.1334455806318,2.15379420814943,3,5,5
"1351",0.14983066830527,0.504149469804413,0.150040928275975,0.504137164336561,0.00419755433859276,0.000333196613332087,2.05921571060401,2.13344250939804,2.15378041761751,3,5,5
"1352",0.149833087187481,0.504153554010346,0.150055901209649,0.504136099382266,0.00419133932724131,0.000332746559741026,2.05921902444582,2.13345495571251,2.15379976952892,3,5,5
"1353",0.149842611569428,0.504152615221797,0.150044214649426,0.504136019790798,0.00418513937250491,0.000332295212600253,2.05923158965295,2.13343073361585,2.15378336978758,3,5,5
"1354",0.149845228478339,0.504154366915193,0.150046420380507,0.504135256339421,0.00417895399831074,0.000331847867842572,2.05920297504057,2.13340222349148,2.15375768192622,3,5,5
"1355",0.1498426394283,0.504146658597806,0.150044847342941,0.504135476132699,0.00417278170055654,0.000331398301081531,2.05918729429572,2.13343991741098,2.15379556728738,3,5,5
"1356",0.149843183605647,0.504155078988275,0.150047165505739,0.504136154281274,0.00416662321160385,0.000330955225367857,2.05922742745037,2.13342735230817,2.15378757871385,3,5,5
"1357",0.149857974672207,0.50415219578075,0.15003824376757,0.50413596663603,0.0041604800977091,0.000330513285273337,2.05921423016512,2.13339546550806,2.15375600271748,3,5,5
"1358",0.14985832177417,0.504154287792623,0.150051619485183,0.504136617616345,0.00415435010125508,0.000330073460093949,2.05919503917108,2.13340041064652,2.1537720031626,3,5,5
"1359",0.149856150912197,0.504149329384647,0.150042983425696,0.504137074585601,0.00414823394081804,0.000329630954588156,2.05917778061818,2.1334094737172,2.15377618171457,3,5,5
"1360",0.149861918962095,0.504153943110777,0.150046223575611,0.504136969142223,0.0041421320661606,0.000329194318533288,2.0591723472956,2.13338401472578,2.15375325477192,3,5,5
"1361",0.149872195217937,0.504153826015966,0.150039081437199,0.50413697340592,0.00413604369202165,0.000328757002551416,2.05919161652251,2.13337932002997,2.15374787982143,3,5,5
"1362",0.149871788190962,0.504156026180282,0.150048847089804,0.504136713036545,0.00412996908612478,0.000328321630891582,2.05916682546093,2.13335517536723,2.1537310245238,3,5,5
"1363",0.149874918879853,0.50414913240528,0.150043960301148,0.504136319032897,0.0041239087919874,0.000327883480616964,2.05914662618449,2.13335165378857,2.15372069695204,3,5,5
"1364",0.149878766581446,0.504153962955789,0.150053977833137,0.5041367991777,0.00411786128286733,0.000327449489144205,2.05912987330358,2.13335745854696,2.1537242964929,3,5,5
"1365",0.149884847672217,0.504151244756271,0.150046370161244,0.504136499229719,0.00411182767970533,0.000327013588334424,2.05913851957105,2.13333722545345,2.1537066032195,3,5,5
"1366",0.149894436845383,0.504156718608777,0.150042760034278,0.504136851405133,0.00410580868559882,0.000326582842363088,2.05910231380177,2.13327627627687,2.15364275586626,3,5,5
"1367",0.149892209306556,0.504147188802323,0.150043573124757,0.504136340195676,0.0040998022690782,0.000326147572010216,2.05907082042935,2.13331766955791,2.15367938087156,3,5,5
"1368",0.149896106925065,0.504154737657466,0.150048517929748,0.504136638171596,0.00409380953751509,0.000325716867836445,2.05911457398861,2.13330103008171,2.1536560220188,3,5,5
"1369",0.149908805473791,0.504154417413857,0.150032924235533,0.504136453270611,0.00408783118571949,0.000325287693472731,2.05908711289169,2.13324797678123,2.15360664291932,3,5,5
"1370",0.149908557338886,0.504154803760721,0.150058279530151,0.504136756714364,0.00408186572967233,0.000324859033031477,2.05906352148624,2.13326046289456,2.15361175850275,3,5,5
"1371",0.149909518557972,0.504149413003236,0.150038275366946,0.504136723073668,0.00407591365734568,0.000324428075462291,2.05904491111521,2.1332597553313,2.15360351644191,3,5,5
"1372",0.149918104803833,0.50415478603367,0.150047342331283,0.504136655027304,0.00406997551023244,0.00032400218652795,2.05903207026376,2.13321951107418,2.15356287521851,3,5,5
"1373",0.149926290402719,0.504151684313905,0.150049312860161,0.504137037247303,0.00406405038891988,0.000323575651798746,2.05902523490799,2.13323161978649,2.15356308492261,3,5,5
"1374",0.149925499181596,0.50415341938312,0.150046708340975,0.504136917637193,0.00405813895036111,0.000323150151861573,2.05900525703235,2.13318902879016,2.15352082186323,3,5,5
"1375",0.149932843379129,0.504150959312833,0.150039151854537,0.504137350625322,0.00405224103657743,0.000322724367587512,2.05898687087676,2.13318750025613,2.15351703618092,3,5,5
"1376",0.149934462368128,0.504151076839433,0.150042992587515,0.504136027345629,0.00404635555593837,0.000322297896249601,2.05899900239607,2.13319574114937,2.15351575328721,3,5,5
"1377",0.149943483825182,0.504150211382635,0.150039170297286,0.504137727169043,0.00404048363687953,0.000321871438365484,2.05898924935551,2.13313924247148,2.1534622138204,3,5,5
"1378",0.149948396740902,0.504155505708609,0.150049095723089,0.504135974364349,0.0040346252123932,0.000321450843647764,2.05891187833239,2.13311995892805,2.15341876030821,3,5,5
"1379",0.149949202454837,0.504145820230354,0.150040719929166,0.504137886144931,0.00402877939720624,0.000321025010132647,2.05890650441292,2.13314961560588,2.15345413101695,3,5,5
"1380",0.149955072329836,0.5041520640894,0.150049392425841,0.504136743450225,0.00402294671271513,0.000320603668486186,2.05892797942196,2.13310325521332,2.15339895538087,3,5,5
"1381",0.149964034875067,0.504153616579704,0.150034614814645,0.504137865408887,0.00401712718684193,0.000320184945888369,2.05890583603309,2.13307841963779,2.15336602386357,3,5,5
"1382",0.149965592399642,0.504151543451575,0.150034706092249,0.504136541175173,0.00401132078199838,0.000319765984642562,2.05887437641373,2.13306479248935,2.15334813945868,3,5,5
"1383",0.149969621296161,0.504147817684072,0.150031410755404,0.50413715255417,0.00400552672644724,0.000319344308390979,2.05886684657792,2.133066293427,2.15334660121792,3,5,5
"1384",0.149971620973135,0.50415449751889,0.150036658267298,0.50413658914514,0.00399974529460084,0.000318927857339446,2.05886087020861,2.1330461274879,2.15330823072661,3,5,5
"1385",0.149980241351754,0.504150067303374,0.150035254889978,0.50413656694737,0.00399397713611761,0.000318510417327333,2.05885717457453,2.13303359555528,2.15330760119729,3,5,5
"1386",0.149984094510105,0.504151130210923,0.150039126751215,0.50413639162174,0.00398822194178261,0.000318094496856047,2.05882729793137,2.13299809181184,2.15325833314406,3,5,5
"1387",0.149986107982841,0.504152195537859,0.150034093004125,0.504136724797144,0.00398247869415181,0.000317679938496962,2.05881152588364,2.13300950475648,2.15325626727785,3,5,5
"1388",0.149987419274281,0.504148737120558,0.150037141680646,0.504137053849035,0.00397674784978243,0.000317263213257202,2.05882734550395,2.1330056139921,2.15326633277897,3,5,5
"1389",0.1499969648617,0.504153064496124,0.150026295810097,0.504137058191603,0.00397103046763474,0.000316850814477299,2.05882360421287,2.13297365258798,2.15322968162604,3,5,5
"1390",0.150000901143841,0.504154376506248,0.150038888775624,0.504137067474326,0.00396532551012781,0.000316440066185919,2.05875819251451,2.13294280397668,2.15317584099171,3,5,5
"1391",0.150001825344491,0.504145490871814,0.150023583890172,0.504137589444969,0.00395963241300965,0.000316024151777006,2.05873196135597,2.13296861779494,2.15321437968021,3,5,5
"1392",0.150004110428304,0.504152541304215,0.150040751550347,0.504137252222947,0.00395395229807536,0.000315613597057562,2.05877040292431,2.13293950939173,2.15317752433737,3,5,5
"1393",0.150015065155663,0.504155946822261,0.150027736244919,0.504136745735444,0.00394828501523574,0.00031520566716059,2.0587689486294,2.13293224039506,2.15316282508614,3,5,5
"1394",0.150016621434716,0.504148748791592,0.150038539712097,0.50413647426214,0.003942629770698,0.000314792442107859,2.05873306507592,2.13290258611287,2.15313453001251,3,5,5
"1395",0.150016617263021,0.504150293393025,0.150024387392561,0.504136489654918,0.00393698676200656,0.000314382352300524,2.05870085389181,2.13291690993437,2.15313283957207,3,5,5
"1396",0.15002300912689,0.504153645260033,0.150041102392212,0.50413649470022,0.0039313565959545,0.000313975815276479,2.05869588649543,2.13289725177166,2.15310802513348,3,5,5
"1397",0.150028860838656,0.504151422906252,0.150037129000192,0.504135750279344,0.00392573877321775,0.000313568436120293,2.05871305056756,2.13289936077172,2.15311729085221,3,5,5
"1398",0.150028503630009,0.504150405280784,0.15003467962339,0.504136048563462,0.00392013303850394,0.000313162092843933,2.05868603021211,2.13286775682995,2.15307431855128,3,5,5
"1399",0.150033880635103,0.504152292849189,0.150035870212002,0.504136263472693,0.00391453952652657,0.000312758951493852,2.05867159102694,2.13288157028487,2.1530729982096,3,5,5
"1400",0.150032188416809,0.504149056417533,0.150037292378767,0.504136128462864,0.00390895839620754,0.00031235498024984,2.05869342894111,2.13287494562229,2.15307638750621,3,5,5
"1401",0.150036915251826,0.504156727934953,0.150027170050261,0.504136307449037,0.00390338944826098,0.000311955402072406,2.05873623067494,2.13287741275612,2.15307900804042,3,5,5
"1402",0.150037998572254,0.504151080120082,0.150020411944269,0.504136839607793,0.00389783222922341,0.000311552737888743,2.05864964969276,2.13283457582453,2.15303044670094,3,5,5
"1403",0.150038935368007,0.504147253603269,0.150032010224667,0.504136438241314,0.00389228720141715,0.000311149776394792,2.05864531367177,2.13287123785816,2.15306295131582,3,5,5
"1404",0.150034271679317,0.504153220498638,0.150024447783025,0.504136184500926,0.0038867538267854,0.000310750191750198,2.05868721093955,2.13286214212739,2.15306186619256,3,5,5
"1405",0.150046220404002,0.50415719706105,0.150034501329671,0.504136816380266,0.00388123304923049,0.000310353881432524,2.05868161418138,2.13284427567765,2.15303552849324,3,5,5
"1406",0.150044878713357,0.504149126946259,0.150029079083001,0.50413747018412,0.00387572407562476,0.000309952082125697,2.05866164364235,2.13281980005001,2.15301917026344,3,5,5
"1407",0.150041121825237,0.504150942008671,0.150034191365879,0.504136444474366,0.00387022639231289,0.000309552547247294,2.05865753867973,2.13285882911848,2.1530486424331,3,5,5
"1408",0.150043697488146,0.504153313441458,0.150035620872358,0.504137024966234,0.00386474077897557,0.000309155059094901,2.05865704238432,2.13282921946059,2.15301855269931,3,5,5
"1409",0.150053163889769,0.504152487033677,0.150027938884644,0.504136673304229,0.00385926783301954,0.000308758705814927,2.0586524606781,2.13282922543764,2.15302428254327,3,5,5
"1410",0.150045433543415,0.50415013506224,0.150017221728153,0.504137217083612,0.00385380562031903,0.000308359220920873,2.05864380417057,2.13281227913331,2.15300660963756,3,5,5
"1411",0.150050627744757,0.504151918408306,0.150031248223126,0.504136840514075,0.00384835529233503,0.000307962885581881,2.05862766879772,2.13282622244245,2.15300565680466,3,5,5
"1412",0.150047988454011,0.504149236410895,0.150019864035988,0.504137832988458,0.00384291676558059,0.000307566203342935,2.05865611765382,2.13281554913841,2.15300423514642,3,5,5
"1413",0.150053801930138,0.504156756980764,0.150028333362974,0.504136796090575,0.0038374901785931,0.000307174788440334,2.05867328570906,2.13282220295325,2.15301195210211,3,5,5
"1414",0.150050792655032,0.504149485245634,0.150025977603043,0.504137302336168,0.00383207449555116,0.000306778262869511,2.05862114977638,2.13278704399302,2.15296722346997,3,5,5
"1415",0.150050509296274,0.504145995604414,0.150023842663659,0.504136511079081,0.00382667048058753,0.000306382131801453,2.05859114465103,2.13281407641487,2.15299702010373,3,5,5
"1416",0.150042511949297,0.504156090220451,0.150015155824639,0.504137368810082,0.00382127768902919,0.00030599130955633,2.05868795712918,2.13280681447425,2.15300383232941,3,5,5
"1417",0.150047762294695,0.504154259788983,0.150030444971129,0.504136474504972,0.00381589650301225,0.000305601426155433,2.05866829774672,2.13280056152796,2.15298976660215,3,5,5
"1418",0.150044549476464,0.504148127535987,0.150018631935021,0.504136809024862,0.00381052651096803,0.000305207583065847,2.05865261018392,2.13277399191332,2.15297064267825,3,5,5
"1419",0.150038830058563,0.504154546661498,0.150020328618105,0.504136498103656,0.00380516761363894,0.000304819082135865,2.05865769730737,2.13280403671577,2.15300832002057,3,5,5
"1420",0.150036403064023,0.504152008205888,0.150020934871494,0.504137042622166,0.00379981984619535,0.000304430157072266,2.05864804385375,2.13278526496974,2.15298158523917,3,5,5
"1421",0.150038281814756,0.504151775807503,0.150012756835192,0.504136408839032,0.00379448375339963,0.000304041590553195,2.05867821472121,2.13278395155683,2.15299103823466,3,5,5
"1422",0.150032571819964,0.504154236573691,0.150018023759029,0.504136800285285,0.003789158817115,0.000303653763070177,2.05867868387922,2.1327532227194,2.1529639688243,3,5,5
"1423",0.150029561824826,0.50415197276689,0.150022609253152,0.504137277805974,0.00378384435337503,0.000303265224302796,2.05866703331399,2.13277996692667,2.15298460427895,3,5,5
"1424",0.150021618939086,0.504149176973242,0.150018390240465,0.504137784940778,0.00377854111612101,0.000302875904929611,2.05870580944105,2.13279003438285,2.15301801051749,3,5,5
"1425",0.15002246802651,0.504154379409002,0.15001901515226,0.504136854040158,0.00377324920486177,0.000302492577032187,2.058717822948,2.13277408510012,2.15301236438692,3,5,5
"1426",0.150021815044931,0.5041532745436,0.150017575192922,0.50413651255293,0.00376796836268689,0.000302110321085736,2.05867159869167,2.13276555654722,2.15296285757116,3,5,5
"1427",0.150012929064602,0.504146916196969,0.150021867015948,0.504136527681112,0.00376269826316049,0.000301725360646765,2.05867200984934,2.13277887084794,2.15299896530143,3,5,5
"1428",0.150007632127519,0.504155766267092,0.150011213180017,0.504136771894802,0.00375743849629821,0.000301345460566371,2.05872890163757,2.13280338172858,2.15302179369511,3,5,5
"1429",0.150004170332489,0.504148677257851,0.150021291338766,0.504136417405865,0.00375219000689052,0.000300960779210269,2.05876185472836,2.13278659555397,2.15301345928539,3,5,5
"1430",0.150006360191708,0.504152504973881,0.150017199719851,0.50413725419831,0.00374695257203042,0.00030058016398693,2.05870373650621,2.1327822044512,2.15299153606133,3,5,5
"1431",0.150000908145193,0.504153571288469,0.150013370163706,0.504136679417038,0.00374172575755371,0.000300201537052458,2.05872395207928,2.13277802704137,2.15299690393181,3,5,5
"1432",0.149990533455291,0.504155562576541,0.150008825996592,0.504137316794214,0.00373650928661905,0.000299824367101409,2.05877725315685,2.13282951940705,2.15302491584545,3,5,5
"1433",0.149994092284152,0.504150213663108,0.150009549624161,0.504135800016934,0.00373130383647581,0.000299445812889099,2.05875013741172,2.13278060874021,2.15299705698349,3,5,5
"1434",0.149992925128238,0.504156126283443,0.150009530506884,0.504136024893478,0.00372610930166859,0.000299070541162849,2.0587543961687,2.13278913268997,2.15298779718184,3,5,5
"1435",0.149984858856803,0.504149270587719,0.150010626745714,0.50413682017792,0.00372092533912711,0.000298691582222732,2.05876901376346,2.13279770425235,2.15299056183985,3,5,5
"1436",0.14997952017526,0.504152357458485,0.150009869240388,0.504136887905693,0.0037157513728271,0.000298316112278485,2.05874207170802,2.13281192585636,2.15299274733403,3,5,5
"1437",0.149980789193828,0.504151473090545,0.150010272198929,0.504136111278459,0.00371058882601178,0.000297940214175951,2.05877660432447,2.13277994502756,2.15298124260181,3,5,5
"1438",0.149976018130795,0.504154754203543,0.150008776259689,0.504136481233439,0.00370543687862827,0.000297565472245132,2.05878454639849,2.1328100592324,2.15298640545728,3,5,5
"1439",0.149974971941492,0.504149026497943,0.14999728218915,0.504136369052603,0.00370029552974803,0.000297190378001466,2.05873562983466,2.13279076464925,2.15296793598812,3,5,5
"1440",0.149971273292268,0.504152319758375,0.150024258279039,0.50413651214004,0.00369516446912393,0.00029681696521211,2.05876019918544,2.13281489169391,2.15298784224835,3,5,5
"1441",0.14996585984568,0.50415275215693,0.150001587202431,0.50413658170951,0.00369004409070023,0.000296442396246044,2.05881875175275,2.13279004611777,2.15297132031706,3,5,5
"1442",0.149968020949346,0.504153715690283,0.150019208108457,0.504136477975907,0.00368493416425121,0.00029606985301156,2.0587570910549,2.13278904866191,2.15294328047885,3,5,5
"1443",0.149963847066278,0.504150099937251,0.150007835434575,0.504136817385077,0.003679835135202,0.000295697598631905,2.05873666163064,2.13279367547054,2.15295397899492,3,5,5
"1444",0.14995690429261,0.504154532750133,0.150021672303463,0.504136138224907,0.00367474589858029,0.000295326198310186,2.05879885400529,2.13282818843112,2.15297528524553,3,5,5
"1445",0.149954572508531,0.504150617375711,0.15001604127873,0.504136606821641,0.00366966695698315,0.000294953775057283,2.05879398002391,2.13278215967875,2.15294641209269,3,5,5
"1446",0.149955793083389,0.50415577906861,0.150020041865238,0.504136861576231,0.00366459883067677,0.000294585664124658,2.05876392335985,2.13280018358725,2.15294513166252,3,5,5
"1447",0.149949996981564,0.504148849179094,0.150001861570452,0.504138307751869,0.0036595409974537,0.000294214378935398,2.05876556987142,2.13281238103388,2.15295663245435,3,5,5
"1448",0.149945383815345,0.504155696652028,0.150019580358869,0.504137568949738,0.00365449302185724,0.000293848464980151,2.05877455783767,2.13280931491399,2.15294046300653,3,5,5
"1449",0.149941112897722,0.504149722609433,0.149998024389805,0.50413775734935,0.00364945559223282,0.00029347706779892,2.05881836708782,2.13278931122311,2.15295508519073,3,5,5
"1450",0.149947906896773,0.50415344549925,0.150018635034411,0.504135778141607,0.00364442856607602,0.000293109118534751,2.05876489199836,2.13278517787025,2.15290896022529,3,5,5
"1451",0.149937541011269,0.504146658080925,0.150004664448726,0.504137130795347,0.00363941137332123,0.000292738773276291,2.05875044834555,2.1327966521215,2.15294501372342,3,5,5
"1452",0.149935537407154,0.504155954138056,0.150009093919081,0.504136539850674,0.0036344050254277,0.000292373377454913,2.05881213436721,2.13280928235612,2.15294599986993,3,5,5
"1453",0.149936031044178,0.504153435432175,0.150005434681692,0.504137035362968,0.00362940872653275,0.000292007122551508,2.05880515722443,2.13277422448416,2.15290304940025,3,5,5
"1454",0.149936110531203,0.504149900279715,0.150007069575836,0.504136189138384,0.00362442203714961,0.00029163845111857,2.0587609293775,2.13277672295612,2.15290616534186,3,5,5
"1455",0.149928506076421,0.504150744609969,0.15000147714694,0.504136762932184,0.00361944607902701,0.000291274829531729,2.05877937480832,2.13279298311935,2.15293524358302,3,5,5
"1456",0.149931360514399,0.504153844996061,0.150013339799311,0.50413746015083,0.0036144804827715,0.000290913654298675,2.05877737853775,2.1327770756505,2.15292984704022,3,5,5
"1457",0.149925527587665,0.504154441109589,0.150003055481332,0.504137440128348,0.00360952395098503,0.000290552984351322,2.05877723390147,2.13278341094476,2.15292112842168,3,5,5
"1458",0.149933684361048,0.504154795629848,0.150021127490286,0.504136698205057,0.00360457871724939,0.00029019167623956,2.05877651874296,2.13276294973888,2.15289338183501,3,5,5
"1459",0.149931343910967,0.504151141198691,0.150002160551448,0.504136500557151,0.00359964352413038,0.000289830438894967,2.05874393638822,2.13276063554695,2.15290932116068,3,5,5
"1460",0.149923829575202,0.504151090759951,0.150012843078961,0.504137206131489,0.00359471769180336,0.00028946909146399,2.0587470420171,2.13278036822887,2.15292645315712,3,5,5
"1461",0.149923472408826,0.504153556326747,0.149999032695543,0.504137359744183,0.00358980233352417,0.000289111302707923,2.05873447930614,2.13275618910446,2.15289608725383,3,5,5
"1462",0.149930302989865,0.504151396208725,0.150011676363583,0.504137767210975,0.0035848969961033,0.000288750127601101,2.05874342890823,2.13273794870907,2.15288825346474,3,5,5
"1463",0.149918705524159,0.504146825135424,0.149999287464645,0.504136869318426,0.00358000086326969,0.000288388062653744,2.05872517271273,2.13277057145855,2.15293032862161,3,5,5
"1464",0.149921302879355,0.504154502145792,0.150012085646681,0.504136817408795,0.00357511566986427,0.000288031874446038,2.05874451443839,2.13275067296872,2.15290961848795,3,5,5
"1465",0.149925214462361,0.504155570569325,0.150002120721585,0.504136514243644,0.00357024027801874,0.000287677405478637,2.05873175493159,2.13272040817777,2.15287046887774,3,5,5
"1466",0.149916527652092,0.504149744686622,0.150005162340051,0.504137061921069,0.00356537364750752,0.000287316823274542,2.05874942234654,2.13276726725179,2.15292136562642,3,5,5
"1467",0.149917879424235,0.50415038740114,0.149992762651869,0.50413627786488,0.00356051797018645,0.000286960516896362,2.05871857511606,2.13275971927738,2.15292794152238,3,5,5
"1468",0.149917216739698,0.504155434531975,0.150010682254449,0.504137063310345,0.00355567211238565,0.000286608745404648,2.05871997099322,2.13273965985273,2.15288200854802,3,5,5
"1469",0.14991201894285,0.504149418003564,0.149997537155967,0.504136429975809,0.00355083514333302,0.000286253755940158,2.05872193525542,2.13275880710817,2.15291127675466,3,5,5
"1470",0.149911377438058,0.504157014162759,0.150008680072918,0.504136005206894,0.00354600853271815,0.000285901976606717,2.05879565167788,2.13277595335766,2.15294368347607,3,5,5
"1471",0.149910920599411,0.504153752516519,0.149994942426665,0.50413668566023,0.00354119204816494,0.000285551794384831,2.05875276985783,2.13275477214293,2.15291126481432,3,5,5
"1472",0.149905327111433,0.504149221751975,0.150005454486192,0.504136928090081,0.00353638465608235,0.000285198252510388,2.05874372047657,2.13278096052198,2.15293720812436,3,5,5
"1473",0.149902541809769,0.504149624791691,0.1500068031953,0.504136435237422,0.00353158717218125,0.000284847858961768,2.05873484052378,2.13277125044192,2.15293189354296,3,5,5
"1474",0.149909369162582,0.504158167497201,0.150004741731167,0.50413703095049,0.00352679984379656,0.000284499992568077,2.05880454289034,2.13277913820623,2.15293712973562,3,5,5
"1475",0.149900618705174,0.504145395206068,0.150004678763383,0.50413654812479,0.00352202166281837,0.000284146359019521,2.05875162232504,2.13278331308961,2.1529457127126,3,5,5
"1476",0.149898427134737,0.50415260023093,0.150006309618886,0.504136113077378,0.00351725340008896,0.000283798382595513,2.05876879974539,2.1327937816805,2.15295878032247,3,5,5
"1477",0.149901982475984,0.504158326645381,0.149991945632592,0.504136388442028,0.00351249470019521,0.000283453228116293,2.0588015551805,2.13278393264824,2.15294242406097,3,5,5
"1478",0.149897098337886,0.504151333682391,0.150009361189584,0.50413691661623,0.00350774530118183,0.000283102734571439,2.05879014073912,2.13280025605269,2.15297417670973,3,5,5
"1479",0.149894617726287,0.504148421714073,0.149993345982912,0.504136625154811,0.00350300583967917,0.000282754258765561,2.05875316967833,2.13278943625129,2.1529670267663,3,5,5
"1480",0.149897605665152,0.504156165736606,0.149999858189393,0.504136631927239,0.00349827597969843,0.000282408410991919,2.05879089580422,2.13278694096439,2.15295954167491,3,5,5
"1481",0.149892239918011,0.504150323635303,0.149989425612859,0.504137254622365,0.00349355489115043,0.000282060338388512,2.0587637236199,2.13279729530335,2.15296810865081,3,5,5
"1482",0.149891152809896,0.504151894105835,0.149995993901439,0.504137192886031,0.00348884380938904,0.000281712826894265,2.05883749276442,2.13279746659907,2.15299162832322,3,5,5
"1483",0.149894193932614,0.504155176522698,0.150004674845472,0.504136656155877,0.00348414225927758,0.00028136875371676,2.0588119819077,2.13279001949667,2.15297038072473,3,5,5
"1484",0.14988559152926,0.504149058380772,0.150003095535555,0.504136592965031,0.00347944935124629,0.000281022035673151,2.0587789266876,2.13279420018114,2.15297831307165,3,5,5
"1485",0.149880102261552,0.50415014247892,0.149990160946739,0.504136254945495,0.00347476548053631,0.000280676764973453,2.05880842046276,2.13282502602759,2.15302153233865,3,5,5
"1486",0.149888176860207,0.504156995212389,0.149998576497024,0.504136795410154,0.00347009168953742,0.000280335317563774,2.05882763440462,2.13278465317794,2.1529793921195,3,5,5
"1487",0.149884169896115,0.504149544452252,0.149991708860289,0.504136532225247,0.00346542664774965,0.000279989629097255,2.05880687395723,2.13280068996331,2.15299424740461,3,5,5
"1488",0.14987960824397,0.504152683157896,0.149994102071088,0.50413642015763,0.00346077073231752,0.000279646247096865,2.05883573631977,2.13282550752938,2.15304166622001,3,5,5
"1489",0.149886175992714,0.504155180760152,0.149992555477054,0.504136244760568,0.00345612453361856,0.000279306778548372,2.05879091072533,2.13278579364694,2.15297849902874,3,5,5
"1490",0.149880711334287,0.504151676459435,0.149988399347074,0.504137132958014,0.00345148713393685,0.000278962591647391,2.0588345772784,2.1327950815881,2.15300185433124,3,5,5
"1491",0.149873647196007,0.50414879145725,0.149987447856356,0.504136521407462,0.00344685844959497,0.000278617797691338,2.05884052458811,2.13282898872976,2.15305626819527,3,5,5
"1492",0.149881738810327,0.504154184347369,0.149979519774281,0.504136577685651,0.00344223974250906,0.000278278663621068,2.05880167486581,2.13278435932842,2.1529886834641,3,5,5
"1493",0.149874309101133,0.504147066150403,0.149975872500851,0.504137315699187,0.00343762942006084,0.000277934938380797,2.05879168147996,2.13280280104117,2.15300937096502,3,5,5
"1494",0.149870906640457,0.504155131161913,0.149995111430235,0.504137230711825,0.00343302808763586,0.000277595390161478,2.05885346153421,2.13282537662082,2.15305623425495,3,5,5
"1495",0.149874225196125,0.504151541822413,0.149983437690427,0.504136941320981,0.00342843626065399,0.000277255299909296,2.05882922002756,2.13279766059475,2.15301446397945,3,5,5
"1496",0.149870186043878,0.504150133571054,0.149983192815545,0.504137365976174,0.00342385304437248,0.000276914103855552,2.05881781954769,2.13279815368679,2.15302833291247,3,5,5
"1497",0.149865588369693,0.50415416140557,0.149979898635333,0.504137551682186,0.00341927855600332,0.000276576510653936,2.05884324482522,2.13283810443455,2.15308112103685,3,5,5
"1498",0.14987371028419,0.504154072037782,0.14998138072341,0.504136867822582,0.00341471394687639,0.000276239625900065,2.05883336340004,2.13278500147049,2.15302749325822,3,5,5
"1499",0.149861077794344,0.504146307706338,0.149990351994851,0.504137288646011,0.00341015718711126,0.000275896880013726,2.05883528047536,2.13282062615599,2.15307475259902,3,5,5
"1500",0.149862292161631,0.504154840158228,0.149986660265141,0.504136308377667,0.00340560957487135,0.000275561437166227,2.05885343490704,2.13282885244477,2.15311255423389,3,5,5
"1501",0.149866657631552,0.504153407236865,0.149994552279335,0.504137010623824,0.00340107133764751,0.000275225840288607,2.05884295756355,2.13280860418895,2.15307318770377,3,5,5
"1502",0.149862265935094,0.504151470630844,0.149978723214065,0.504136328785451,0.00339654153050839,0.000274888214999658,2.05882182878204,2.13279929301569,2.15308617517801,3,5,5
"1503",0.149858121097231,0.504152358145913,0.149988943959569,0.504136282195487,0.00339202031321148,0.000274551451759586,2.05885726535637,2.13282492272406,2.15314135459228,3,5,5
"1504",0.149866944399466,0.504150796789392,0.149975584606942,0.50413723176349,0.00338750864161508,0.000274216050900278,2.05881804608346,2.13278515194153,2.15308745492195,3,5,5
"1505",0.149854917599267,0.504152440427512,0.149974930157338,0.504137260695276,0.00338300481224535,0.000273880068550225,2.05884744706389,2.13283305844526,2.15314853449928,3,5,5
"1506",0.149859282863994,0.504158351236927,0.149979410822234,0.504137884382306,0.00337851059479377,0.0002735488116834,2.05886370973626,2.13279760528816,2.15314129940095,3,5,5
"1507",0.149863167814508,0.504147055407091,0.149973228439751,0.504136812664833,0.0033740253189704,0.000273210777475774,2.05884362487245,2.13279542602214,2.15313332764986,3,5,5
"1508",0.149855135403848,0.504148519931933,0.149977528104534,0.504136658273983,0.00336954777875771,0.000272874018269587,2.05882687691477,2.13280950211364,2.1531623565543,3,5,5
"1509",0.149851852637708,0.504158560788767,0.149967053869467,0.504136579843671,0.00336507926122512,0.000272544259580454,2.05887839547159,2.13283126722083,2.15320318163152,3,5,5
"1510",0.149865073118511,0.504151937953486,0.149977696945281,0.504136308810769,0.0033606206419804,0.0002722113911241,2.05884750121126,2.13277089860194,2.15313357768178,3,5,5
"1511",0.14985240048025,0.504147051987482,0.149970210750885,0.504136047179197,0.00335616911012938,0.000271874213495504,2.05883176388251,2.13281215238474,2.15319884501146,3,5,5
"1512",0.149852664857164,0.504157156282916,0.149984176237216,0.504136403326012,0.00335172679478433,0.000271544325991746,2.05889408644182,2.13281068670606,2.15320875433345,3,5,5
"1513",0.149854763055596,0.504155993530298,0.149967907762231,0.504136666866416,0.00334729366433912,0.000271214780257711,2.05889118601144,2.13280505300655,2.15318225083921,3,5,5
"1514",0.149854770514997,0.504150843754539,0.149986676821885,0.50413679549378,0.00334286863491655,0.000270882129765893,2.05883247311314,2.13279595543627,2.15318962408526,3,5,5
"1515",0.149845001771578,0.504152146118515,0.149972865313038,0.504136523617006,0.00333845187632253,0.000270549552824795,2.05889878315602,2.13283905005594,2.15324318525397,3,5,5
"1516",0.149857581992744,0.504151749101103,0.149979538496788,0.504136428286539,0.0033340448716169,0.000270218979912085,2.05889155364173,2.13277980188775,2.15317816392506,3,5,5
"1517",0.149840799878763,0.50415211255125,0.149974893309418,0.504137336028665,0.00332964502587696,0.000269887894379983,2.05890998550193,2.13282453369395,2.15323445772916,3,5,5
"1518",0.149847428177798,0.504153002659601,0.149978292753723,0.504136567638126,0.00332525447421962,0.000269558183191188,2.05889767844252,2.13282778674983,2.15323500782024,3,5,5
"1519",0.149844677801057,0.504150090381576,0.149972275092598,0.504137533042146,0.00332087279336954,0.000269228635353946,2.05888993506344,2.13282875235701,2.1532309867658,3,5,5
"1520",0.14983897197959,0.504150096036027,0.149977457884456,0.504136384035115,0.0033164983038372,0.000268899050672289,2.05888417816506,2.13281787294674,2.1532394095077,3,5,5
"1521",0.149834863548926,0.504158490522098,0.149971113859936,0.504137058141556,0.00331213297896249,0.000268575823917705,2.05891560225558,2.13286066319548,2.15326510391515,3,5,5
"1522",0.149844126690303,0.504150142831126,0.149975219272374,0.504137181693652,0.00330777676982718,0.000268246960670959,2.05891278903247,2.13281669771713,2.15322372158152,3,5,5
"1523",0.149826941032213,0.504146639522728,0.149968036831884,0.504137682010689,0.0033034275674372,0.000267915452542122,2.05892267852747,2.13286035870701,2.15328940292655,3,5,5
"1524",0.149830326532992,0.504154222644518,0.149976895880219,0.5041370892475,0.00329908727556285,0.000267591985730342,2.05891387465976,2.13285181500105,2.15326573734336,3,5,5
"1525",0.149829540265933,0.504154374120163,0.149965435486338,0.504137301397806,0.00329475582033808,0.000267270255319585,2.05893156726469,2.13285918671995,2.15327433702369,3,5,5
"1526",0.149824310418223,0.504148960998257,0.149975276356765,0.504136775296107,0.0032904320985826,0.000266943941082509,2.05893324897692,2.13283031120455,2.15325635689072,3,5,5
"1527",0.149817736418989,0.504150811084103,0.149963483063862,0.504136565711671,0.00328611672384072,0.000266619434518667,2.05892308948578,2.1328914638852,2.15331572481252,3,5,5
"1528",0.149825271968623,0.504153594865116,0.149974903488634,0.504136195597689,0.00328181010299037,0.000266299074606513,2.05890788129423,2.13284808910528,2.1532621841747,3,5,5
"1529",0.149809780098032,0.504151143536209,0.149962424773007,0.504136539009626,0.00327751088110495,0.000265977665627304,2.05895141814764,2.13287310968569,2.15330690438941,3,5,5
"1530",0.149815308692183,0.504156928736575,0.149975315136317,0.504136463520899,0.00327322052447713,0.000265660103541121,2.05895428697941,2.13286758144969,2.15330175873214,3,5,5
"1531",0.14981517316776,0.504149976397243,0.149961005361783,0.504136536940405,0.00326893892483812,0.000265339381304686,2.05895580193816,2.13289819404668,2.15331104121475,3,5,5
"1532",0.149809364774966,0.50414877251673,0.14997127394155,0.504136321604164,0.00326466479720422,0.000265018988400478,2.05894484127541,2.13287091757587,2.15330636268068,3,5,5
"1533",0.149810882657301,0.50415128696412,0.149967591676928,0.504136889336647,0.00326039910590437,0.000264698513553818,2.05898842432053,2.13291463273702,2.15334348145679,3,5,5
"1534",0.149818063885051,0.504154138820296,0.149966173364937,0.504137133116396,0.00325614222931494,0.000264380561670774,2.05896798258599,2.1328901383377,2.15329944015818,3,5,5
"1535",0.14980550993387,0.504148657982055,0.149963296407182,0.50413684040047,0.00325189276023508,0.000264060260246946,2.05894387438408,2.13291617090866,2.1533392151963,3,5,5
"1536",0.149811560877536,0.504156670235674,0.149969147512517,0.504136392423767,0.00324765212152802,0.000263744615983774,2.0590012099364,2.13293113769356,2.15335482696002,3,5,5
"1537",0.149816112098981,0.504153483901378,0.149963445388002,0.50413721781077,0.00324341978189015,0.000263426321373772,2.05900530792379,2.13293367858905,2.1533344751559,3,5,5
"1538",0.149818843263529,0.50415283176528,0.149965902124813,0.504136317456773,0.00323919526200999,0.000263109318167754,2.05893487347565,2.13291830996968,2.15332883157904,3,5,5
"1539",0.149812582670043,0.504152684306779,0.149969330752119,0.504137169017753,0.00323497912279434,0.000262791932177708,2.05897327165793,2.13298289912176,2.15339246922048,3,5,5
"1540",0.149824662844619,0.504155171572568,0.149968742862281,0.504136975253628,0.00323077203109259,0.000262479145665018,2.05899500887949,2.13296265885505,2.1533457608209,3,5,5
"1541",0.149814253102318,0.504149610678187,0.149962444166838,0.504136507764645,0.00322657180821219,0.000262162379407016,2.05897645144839,2.1329690893895,2.1533747838159,3,5,5
"1542",0.149828600024644,0.504155746140416,0.149959141722943,0.504137398471542,0.00322238074010305,0.000261850641869565,2.0589722735011,2.13299429642279,2.15338217672688,3,5,5
"1543",0.149821571251249,0.50415176982236,0.14996073775845,0.504137110015878,0.00321819783495976,0.000261536454082001,2.05898949057902,2.13302774380086,2.15340707859911,3,5,5
"1544",0.149820061869337,0.504150650724426,0.149956447861119,0.504136743805572,0.0032140223198646,0.000261223415447653,2.05896295400714,2.13299847506781,2.15338253923072,3,5,5
"1545",0.149823547236797,0.50415390685474,0.149950513828365,0.50413700032544,0.00320985531960428,0.000260912398641122,2.05898553021803,2.13305073026107,2.15343631536751,3,5,5
"1546",0.149836699603751,0.504154140133522,0.149958423426581,0.504136617774011,0.00320569741071463,0.000260602926255404,2.05895665245386,2.13304089202369,2.15340638915407,3,5,5
"1547",0.149823579172487,0.504147077195505,0.149948384459642,0.504136325029102,0.00320154641083365,0.000260289000438396,2.05896054563706,2.13305810449026,2.15342510878004,3,5,5
"1548",0.149831175057631,0.504153521626667,0.149959880393628,0.504136895823409,0.00319740403275767,0.000259979498792862,2.05899467206765,2.13307181272331,2.15343933905213,3,5,5
"1549",0.14982799117065,0.504151395075509,0.149954780229828,0.504137057820599,0.00319326949277583,0.000259668163606452,2.05901574425913,2.13309507447587,2.15344599607608,3,5,5
"1550",0.149836816523461,0.504149042933679,0.149956444414621,0.504135856386827,0.00318914318072486,0.000259358170165203,2.05894603029502,2.13307095449757,2.15341818259367,3,5,5
"1551",0.149830344745732,0.504149553096314,0.149953540267704,0.504136143588621,0.00318502465677563,0.000259048296931907,2.05896650358318,2.1331320687593,2.15347210990211,3,5,5
"1552",0.149840482625329,0.504153821015071,0.149955349204927,0.50413646537969,0.00318091469330997,0.000258741781373639,2.05897965808842,2.13309386945246,2.15343573454485,3,5,5
"1553",0.149827556341695,0.504148144902927,0.149955404066194,0.504136473638941,0.00317681157765729,0.000258431087273858,2.05899920454528,2.13313158809734,2.15346139920595,3,5,5
"1554",0.149846402090306,0.504157097619321,0.149958927072108,0.504136243795402,0.00317271739969919,0.000258126863012298,2.05900092063873,2.13313572884885,2.15345883811525,3,5,5
"1555",0.149839393159591,0.504149076595785,0.149956347288734,0.50413594485748,0.00316863133532489,0.0002578180710886,2.05898652197202,2.13315177843487,2.15347755598506,3,5,5
"1556",0.149840131828725,0.504150263611123,0.149960271538298,0.504135699630131,0.00316455245401482,0.000257511404961441,2.05896888153365,2.13312827861709,2.15345825430341,3,5,5
"1557",0.14983718666352,0.50415407685528,0.14996308974939,0.504136926983931,0.00316048113505646,0.000257205610115663,2.0590212164886,2.13319418557085,2.15350894478925,3,5,5
"1558",0.149853026525287,0.504152074126363,0.14997037394555,0.504136592147095,0.00315641906281986,0.000256900851760666,2.05896929281883,2.13316334521977,2.15347681291926,3,5,5
"1559",0.149841265460443,0.504147620374474,0.149951524515095,0.504136628606549,0.00315236380522346,0.00025659322496574,2.05897751482198,2.13318024631815,2.15349304519558,3,5,5
"1560",0.149849117361822,0.504153732509077,0.149963384783896,0.504136703724039,0.00314831649483712,0.000256289276829635,2.05899813942669,2.13319417141648,2.15349953450359,3,5,5
"1561",0.149843781869884,0.504150139306789,0.149952095896601,0.504136669695848,0.00314427703971072,0.000255982086077577,2.0590236155304,2.13322162868661,2.15352716991038,3,5,5
"1562",0.149854851332594,0.50415172799587,0.149968763204372,0.50413592232849,0.00314024553139405,0.000255678544161531,2.058961221608,2.13319141308222,2.1534922815935,3,5,5
"1563",0.149845694319327,0.504147492661419,0.149960028211146,0.504136295875276,0.00313622149094823,0.000255371046625541,2.05898372610012,2.13324616524672,2.15354233612048,3,5,5
"1564",0.14985857855502,0.504152217383923,0.149961997693111,0.504136245512054,0.00313220604967543,0.000255068921791057,2.05895299210645,2.13322758134335,2.15352336952072,3,5,5
"1565",0.149848832997051,0.50415034032797,0.14995465475652,0.504137383619277,0.0031281971587932,0.00025476413585146,2.0589751541436,2.13325092068956,2.15354073578691,3,5,5
"1566",0.149853835860418,0.504152655462121,0.149970274821796,0.50413656317236,0.00312419646645868,0.000254461272542694,2.05901376372625,2.13325789072244,2.15355284781369,3,5,5
"1567",0.149851919257486,0.504147199784622,0.149963334317303,0.504137462594324,0.00312020367718538,0.000254157357666651,2.05897290276393,2.13327881273505,2.15356324770335,3,5,5
"1568",0.149855256576929,0.504152071531449,0.149961627743219,0.504136624026059,0.00311621815138737,0.000253857902576038,2.05895067057007,2.13325095148123,2.15354231958661,3,5,5
"1569",0.149846543342244,0.504149464497231,0.149959339565095,0.504137322631541,0.00311223976392339,0.000253554613747986,2.05900673034933,2.13331649600381,2.15360196230429,3,5,5
"1570",0.149856830921132,0.504155942252451,0.149955049496746,0.50413775044752,0.00310826985251843,0.000253257702000576,2.05899423156335,2.13329615440628,2.15357436046834,3,5,5
"1571",0.149845546052179,0.504145571298968,0.149962173672858,0.504137226613354,0.00310430673681194,0.000252954227120794,2.05898525170762,2.13330370395112,2.15359579505362,3,5,5
"1572",0.1498487649354,0.504148594016142,0.149965727728546,0.504136742747542,0.00310035130897913,0.000252653651192203,2.05899141921952,2.1333201773869,2.15360893423213,3,5,5
"1573",0.149847001274167,0.504152743271214,0.149963369997877,0.504136914058483,0.0030964033101531,0.000252354976143288,2.05902255588688,2.13336111168743,2.15362839348812,3,5,5
"1574",0.14984217798494,0.504150260044064,0.14995744018769,0.504137099110268,0.0030924624956871,0.000252055951725727,2.05902455915976,2.13333296749483,2.15361509426136,3,5,5
"1575",0.149840908708884,0.504146307437616,0.149953955605002,0.504137088778255,0.00308852893539774,0.000251753944734534,2.05903337990149,2.13335996991806,2.15363676950991,3,5,5
"1576",0.149849240632404,0.50415570627687,0.14996485823362,0.504136961724605,0.00308460366349249,0.000251459962366973,2.05901622871645,2.13336480597747,2.15363550570665,3,5,5
"1577",0.149835862259504,0.504149013340462,0.14995272783401,0.504136393983935,0.00308068466634036,0.000251160464758371,2.05903877383242,2.13339100088269,2.15365255811473,3,5,5
"1578",0.149841001236113,0.504150991733558,0.149954113693946,0.504136597685531,0.00307677338222944,0.000250863255660039,2.05903392500422,2.13338092399915,2.15364937094835,3,5,5
"1579",0.149840282690754,0.504149240018559,0.149955370122167,0.504137296553789,0.00307286973442239,0.000250565854061802,2.05902324150452,2.13340912584594,2.15366281359583,3,5,5
"1580",0.149838736863701,0.504149603961106,0.149961496020699,0.504136743284212,0.00306897347311246,0.000250269353694321,2.0590344352133,2.13340179292504,2.15365293031152,3,5,5
"1581",0.149834744758093,0.50415151542858,0.149950131826136,0.504137162197156,0.00306508378291805,0.000249971848813368,2.05906836442113,2.13343880468237,2.15368696584517,3,5,5
"1582",0.149840557120464,0.504153074970752,0.149951065773416,0.504136682021823,0.00306120229315983,0.000249678485800708,2.05902203423963,2.13343336710312,2.15367119783847,3,5,5
"1583",0.149828330765957,0.504143275702062,0.149951933374772,0.504136807440869,0.00305732721391296,0.000249379142192918,2.059032422539,2.13344914540056,2.15368211354146,3,5,5
"1584",0.149834506877207,0.504152392628131,0.149957699994624,0.504136575067863,0.00305345981417714,0.000249085408547178,2.05905513555223,2.13346088939117,2.15369290596843,3,5,5
"1585",0.149832462096596,0.504154025471464,0.149948253390769,0.504137735357938,0.00304959962065271,0.000248791741546239,2.05906175786526,2.13349432490116,2.15371075263454,3,5,5
"1586",0.149833054137444,0.50415229607413,0.149959607934977,0.504135961094359,0.00304574687768876,0.000248500043738442,2.05903723479462,2.13347294443907,2.15368059671541,3,5,5
"1587",0.149824166017764,0.504145547370558,0.149950352762171,0.504135909469883,0.00304190044705339,0.000248202378284823,2.05906735565874,2.13350799416836,2.15372212174392,3,5,5
"1588",0.149832369470559,0.504155050665021,0.149949196933021,0.50413582995061,0.00303806241934603,0.000247911541340184,2.05907542031987,2.13350896437813,2.15371103610909,3,5,5
"1589",0.149823198978818,0.5041490976499,0.149944034099095,0.504136204786298,0.00303423067265678,0.000247616626869451,2.05908109035086,2.13354031555461,2.15372183246307,3,5,5
"1590",0.149826336552487,0.504151143531054,0.149952669458635,0.504136799389662,0.00303040602940738,0.000247324556468032,2.05905868122766,2.13352909531827,2.15372876280144,3,5,5
"1591",0.149819728018886,0.504150216701485,0.149957598905285,0.504136961365524,0.00302658891798563,0.000247030889707123,2.05910040740131,2.13356035584644,2.15374599572634,3,5,5
"1592",0.14982192826791,0.504148698714027,0.149952166079524,0.504135762441002,0.00302277904548605,0.000246739530500029,2.05905633104745,2.13355403455989,2.15372284227099,3,5,5
"1593",0.1498148151577,0.504150620194565,0.149950959664783,0.504137410504527,0.00301897536060542,0.000246445668930728,2.0591203254511,2.13359401727848,2.15377526407018,3,5,5
"1594",0.149821953526066,0.504157298314013,0.149952944224979,0.504135581878993,0.00301517972619785,0.000246157655099721,2.05912671658417,2.13358912381409,2.15375901407566,3,5,5
"1595",0.149810552643707,0.504147753651921,0.149944938284415,0.504137446091263,0.00301139064077383,0.000245864869187984,2.05911540779323,2.13360587905223,2.15375721468145,3,5,5
"1596",0.149815868063394,0.504152996557126,0.149946123051665,0.504136565859906,0.00300760891506332,0.00024557585909335,2.05911767385084,2.13360769088916,2.15377989209756,3,5,5
"1597",0.149814506579813,0.50415431062284,0.14993681164691,0.504137372487074,0.0030038344783692,0.000245285841213971,2.05916593430339,2.13364804932541,2.1537952775238,3,5,5
"1598",0.149811876607933,0.504153243564445,0.14994681566327,0.504136961426591,0.00300006695080018,0.00024499705572234,2.05916938044495,2.13363401476224,2.15377940542956,3,5,5
"1599",0.149807154870483,0.504149235388687,0.149939530528115,0.504136929946289,0.00299630626522534,0.000244706169545306,2.05915747956303,2.13366061604535,2.15382232299632,3,5,5
"1600",0.149815631142797,0.504154457931694,0.149939301846486,0.50413637133813,0.00299255350875439,0.000244419060956624,2.05917763990105,2.1336642238679,2.15381368687292,3,5,5
"1601",0.149805675920151,0.504149683518599,0.14994621057627,0.504136814871044,0.00298880724747122,0.000244127934499794,2.05923072516976,2.13369901505114,2.15383740214522,3,5,5
"1602",0.149809468836113,0.504153324996154,0.149944207000397,0.504136326436478,0.00298506784829731,0.000243841192500871,2.05918585105837,2.13368867349638,2.15384714269911,3,5,5
"1603",0.149810690984057,0.504150647652164,0.149936236682024,0.504136662536067,0.0029813363246704,0.000243552223400445,2.05923862230578,2.13372212468366,2.15387503949483,3,5,5
"1604",0.149806678785597,0.504148558093131,0.149941622714921,0.504137318807348,0.00297761152742915,0.00024326402125241,2.05921158773123,2.13371471978226,2.15385563428873,3,5,5
"1605",0.149805921085684,0.504149504565749,0.149929885204789,0.504136674792789,0.00297389347359529,0.000242974692104103,2.05926804615902,2.13375619236937,2.15391460749427,3,5,5
"1606",0.149811957497841,0.504158221027773,0.149937563096392,0.504136425181496,0.00297018301832087,0.000242691027194764,2.0592930388919,2.13375036100468,2.15390062037038,3,5,5
"1607",0.149804714249195,0.50414695536687,0.149925752615696,0.504136939904896,0.00296647952905768,0.000242403181575201,2.05927466486735,2.13376785873781,2.15390579894184,3,5,5
"1608",0.149806952906623,0.504150009104705,0.149937484651166,0.504137648807107,0.00296278251992072,0.000242117531702113,2.05925806601073,2.13378576031775,2.15394314513733,3,5,5
"1609",0.149802323262591,0.504148925889763,0.149937243318138,0.504136505424975,0.0029590927909583,0.000241830366000007,2.05932264734447,2.13379581914536,2.15395336122698,3,5,5
"1610",0.149805896246779,0.50415516245088,0.149939645690725,0.504136866330601,0.00295541015766658,0.00024154885262162,2.05931532510169,2.13379568446611,2.15393125206904,3,5,5
"1611",0.149803187460471,0.504145940311315,0.149939810130354,0.504137124930734,0.00295173420648695,0.000241261132237436,2.05931439817173,2.1338189419333,2.153977660052,3,5,5
"1612",0.149801844530459,0.504153842840625,0.149937447193277,0.504137091040044,0.00294806532264592,0.000240978346158216,2.0593348435924,2.13382538542572,2.1539747550343,3,5,5
"1613",0.149797360585184,0.504152182245064,0.149934964242517,0.504136632041963,0.00294440335912094,0.00024069567599716,2.05933871561803,2.13384061808266,2.15397480164318,3,5,5
"1614",0.149800278538262,0.504153963187408,0.149929732287852,0.504136590483267,0.00294074784857537,0.000240414503490993,2.05932134442252,2.13383953178018,2.15398156193523,3,5,5
"1615",0.149794057788711,0.504147916303607,0.149926174236895,0.504137706098496,0.00293709957088039,0.000240130339073552,2.05938121348176,2.13384954763412,2.15398961281246,3,5,5
"1616",0.14979306448317,0.504154215469105,0.149926205092774,0.504136539065138,0.00293345795166053,0.000239851247257783,2.05934707520353,2.13384925821675,2.15396759970035,3,5,5
"1617",0.149794941411995,0.504150565509781,0.149937800726844,0.504136529078985,0.00292982298747509,0.000239570490795593,2.05933753695521,2.13385474055577,2.15398536828981,3,5,5
"1618",0.149791966931776,0.504155717175674,0.149935065898971,0.504136618522104,0.00292619498661014,0.000239292647936318,2.05938042401253,2.13386063365916,2.15397397362727,3,5,5
"1619",0.149787484283442,0.504149336906172,0.149934812471475,0.5041373513098,0.002922573507764,0.000239010891204594,2.05938830543414,2.13387284249417,2.1539836340609,3,5,5
"1620",0.149794544476818,0.504154906391369,0.14993789677288,0.504136623292279,0.00291895890483352,0.000238733922778178,2.0593286985312,2.13385003992857,2.15395397642344,3,5,5
"1621",0.149786183516123,0.50415193267578,0.149934778541137,0.5041372603929,0.00291535128851363,0.000238454539141619,2.05939733660393,2.13388233777821,2.15398686562684,3,5,5
"1622",0.149790564027066,0.504157565542559,0.149942367762577,0.504136202941515,0.00291175029061108,0.000238178572234182,2.05938067922958,2.13388620806904,2.15396119249293,3,5,5
"1623",0.149787253815394,0.504151278770328,0.149930278636014,0.504137052478058,0.0029081558782151,0.00023790009673863,2.05934508706617,2.1338521915172,2.15394331786097,3,5,5
"1624",0.149788216745398,0.504150005289766,0.149933616966147,0.50413652051226,0.00290456837450195,0.000237620747610578,2.05935691108639,2.13388578487102,2.15395374184863,3,5,5
"1625",0.149786067439158,0.504152631130037,0.14993975005475,0.504136455889398,0.00290098764812644,0.000237344153111274,2.05934971124443,2.13388271865543,2.15393865427664,3,5,5
"1626",0.149792509273505,0.504155734381552,0.149931127923253,0.504135896100267,0.0028974137052301,0.000237070625549118,2.0592868818165,2.13386052747934,2.15390181198245,3,5,5
"1627",0.149785808016746,0.50414717411992,0.149943645380798,0.504137197131653,0.00289384654699908,0.000236790523909791,2.05936135257522,2.13388338810363,2.15393009729294,3,5,5
"1628",0.149791517587509,0.504155320756758,0.149929891598168,0.50413604470792,0.00289028613649794,0.000236516638461137,2.05931874620876,2.13387762922635,2.15390396125402,3,5,5
"1629",0.149789850132912,0.504151107299839,0.149934209751717,0.504136753422739,0.0028867323649541,0.00023624148655832,2.05927101136809,2.13384994919679,2.15387881277194,3,5,5
"1630",0.149788835250013,0.504151135673804,0.149939631246594,0.504136522584186,0.00288318518603757,0.000235964788208864,2.05932775835326,2.1338863978122,2.15389939962694,3,5,5
"1631",0.149787303139885,0.504148129586973,0.149929297373216,0.504138087841173,0.00287964465014663,0.00023568937621643,2.05930844638868,2.13385402335134,2.15387206604907,3,5,5
"1632",0.149787905502299,0.50415166319884,0.149940226687991,0.504136947792416,0.0028761105407496,0.000235417397366544,2.05928488402042,2.13385073667662,2.1538488603393,3,5,5
"1633",0.149777620283517,0.504144658795905,0.149932779402274,0.504136486105655,0.00287258268855831,0.000235140598050187,2.05932934773347,2.13388604113996,2.15390163150722,3,5,5
"1634",0.149787253110313,0.504153539573028,0.149939074521666,0.504136739771349,0.0028690618378798,0.000234870924923469,2.05931552778233,2.1338512500039,2.15384507222768,3,5,5
"1635",0.149781215194737,0.504149918925193,0.149935012431388,0.50413716102329,0.00286554729231311,0.000234599564326032,2.05928233002496,2.13383027378882,2.15382382520029,3,5,5
"1636",0.149774593886077,0.504147652649077,0.149945011802725,0.504136845345014,0.00286203891279291,0.000234326002878538,2.05931836861121,2.13387981611005,2.15387529627764,3,5,5
"1637",0.149780520532794,0.504152314156633,0.149936052199447,0.504137723250685,0.00285853720870475,0.000234057431927726,2.05930529897437,2.13384133480841,2.15384374682515,3,5,5
"1638",0.149778286088696,0.504153570835352,0.14995260258167,0.504135963291135,0.00285504200284378,0.000233789249413641,2.05928794748873,2.13384405735584,2.15381569023978,3,5,5
"1639",0.149768638284767,0.504144570859249,0.149941513314812,0.504136502088147,0.00285155276392713,0.000233515372908721,2.05931378945739,2.13385952603648,2.15385758047082,3,5,5
"1640",0.14977384070218,0.504151060020809,0.149949187948131,0.504136020160133,0.00284807015249363,0.000233246785614871,2.05930305390121,2.13383792300765,2.1538251761759,3,5,5
"1641",0.149769324878544,0.50415205529733,0.149937406839926,0.50413669204826,0.00284459379068419,0.000232979264498945,2.05927650623384,2.13384234293203,2.15382011263207,3,5,5
"1642",0.149770742194108,0.504150929041672,0.149957676805492,0.5041363829245,0.00284112399492611,0.000232710984893858,2.0592850864746,2.13385031009065,2.15383606670713,3,5,5
"1643",0.149766770327916,0.504147184570212,0.149939163782087,0.504137194036902,0.00283766019909256,0.000232441064662359,2.05930052440947,2.13383380549189,2.15384422305479,3,5,5
"1644",0.149766028025994,0.504153088085314,0.149954575889336,0.504136039438942,0.00283420291429153,0.000232174357537751,2.05929625296445,2.13383346708168,2.15381021384833,3,5,5
"1645",0.149758420178336,0.504146812951671,0.149935854155172,0.504136925182714,0.0028307516044349,0.000231904670799143,2.05928618219034,2.13384578951049,2.15383692604346,3,5,5
"1646",0.149764822269317,0.504151679376567,0.149941960443817,0.504136153456527,0.00282730687982341,0.000231638163099679,2.05929450330995,2.13383654694238,2.153830704397,3,5,5
"1647",0.149757569953937,0.504152931068029,0.149933093214087,0.504136027085093,0.00282386809316746,0.000231371954754533,2.0593022932195,2.13382207920199,2.15382520282401,3,5,5
"1648",0.149756452153142,0.504149937968133,0.149940987734455,0.504137179119068,0.00282043574871909,0.000231104550546091,2.05930639420058,2.13383744326538,2.15382622248809,3,5,5
"1649",0.149756165231942,0.50414925713246,0.149939922074483,0.504137184509899,0.00281700939620027,0.000230838160634961,2.05928947332753,2.13381955747527,2.15383448810005,3,5,5
"1650",0.14975857156392,0.504156312399282,0.149950349375727,0.504136945200874,0.00281358959815196,0.000230574947539197,2.05929956187639,2.13381729360577,2.1538142070642,3,5,5
"1651",0.149752462727604,0.50414799470402,0.149930042161813,0.504136603811704,0.00281017573281532,0.000230307492117277,2.05930059591284,2.13381246816648,2.15383126256174,3,5,5
"1652",0.149755496093718,0.504150819141275,0.149935154088729,0.5041370429886,0.00280676832270556,0.000230041678311088,2.05930678167139,2.13380400498738,2.15381576318573,3,5,5
"1653",0.149752239418161,0.504153508079778,0.149921779355874,0.504136988766871,0.00280336673108785,0.000229777402930176,2.05929762674539,2.13378374591096,2.15380877834896,3,5,5
"1654",0.149756413306557,0.50415339737179,0.149933784815301,0.504136898913119,0.0027999718455348,0.000229513041908103,2.05930950398804,2.13379372772888,2.15380289628837,3,5,5
"1655",0.149756806219481,0.504148028886445,0.149933931081501,0.504137092777429,0.00279658309850437,0.000229246193975907,2.05932038413035,2.13377911688335,2.15381204606178,3,5,5
"1656",0.149755788667511,0.504155995408967,0.149937135950916,0.504137377634301,0.00279320063956252,0.000228983449987785,2.05929544178102,2.13376037959998,2.15377013934567,3,5,5
"1657",0.14975074493869,0.504148526077302,0.149941003677068,0.504137377159666,0.00278982409284471,0.000228718122107119,2.05930178461107,2.13376893433499,2.1537979694704,3,5,5
"1658",0.149762310632569,0.504151697180128,0.14994163196458,0.504137106715038,0.00278645430221426,0.000228454738755546,2.05928815819478,2.13376976758178,2.15379286538346,3,5,5
"1659",0.149760009173462,0.504154843336954,0.149949953971509,0.504137184529551,0.00278309028101449,0.000228193605367744,2.05927193455675,2.13373529139183,2.15376752090413,3,5,5
"1660",0.149754868782977,0.504150436075381,0.149937174820825,0.504137121956209,0.00277973258614672,0.000227929432305429,2.05930403120349,2.13375273690255,2.15377409477744,3,5,5
"1661",0.149760189010381,0.504148248059354,0.149943085602757,0.504136663999982,0.00277638095003143,0.000227665720479275,2.05928145428501,2.13374658561229,2.15378422298298,3,5,5
"1662",0.149767443860246,0.504156741358078,0.149935039766918,0.504136919911709,0.00277303580263419,0.000227406880941583,2.05925802767018,2.13370968296642,2.15373562078727,3,5,5
"1663",0.149759286923238,0.504147621445172,0.149928183123718,0.504136297805362,0.00276969661700836,0.000227143111122596,2.05928071219697,2.13372682892027,2.15376160636054,3,5,5
"1664",0.14977306150511,0.504153262405488,0.149939138563373,0.50413729094554,0.00276636407170624,0.00022688437409113,2.05927447803869,2.13370043173368,2.15371987013399,3,5,5
"1665",0.149765318785096,0.504153189828126,0.149935958484575,0.504136359962086,0.00276303669648835,0.000226625510982958,2.05928108270744,2.13371141313509,2.15374086400449,3,5,5
"1666",0.149772973921596,0.504152855542088,0.149940901047215,0.504136688071945,0.00275971639224791,0.000226367927808169,2.05924594245244,2.1336910488637,2.15370784054177,3,5,5
"1667",0.149776943426698,0.50414705560295,0.149938604492001,0.504136369847347,0.0027564017850287,0.000226107055732672,2.05925636056637,2.13367934950877,2.1537151463529,3,5,5
"1668",0.149777702453015,0.504155096802622,0.149946508130732,0.504136953845406,0.00275309332181989,0.00022585177109502,2.0592198077273,2.1336705926714,2.15368419655014,3,5,5
"1669",0.14977895970915,0.504150711365444,0.149947606664756,0.504136432683778,0.0027497907358583,0.000225593218879161,2.05925907915388,2.13365643931266,2.15369494007119,3,5,5
"1670",0.149790153830551,0.504151408233856,0.14995573553492,0.504137577033285,0.00274649470012413,0.000225335501218948,2.05922388876721,2.13365095481325,2.15366780748411,3,5,5
"1671",0.149786916546415,0.504150868463705,0.149944490642555,0.50413612294356,0.00274320403407181,0.000225079047662224,2.05919006578579,2.13363399649448,2.15367538441171,3,5,5
"1672",0.149790859871718,0.504151638638998,0.149942291870071,0.50413670332284,0.00273992001275238,0.000224822568256178,2.05921928181426,2.13363493338591,2.15364045283185,3,5,5
"1673",0.149800503117235,0.504148942938371,0.149946175882642,0.504136904127316,0.00273664164221981,0.000224564826128093,2.05919824721841,2.13361242408361,2.15365033043509,3,5,5
"1674",0.149801413066479,0.504154054468654,0.149938412164172,0.504137052613162,0.00273336929695656,0.000224310740373324,2.05916414310067,2.1336161997606,2.15362597786572,3,5,5
"1675",0.149803992903715,0.504150684167244,0.149954839117581,0.504136576215083,0.00273010305710986,0.00022405496956579,2.05918948649323,2.1335862985526,2.15362135672153,3,5,5
"1676",0.149812542558875,0.504152799516746,0.149933737412599,0.504137240530294,0.00272684316261876,0.000223800335200086,2.05915829214132,2.13358387536236,2.15359026746144,3,5,5
"1677",0.149814173313493,0.504152589640015,0.149945709001281,0.504136477352305,0.00272358850798839,0.000223547013691094,2.05911277351496,2.13356204186502,2.1535968799686,3,5,5
"1678",0.14981214486299,0.504149280800641,0.149941447529293,0.504136976393724,0.00272034005802262,0.000223290919589947,2.05915387445011,2.13356582697016,2.15358301082071,3,5,5
"1679",0.14982420351934,0.504150173453423,0.149940849695758,0.504136291189521,0.00271709753512958,0.000223036306847391,2.05911691352346,2.13355221573465,2.15357666278263,3,5,5
"1680",0.149824864323938,0.504156540721357,0.149934747828953,0.504136881754267,0.00271386096045369,0.000222787061695984,2.05906544126442,2.1335319866477,2.15354098395706,3,5,5
"1681",0.149821151868577,0.504148640089725,0.149933512987087,0.504136741237752,0.00271062977216526,0.000222531685592386,2.05911427475299,2.13352962109995,2.15355954889401,3,5,5
"1682",0.149830418974022,0.504149812172722,0.149933027426741,0.504136070148868,0.00270740481536514,0.000222277151817996,2.05909182136299,2.13352450715886,2.153532468445,3,5,5
"1683",0.149832766515776,0.504153750678412,0.149927872725237,0.504136522437408,0.00270418535153204,0.000222027216311038,2.05903623050125,2.13350897284323,2.15353579433387,3,5,5
"1684",0.149831823219846,0.504150507304905,0.149939751246235,0.504136946985164,0.00270097181458486,0.000221774600929314,2.05905971439387,2.13350569366974,2.15351460930275,3,5,5
"1685",0.149840587148095,0.504149444341253,0.149939128980388,0.504136261056683,0.00269776390464533,0.00022152133197928,2.05904374160053,2.13350511968045,2.1535159979463,3,5,5
"1686",0.149841474282325,0.504154917479745,0.149936654966354,0.504136755547807,0.00269456186713135,0.000221272258645766,2.05902249359664,2.13348569028872,2.15349142234902,3,5,5
"1687",0.149842268736246,0.504149325034154,0.149937132171181,0.504136505504236,0.00269136528197611,0.000221019619319418,2.05904645552263,2.13348508366491,2.15351439401069,3,5,5
"1688",0.149851275295817,0.504153000328826,0.14992893628436,0.50413713847231,0.00268817494465969,0.00022076902811885,2.05902345817872,2.1334741364925,2.15346545276763,3,5,5
"1689",0.149851937888808,0.504152859632983,0.14993852347192,0.504136511649726,0.00268498991409864,0.00022052028663766,2.05896842222252,2.13344549567037,2.15345703287883,3,5,5
"1690",0.149853632975614,0.504146930047032,0.149930493065747,0.504136929214781,0.00268181050929413,0.000220267394571039,2.05899843919124,2.13344522102891,2.15346261725078,3,5,5
"1691",0.149861954148261,0.504148118138843,0.149938209753678,0.50413689752793,0.00267863683774427,0.00022001551059847,2.05898018466377,2.13344627191633,2.15345354224439,3,5,5
"1692",0.149861537545434,0.504154721929899,0.149920135306737,0.504137711127083,0.00267546885735656,0.000219769573765238,2.05894013171701,2.13341207807828,2.15341275769565,3,5,5
"1693",0.149859973810221,0.504148539744952,0.149933054398707,0.504137445763573,0.00267230605295384,0.000219519739895646,2.0589686840638,2.13341028784899,2.15344099165569,3,5,5
"1694",0.149869179411003,0.504150061224989,0.149923280989265,0.504136668747356,0.0026691496375449,0.000219270716899533,2.05896916001137,2.13341188553599,2.15340550336818,3,5,5
"1695",0.149866367562305,0.50415313495888,0.149930517524982,0.504136456208403,0.00266599814363746,0.000219024417026814,2.05894733149235,2.13338664101372,2.15340655729891,3,5,5
"1696",0.149868248182874,0.504150461345737,0.149923725108331,0.504136972401407,0.00266285255191864,0.000218778577152912,2.05893135729248,2.1333805333174,2.15337173639862,3,5,5
"1697",0.149872579604862,0.504149303266388,0.149926528152261,0.504136651612158,0.00265971266111008,0.000218532329077648,2.05892341194553,2.13339670915544,2.15338271953787,3,5,5
"1698",0.149872672577219,0.50415413220914,0.149918215431472,0.504137039865237,0.00265657812996972,0.000218289363884239,2.05890231318093,2.13337172952204,2.15334726067068,3,5,5
"1699",0.149871926641194,0.504148821450172,0.149919700659656,0.504137517630955,0.00265344896961786,0.000218043499067178,2.05892179262233,2.13336375972897,2.15336507799033,3,5,5
"1700",0.149877105384676,0.504152514084602,0.149920264153747,0.504136896834651,0.00265032598555411,0.000217799175321387,2.05892395116629,2.13337770941036,2.15331751107646,3,5,5
"1701",0.149878698140949,0.504154985745613,0.149932787127072,0.504137111044178,0.00264720815064198,0.000217557986585626,2.05887064697388,2.13334926631397,2.15330575929245,3,5,5
"1702",0.149873583512931,0.504145786427634,0.149920851725619,0.504137184224858,0.00264409565516628,0.000217311491115812,2.05887679505307,2.133357765571,2.15330186425916,3,5,5
"1703",0.14988053519216,0.504147489823791,0.149932341387628,0.50413680556736,0.00264098889767304,0.000217066136340538,2.05888143740697,2.13336427280177,2.1532925428877,3,5,5
"1704",0.149881777163575,0.504156969356656,0.14992182022323,0.504136541319105,0.0026378876947398,0.000216826267297465,2.05886175197592,2.13335209882612,2.15325051457243,3,5,5
"1705",0.149878556869765,0.504149749631179,0.149929741300004,0.504136199511802,0.00263479164060042,0.000216583472545717,2.05885348822547,2.13334948793254,2.15326661529231,3,5,5
"1706",0.14988367296812,0.504149233398226,0.149918001117121,0.504136622645867,0.00263170151972978,0.000216340665666448,2.05885874163767,2.133359078452,2.15323139614446,3,5,5
"1707",0.149885915724955,0.504154233440791,0.149925938095956,0.504136019389538,0.00262861662434932,0.000216101573411565,2.05883561342623,2.13334889611853,2.15323923616254,3,5,5
"1708",0.149879753382621,0.504148324454863,0.149915631393553,0.504136356265702,0.00262553696319186,0.000215859418216224,2.05881865266895,2.13335383942418,2.15321648907908,3,5,5
"1709",0.149887554546455,0.504151319015546,0.149922307991958,0.504136655171684,0.00262246325516865,0.000215619341283668,2.05883925963401,2.13337092959076,2.15322195975357,3,5,5
"1710",0.149884114202792,0.504154065357307,0.149910417958578,0.504137112917577,0.00261939468949582,0.000215380754600258,2.0588096130898,2.13335520863245,2.15319250529785,3,5,5
"1711",0.149883603205441,0.504146953414117,0.14992868610802,0.504137537351053,0.0026163311848447,0.000215138168864093,2.05882874726338,2.13336686588834,2.15322479610561,3,5,5
"1712",0.149882473982695,0.504154461218472,0.149918045935635,0.504136797806238,0.00261327378144444,0.0002148998522149,2.05884970556435,2.13338844916064,2.15318850196654,3,5,5
"1713",0.1498849272135,0.504152678259062,0.149930350933813,0.504136599559428,0.00261022132398511,0.00021466130176484,2.05880532124176,2.13336941473731,2.15318036199908,3,5,5
"1714",0.149880479755098,0.50414721927451,0.149918474494436,0.504136244591495,0.00260717398501729,0.000214419934525201,2.05878580353258,2.13338055518511,2.15319915426876,3,5,5
"1715",0.149884094491753,0.504147308216921,0.149924180905236,0.504136129515663,0.00260413241977007,0.00021417906822685,2.05883342617387,2.13341290154022,2.15320336059446,3,5,5
"1716",0.149877309608954,0.504157643555399,0.149919011070096,0.504135494778031,0.00260109602325086,0.000213943208194456,2.05882017347941,2.1333875384603,2.15316102075782,3,5,5
"1717",0.149881407491478,0.504147886682967,0.149922460431875,0.504136046687994,0.00259806464327632,0.000213702876034505,2.05879440316743,2.13339485927156,2.15318741590678,3,5,5
"1718",0.149883972769239,0.504151609677181,0.149922428356283,0.504136015183125,0.00259503926526447,0.000213465364975907,2.05881169506871,2.13341152336295,2.1531745418303,3,5,5
"1719",0.149878774084182,0.504151246559682,0.149932091618103,0.504137223485424,0.0025920184412695,0.000213226897175622,2.05881058032549,2.13341441180178,2.15317358946653,3,5,5
"1720",0.149876796987513,0.504152150461253,0.1499201836763,0.504137032294021,0.00258900317581316,0.000212988691856375,2.05883385745877,2.13341061402403,2.15318183716442,3,5,5
"1721",0.149882557129799,0.504150163952266,0.149942405082299,0.50413747217134,0.00258599340963318,0.000212750358782765,2.05882972989634,2.13342888647366,2.15317955654126,3,5,5
"1722",0.149879012782399,0.504156205194222,0.149923939087288,0.504137035887558,0.0025829886588372,0.000212515500042199,2.05880306915109,2.13341539318539,2.15316506085353,3,5,5
"1723",0.149876386352871,0.504147584879915,0.149933771078104,0.504137070022372,0.00257998883505175,0.000212276032183323,2.05882897602811,2.13343636112971,2.15321298058852,3,5,5
"1724",0.149877554401755,0.504151505855434,0.149924528175647,0.504137544980003,0.00257699469568722,0.000212038948808391,2.05882975393185,2.13343317623235,2.15319544749358,3,5,5
"1725",0.149876780454312,0.504153885695133,0.149935033763231,0.504136835891729,0.00257400527801764,0.000211803480492545,2.05882615769867,2.133444268308,2.15318994561405,3,5,5
"1726",0.149873709435344,0.504151165785145,0.14992252850664,0.504137416171239,0.0025710212665103,0.000211567042541994,2.05882296972004,2.13343129071963,2.15321175415286,3,5,5
"1727",0.149874607555032,0.50414874358202,0.149924009385811,0.504136926773764,0.00256804223345861,0.000211329106957314,2.05886692782662,2.1334586922576,2.15322766369167,3,5,5
"1728",0.14987256646201,0.50415513180474,0.149923958859054,0.504136985303711,0.0025650682508739,0.000211095579039866,2.05883306799275,2.13345194456081,2.15320656902804,3,5,5
"1729",0.149868789588609,0.504154138332424,0.149927371003282,0.504137522966092,0.00256209945079795,0.000210863228241931,2.05886718278086,2.13345713050717,2.15322467007295,3,5,5
"1730",0.149871351480641,0.504153260134679,0.149932838294614,0.504136344573473,0.00255913615852426,0.000210631680405027,2.05885337829453,2.13346184073326,2.15322710347435,3,5,5
"1731",0.149869378333626,0.504150654337268,0.149936557900328,0.504136444445792,0.00255617735245433,0.000210400757902796,2.05884630135144,2.13347497714608,2.15322565605589,3,5,5
"1732",0.149866755472537,0.504153259103728,0.149922747701723,0.504135809231644,0.00255322401697673,0.000210172277502862,2.05884597035969,2.13345760415655,2.15323082666867,3,5,5
"1733",0.149868601169612,0.504151296880632,0.149932994438229,0.504137185759049,0.00255027580067786,0.000209943816639524,2.05887497667111,2.13348436310374,2.15323368062192,3,5,5
"1734",0.149867682874924,0.504153790437039,0.149917465511453,0.504136489722267,0.00254733263487983,0.000209716746057076,2.05886150968899,2.13347788872305,2.15322427036095,3,5,5
"1735",0.149865724466281,0.504151280884394,0.149931062618487,0.504136229487853,0.00254439435373957,0.000209488708123429,2.05888160254899,2.13349086567385,2.15325446341971,3,5,5
"1736",0.149867543229544,0.504151015188262,0.149919256713092,0.504136317487269,0.00254146160418216,0.000209261381077686,2.05884953646579,2.13348576948919,2.15323421007547,3,5,5
"1737",0.149863009409773,0.504153633986738,0.149922173809604,0.504137431868263,0.00253853330679581,0.000209034662913443,2.05889633566955,2.13350794006668,2.15324242998298,3,5,5
"1738",0.14986584342431,0.504150834438369,0.149927980621904,0.50413748363279,0.0025356107274723,0.00020880787058708,2.05887076983376,2.13347773614057,2.15323725645494,3,5,5
"1739",0.149869488646639,0.504149237920736,0.149931725632866,0.504136775177164,0.00253269299584486,0.000208581703403432,2.05887847919426,2.13351622746723,2.15325983084956,3,5,5
"1740",0.149864309725593,0.504151781728308,0.149917357646859,0.504137827790138,0.00252978032752676,0.00020835696196031,2.0588824980008,2.13349786742122,2.15323519882249,3,5,5
"1741",0.149861113552248,0.504151687999011,0.149935565378153,0.504136677269249,0.00252687250421383,0.000208133107376773,2.05889572363734,2.13351371812013,2.15326342514803,3,5,5
"1742",0.149870617400555,0.504152035029139,0.149917528475818,0.504136652719911,0.00252397027396774,0.000207910856587445,2.05886265408064,2.1334902094173,2.15323425292087,3,5,5
"1743",0.149862808888888,0.504150488942417,0.149938583463409,0.504135742276667,0.00252107224562039,0.000207687518216204,2.0589105305254,2.13353138986811,2.15327327070591,3,5,5
"1744",0.149867823809621,0.504151223918106,0.149928124709344,0.504137232952951,0.00251818006508835,0.000207465684166408,2.05888712948661,2.13349837872965,2.15325415413583,3,5,5
"1745",0.149868242566931,0.50415163696898,0.14993406449441,0.504136869591157,0.00251529250197999,0.000207244844031229,2.05888903681552,2.13353309046519,2.15327727706969,3,5,5
"1746",0.149866495231546,0.504150050867726,0.149921561102125,0.50413655803629,0.0025124099579917,0.000207023219367497,2.05888503104131,2.13349930752773,2.1532492333759,3,5,5
"1747",0.14986854045631,0.504150476569803,0.149917953809356,0.504136106375489,0.00250953239170114,0.000206801314988403,2.05891986118615,2.13352968080561,2.15329096007224,3,5,5
"1748",0.149875049811903,0.50415321295598,0.149917164945642,0.504137187356205,0.0025066603306017,0.000206581420136742,2.05888456902197,2.13351788523176,2.15326790681486,3,5,5
"1749",0.149865068684147,0.504153629704285,0.149920900955664,0.504136182147026,0.00250379233155831,0.000206361763568919,2.05891393741199,2.13353229806385,2.15329674235145,3,5,5
"1750",0.149869084485795,0.504149217354632,0.149912560363409,0.504136646900874,0.00250092992021947,0.000206141690265782,2.05891086001068,2.13351260839907,2.15329628781955,3,5,5
"1751",0.149873663747293,0.504152141132964,0.149925470384368,0.504136412483892,0.00249807216533558,0.000205922283332716,2.0589420230226,2.13355923217576,2.15333436747198,3,5,5
"1752",0.149869463116487,0.504153108284575,0.14991623713283,0.504136722935024,0.00249521925292283,0.000205703901772436,2.05892046367273,2.13353310278951,2.15331297343065,3,5,5
"1753",0.149870081285143,0.504148630332496,0.149913215775389,0.504136190703371,0.00249237128039607,0.000205484723279414,2.05889843871174,2.13354139909338,2.15333073361382,3,5,5
"1754",0.149873779645058,0.504155224784614,0.149921391818518,0.504136545263838,0.00248952851075919,0.00020526847357083,2.05892512942711,2.13355058169899,2.15335025103127,3,5,5
"1755",0.149868148668613,0.504151325502019,0.149927175726284,0.504135733290696,0.00248668977100049,0.000205049380944899,2.05895038930402,2.13357226718961,2.15338336318437,3,5,5
"1756",0.149865719988574,0.5041499765638,0.149915582717942,0.504136476293428,0.00248385647104533,0.00020483089647394,2.05896525775302,2.13355299412749,2.15336775997363,3,5,5
"1757",0.149869586500326,0.504155957225257,0.14992500274602,0.504135711874342,0.00248102759138046,0.000204617125706297,2.05895603732504,2.13356708454924,2.15339067044846,3,5,5
"1758",0.149866141358068,0.50414977773256,0.149916818284161,0.504136705669081,0.00247820356127182,0.000204400320777509,2.05893892120158,2.13355153212179,2.1533865676346,3,5,5
"1759",0.149870062075985,0.504147550161972,0.149913336746023,0.504136429742872,0.00247538464475388,0.000204182865556901,2.05895537160464,2.13357590621777,2.15340440900317,3,5,5
"1760",0.149863281713346,0.504155604861077,0.149912742780247,0.504136871615026,0.0024725704277451,0.000203969273056992,2.05897418866693,2.13357991736047,2.15342365580642,3,5,5
"1761",0.149859597421551,0.504151933008667,0.149908631200706,0.504136410957895,0.00246976041859489,0.000203755364763691,2.05894495836583,2.13356669909321,2.15341160210935,3,5,5
"1762",0.14986422921767,0.504150021236324,0.149910516466543,0.504136968298592,0.00246695625699885,0.000203540191201501,2.05896751055028,2.13355632325115,2.1534109937447,3,5,5
"1763",0.149866668152191,0.504155314330456,0.149915044310514,0.504136613195748,0.0024641562582495,0.000203327159648325,2.05901939263751,2.13356785880883,2.15343992177083,3,5,5
"1764",0.149857240747902,0.504150364720778,0.149910949209814,0.504137590578585,0.00246136105621081,0.000203112807042882,2.05893736986559,2.13353541806208,2.15342537319791,3,5,5
"1765",0.149863834040407,0.504150079393079,0.149914175040686,0.504136148573274,0.00245857075872705,0.000202898744377733,2.05897604888742,2.13355450550966,2.15343247838811,3,5,5
"1766",0.14986274602168,0.504151569941799,0.149913109108815,0.504136780601935,0.00245578522380008,0.00020268566540993,2.05895772956342,2.1335267748231,2.15342816572889,3,5,5
"1767",0.14986050799194,0.504149080760236,0.149908037928769,0.504136068793559,0.00245300411322253,0.000202471832917439,2.05894612393776,2.13352365017707,2.15344107139281,3,5,5
"1768",0.149858512806397,0.50415125512326,0.149913434817714,0.504137165574676,0.00245022820117193,0.000202258349238815,2.05900372717239,2.13354707835207,2.15345876957605,3,5,5
"1769",0.149862010158511,0.504151760522416,0.14991725982782,0.504136433505671,0.00244745645423238,0.000202048689613488,2.05897290543172,2.13352504117613,2.15344952703166,3,5,5
"1770",0.149854092287372,0.50414969119837,0.14991137759223,0.504136802883404,0.00244468950399902,0.000201838388183218,2.05895253682152,2.13350616219092,2.15345448669876,3,5,5
"1771",0.149861716045821,0.50414913660419,0.149913714704391,0.504136561355932,0.00244192755557403,0.000201627799215953,2.05900032205327,2.13353544301314,2.15347415022752,3,5,5
"1772",0.149856187490065,0.504153849702641,0.14991112080351,0.504136975136105,0.00243917004155137,0.000201419461674401,2.05900326906866,2.13352010254507,2.15347989414643,3,5,5
"1773",0.149853376422941,0.504149729941116,0.149911088248751,0.504136689754422,0.00243641675568974,0.000201210221078663,2.05897110933097,2.13350505019215,2.15347576146471,3,5,5
"1774",0.149858328853594,0.504152589774951,0.149911946441278,0.504137065114516,0.00243366897297413,0.000201001659205668,2.05900600774106,2.1335123599853,2.15348503824607,3,5,5
"1775",0.149862481016647,0.504150807853949,0.149914376211678,0.504135785977923,0.00243092548619918,0.000200793333059779,2.05898952567535,2.13349491184187,2.15348707449271,3,5,5
"1776",0.149848731540403,0.504150321572146,0.149918228609169,0.504136499672662,0.00242818637063106,0.000200584407892279,2.05896876403675,2.1335006204525,2.1535046851784,3,5,5
"1777",0.14985801682273,0.504146988872407,0.149917331139086,0.504137766955403,0.0024254520964488,0.000200374733876796,2.0589994523113,2.13350018877397,2.15350867259683,3,5,5
"1778",0.149858537793421,0.504158521791185,0.149922791920619,0.504136178547935,0.00242272260833198,0.000200170931121235,2.05903124949073,2.13348236449332,2.15349746824744,3,5,5
"1779",0.149854799014673,0.504146679966364,0.149907743494218,0.504137844177414,0.00241999733008192,0.000199962808887677,2.05897598497088,2.13349079142866,2.15351879521215,3,5,5
"1780",0.149855095687455,0.504151301779994,0.149913411439645,0.504136360341301,0.00241727715369519,0.000199756551991892,2.05900440679382,2.13349766045443,2.15353140983782,3,5,5
"1781",0.149859656444407,0.504155342266236,0.149904650028686,0.50413687871391,0.00241456119015415,0.000199553131291386,2.05901897453287,2.13347670063348,2.15352478979978,3,5,5
"1782",0.149854367902721,0.504149289978911,0.149909892143263,0.504136324998998,0.00241184995338602,0.000199346593779626,2.05897946961609,2.13346347227275,2.15352072162692,3,5,5
"1783",0.149861435818908,0.504147560746122,0.149907901579309,0.504137345288969,0.00240914356543427,0.000199139386741209,2.05902054926352,2.13349412899214,2.15355022256778,3,5,5
"1784",0.149856616189679,0.504155789794805,0.149908449188364,0.504137470151475,0.0024064416671386,0.000198936009939144,2.05904204084583,2.13348213682704,2.1535375779905,3,5,5
"1785",0.149855966061101,0.504144812884824,0.14989814970112,0.504137162178504,0.00240374397408549,0.000198728016463146,2.05899919575295,2.13346741131271,2.15353428486454,3,5,5
"1786",0.149857959321503,0.504152553176767,0.149904163002275,0.504136393628839,0.00240105151145314,0.000198523670321582,2.05902450066804,2.13348399071843,2.15354733238289,3,5,5
"1787",0.149865028571991,0.504152450865253,0.149896188658288,0.504136102577819,0.00239836354559169,0.000198320049094924,2.05903296365855,2.13347069272017,2.15354610280194,3,5,5
"1788",0.149847273835415,0.504153200281056,0.149900993888014,0.504136568637906,0.00239567960018012,0.000198115512812902,2.05903881553463,2.13350751077138,2.15357590776358,3,5,5
"1789",0.149856875265067,0.504147373676141,0.149905110967501,0.50413626214216,0.00239300037327487,0.000197909878660196,2.05903503221826,2.13350151798288,2.15358147700498,3,5,5
"1790",0.149854120735445,0.504154145199493,0.149899291392825,0.50413684118048,0.00239032580445012,0.000197709087886744,2.05905684636504,2.13350143580241,2.15357916928116,3,5,5
"1791",0.149847483043968,0.504145536288963,0.149893721768429,0.504136424787416,0.00238765517552064,0.000197503205659144,2.0590631012588,2.13352940501368,2.15361457304489,3,5,5
"1792",0.149847077727744,0.504151229948891,0.14990655628414,0.504136071629669,0.00238498954554667,0.000197301478719658,2.05906105680286,2.13355505372815,2.15362418121062,3,5,5
"1793",0.149849866528546,0.504154299824351,0.149904846681856,0.504136706239227,0.00238232781465304,0.000197101402221844,2.05911095912541,2.13353869891197,2.153643041429,3,5,5
"1794",0.149840042755131,0.504147618982178,0.149899660355546,0.504136890332462,0.00237967049848739,0.00019689835479253,2.05906423298078,2.1335602514976,2.15366441330506,3,5,5
"1795",0.149848305902672,0.504148966009378,0.149899507162226,0.504136562831638,0.0023770179328942,0.000196696253143558,2.05910860116075,2.13357627124001,2.15366961241399,3,5,5
"1796",0.149841122091227,0.504154482016564,0.149904824712511,0.504136566936431,0.00237436960483565,0.000196496576733707,2.05913290089114,2.13358697660074,2.15368742130574,3,5,5
"1797",0.149837277780311,0.504145768827098,0.14990971853567,0.504137456711925,0.00237172483468691,0.000196292881109006,2.05912176637243,2.13359777877059,2.15372682180037,3,5,5
"1798",0.149841741822856,0.504149061259339,0.149909058270699,0.504137466376806,0.00236908528355405,0.00019609163273604,2.05912647624331,2.13360803837822,2.15372413024947,3,5,5
"1799",0.14984264336501,0.504152630332682,0.149917867118582,0.504135999033205,0.00236644970693306,0.000195891837209583,2.05916352956303,2.13360098351208,2.15373148406222,3,5,5
"1800",0.149830364322113,0.504149113145889,0.149906000376725,0.504136658410584,0.00236381808782251,0.000195689581416025,2.05916564438173,2.1336582870189,2.15377720681526,3,5,5
"1801",0.149840757596645,0.504149240164606,0.149901041145643,0.504136868501652,0.00236119106176291,0.000195489906599122,2.0591422080455,2.13365114931924,2.15378123125302,3,5,5
"1802",0.149836070114055,0.504154880751003,0.149903321843744,0.504137020722488,0.00235856835328411,0.000195292249199008,2.05918500863634,2.13364654886408,2.15378573694785,3,5,5
"1803",0.149833889453393,0.504148691222514,0.149908023279872,0.504137304304248,0.00235594946667285,0.000195091536643877,2.05919285804357,2.13368572934592,2.15382113436271,3,5,5
"1804",0.149831972863008,0.504150245422492,0.149909769859331,0.50413738124631,0.00235333535106777,0.000194892836502314,2.05917372484882,2.13371915787169,2.15383593161799,3,5,5
"1805",0.14983331176941,0.50415380105845,0.149906500505964,0.504136425042425,0.00235072509276253,0.000194695412657153,2.05924347008613,2.13368357113369,2.15382761468806,3,5,5
"1806",0.149825829419858,0.504149519994875,0.149896080039041,0.504136850866092,0.00234811877623249,0.000194495558924368,2.0592086736416,2.13373445731537,2.15387419630318,3,5,5
"1807",0.149832495578737,0.504150688579716,0.149899328405658,0.504137050967223,0.00234551734939961,0.000194297631378237,2.05923783374613,2.13374100777738,2.15387157101687,3,5,5
"1808",0.149830252224392,0.504154965536195,0.14989987951227,0.504136465464429,0.00234291999994031,0.000194101173749628,2.05924171278743,2.13373699128051,2.1538705843974,3,5,5
"1809",0.149823307483404,0.50414839546157,0.149896563900644,0.504136384584883,0.00234032625986639,0.000193902156748749,2.0592336830424,2.13376350912402,2.15391459406211,3,5,5
"1810",0.149827052079002,0.504150892140766,0.149906536135694,0.504136333177839,0.00233773754735043,0.000193705239540098,2.05921897202016,2.1337568991147,2.15388985169205,3,5,5
"1811",0.149830218187762,0.504151829575252,0.149897187983186,0.504137334788519,0.00233515285010228,0.000193507891470435,2.05928048455709,2.13375067247547,2.15389793373175,3,5,5
"1812",0.149817538741406,0.504150249064942,0.149905197677829,0.504136285963206,0.00233257189969966,0.00019330943705631,2.05924518148415,2.13380160473643,2.15393571012608,3,5,5
"1813",0.149823026262177,0.504149416292149,0.149897318620724,0.504136873305986,0.00232999559052783,0.000193113026061509,2.05924418831683,2.13378407487046,2.15392456711033,3,5,5
"1814",0.149826203561786,0.504153476962087,0.14990265882816,0.504136958944016,0.00232742360381337,0.000192918430026445,2.05925216665355,2.13376422118601,2.15391036582276,3,5,5
"1815",0.149819810418334,0.504148839344655,0.149899675499979,0.504136772415782,0.00232485533483836,0.000192721119664618,2.05927717237699,2.13379508038266,2.1539478072249,3,5,5
"1816",0.14981818671565,0.504151518612645,0.149901290270263,0.504136443192811,0.00232229181640561,0.000192526051584485,2.05924950409585,2.13381179878769,2.15393382936509,3,5,5
"1817",0.149821399134552,0.504151947855494,0.149897198248723,0.50413776194587,0.00231973219642021,0.000192331593955708,2.05928076688292,2.13378747698459,2.15394077815171,3,5,5
"1818",0.149816284956077,0.504149243213982,0.149907394896539,0.504136216125145,0.00231717652728401,0.0001921358089364,2.05922609407836,2.13380080338175,2.15393403521383,3,5,5
"1819",0.149819247774771,0.504148660836355,0.149910676986623,0.504137414545453,0.00231462568306174,0.000191940511306665,2.05928857706496,2.13380200890907,2.15394627702858,3,5,5
"1820",0.149825454341883,0.504156775354186,0.149899088516761,0.504136532448118,0.00231207919128705,0.000191747771907669,2.05928302497546,2.13376448281868,2.15390252697864,3,5,5
"1821",0.149816936495896,0.504150968418251,0.149905573551046,0.504136605054019,0.00230953615835671,0.000191553144222589,2.05926346645995,2.13379834017985,2.15394056306263,3,5,5
"1822",0.149818214704947,0.504149018393755,0.149906663090414,0.504136810742582,0.00230699799365132,0.000191359484340237,2.05922424540001,2.13377525271085,2.15390243603262,3,5,5
"1823",0.149825197744867,0.504153748201439,0.149906966771768,0.504136630339787,0.00230446395045125,0.000191167788639812,2.05927076073672,2.13375501869904,2.1539029778194,3,5,5
"1824",0.149820832923176,0.504150945177273,0.149893575313295,0.504137003524191,0.00230193405237006,0.000190975672518134,2.05920707236295,2.13375437190799,2.15388727273031,3,5,5
"1825",0.149817614953679,0.504148103415242,0.149904726933749,0.504137124275052,0.0022994083699613,0.000190781575612253,2.05926795790889,2.13378212207469,2.15391341727273,3,5,5
"1826",0.1498258451997,0.504150179618613,0.149908677958449,0.5041366917932,0.00229688694630391,0.000190589289808418,2.05920518470368,2.13372715712926,2.15384825335426,3,5,5
"1827",0.149819749986709,0.504148312253761,0.149896929173418,0.504137224764598,0.00229436942245195,0.000190396172248586,2.05922506074381,2.13373892927478,2.15387895654622,3,5,5
"1828",0.149821652267828,0.504152170073696,0.149903498891019,0.504136497478489,0.00229185671528099,0.000190205183528858,2.05923184332166,2.13372868877523,2.15386170766555,3,5,5
"1829",0.149824474452448,0.504150769652449,0.149900813437168,0.504137483933182,0.00228934771084311,0.00019001349855019,2.05925351726353,2.13374931836841,2.15387454515272,3,5,5
"1830",0.149822334682925,0.504148984333546,0.149895437998151,0.504137189345121,0.00228684269791265,0.000189822179159305,2.05916057271367,2.13369905001919,2.15382400318425,3,5,5
"1831",0.149822173834587,0.504147830937603,0.149894337670046,0.504137393391789,0.00228434252768923,0.000189630587590583,2.05923053721827,2.13372179801282,2.15385925797102,3,5,5
"1832",0.149830189655775,0.504156734323391,0.149900198352759,0.504137203104517,0.00228184655196056,0.000189443056612615,2.05919861716135,2.13369332617278,2.15381299470807,3,5,5
"1833",0.149819597088671,0.504149248435261,0.14988349175687,0.504137511031112,0.0022793542260978,0.000189251692094494,2.05923871365724,2.13371611467837,2.15383735529047,3,5,5
"1834",0.149823877012498,0.504148398271113,0.149901798704543,0.504137264045225,0.00227686673005685,0.00018906119711215,2.05916442829755,2.13367333986035,2.15378725391774,3,5,5
"1835",0.149828882927209,0.504150927275467,0.149885744714651,0.504137009700465,0.00227438323330589,0.000188870312037515,2.05924825336869,2.13368687949074,2.15381559633987,3,5,5
"1836",0.149824714197468,0.504151915764155,0.14989893546877,0.504136186667238,0.00227190366028593,0.000188680528848018,2.05917432507505,2.13366990847528,2.1537965917911,3,5,5
"1837",0.14982259709671,0.504148044485745,0.149890810150137,0.504136325760929,0.00226942855206766,0.000188490479563153,2.05921729117239,2.13367266316654,2.15379159497722,3,5,5
"1838",0.149833177187663,0.504153829308664,0.149900433952914,0.504136074007705,0.00226695769019656,0.000188303975348969,2.05915903957861,2.1336332493611,2.15373791929275,3,5,5
"1839",0.149824821310237,0.504149631346022,0.149879790871653,0.504136394530114,0.00226449064037579,0.000188115227164443,2.05919870631395,2.13366817661946,2.15379735135094,3,5,5
"1840",0.14982915339628,0.504151106531179,0.149905149506395,0.504136400688856,0.0022620283797026,0.000187928287811667,2.05914490183174,2.13362182938505,2.15373597434865,3,5,5
"1841",0.149833995759303,0.504150916677047,0.149893039200824,0.504137073409126,0.00225956974404715,0.000187740722672802,2.05918019550687,2.13363232949231,2.15375337939026,3,5,5
"1842",0.149829925203717,0.50415021094763,0.149897305797714,0.504137180735466,0.00225711510336045,0.000187553270480367,2.05912324950608,2.1336304474616,2.15374233740122,3,5,5
"1843",0.149832122370156,0.504149282971225,0.149888095700041,0.50413707215254,0.00225466511243019,0.000187365405500572,2.05917941298301,2.13361854576867,2.15375008948824,3,5,5
"1844",0.149840223815976,0.504155580105141,0.149892025190272,0.504136960726507,0.00225221918293527,0.000187181023029837,2.05911122052572,2.13359471677136,2.15370943417402,3,5,5
"1845",0.149832081687277,0.504148049795216,0.149889169159019,0.504136978092048,0.00224977698736389,0.000186993785982636,2.05913198747989,2.1336066218104,2.1537362152609,3,5,5
"1846",0.149836840418577,0.504152012073718,0.149897573152197,0.504136817853679,0.00224733936317602,0.000186808241658731,2.05910902597672,2.13358116890469,2.15369340736324,3,5,5
"1847",0.149845220664978,0.504149919544326,0.149886186758407,0.504136331563092,0.00224490600125066,0.000186620859024877,2.05915683664645,2.13358732751845,2.15371500857996,3,5,5
"1848",0.149838354888965,0.504156616771975,0.149889856167891,0.504136707409629,0.00224247633084055,0.000186437309019905,2.05911953304095,2.13359106053128,2.15370947802895,3,5,5
"1849",0.149845204714538,0.504148464194765,0.149883708805579,0.504136972144756,0.00224005123999768,0.000186252076687099,2.05911802540684,2.1335506786299,2.15368393851219,3,5,5
"1850",0.149849260488693,0.50415159278083,0.149892300383156,0.504136349931428,0.00223763015896903,0.000186068341069157,2.05907699345504,2.13355976642284,2.15366848679081,3,5,5
"1851",0.149843277233005,0.504149189868599,0.14988252640517,0.50413659852811,0.00223521294637473,0.000185883068270831,2.059132410325,2.13358350643603,2.15371466794206,3,5,5
"1852",0.149850881331039,0.504157417630814,0.149891805932739,0.504137184073518,0.00223280012446317,0.000185702096943463,2.0590766848577,2.13354463533555,2.15366424395498,3,5,5
"1853",0.149855055345885,0.504147746126741,0.149894909693871,0.504137064685488,0.0022303912748861,0.000185517745046715,2.05906116134182,2.1335401339589,2.15366224524318,3,5,5
"1854",0.149846170662877,0.504153898568042,0.149891056610051,0.504136191836935,0.00222798608687282,0.000185336246403822,2.05906714934816,2.13356411665559,2.15367201385689,3,5,5
"1855",0.149853698967352,0.504150111082517,0.149886975255542,0.504136482905048,0.0022255853964014,0.000185151969867792,2.05911100007113,2.13355431830643,2.15367418523412,3,5,5
"1856",0.149859781157343,0.504156297390537,0.149887976326533,0.504137197281095,0.00222318866362496,0.000184971329230343,2.05905082694321,2.13353964517633,2.15364874681792,3,5,5
"1857",0.149851930028945,0.504146315004825,0.149891639902282,0.504137703965217,0.00222079560247804,0.000184787281873544,2.05904866863018,2.13354455054807,2.15366574287295,3,5,5
"1858",0.149854947051938,0.504152814011427,0.14990061179186,0.504137066954886,0.00221840671751562,0.000184605955334649,2.05902939897117,2.13353839245613,2.15363761334346,3,5,5
"1859",0.14986559387605,0.504147567197923,0.149888038085873,0.504137479498296,0.00221602218104908,0.000184423072195683,2.05906062702859,2.1335353101062,2.15365054823535,3,5,5
"1860",0.149856617812258,0.504154322511234,0.149905928193426,0.504137389071679,0.00221364113304428,0.000184243584030575,2.05902975278631,2.13354416100396,2.15365216551251,3,5,5
"1861",0.149863061937251,0.504150400675617,0.149888896514157,0.504136498055586,0.00221126432181692,0.000184062570895316,2.05904468170522,2.13352333388417,2.15362448570277,3,5,5
"1862",0.149870403252968,0.504153003938401,0.149900288884016,0.504136494879946,0.00220889153821619,0.00018388373477185,2.05901052434155,2.13352454483128,2.15361848622539,3,5,5
"1863",0.149864989080893,0.504148261038795,0.149885754932429,0.50413629296885,0.00220652246717003,0.000183701809759129,2.05907398594404,2.13355997002185,2.1536731448191,3,5,5
"1864",0.149864655181889,0.504155680828938,0.14989738837113,0.504136155033314,0.0022041575426385,0.00018352339152794,2.0590279646817,2.13352566144575,2.15360031713054,3,5,5
"1865",0.14987462142017,0.504150325523885,0.149889366787311,0.504136011054003,0.00220179651049597,0.000183343727862995,2.05902821349223,2.13350067691757,2.15360943784085,3,5,5
"1866",0.149869581174967,0.504149893500162,0.149898396126425,0.50413622044543,0.00219943916030158,0.000183164211302933,2.05899904248411,2.13354299634029,2.15362720280369,3,5,5
"1867",0.149868900897119,0.504147229555417,0.149894796696372,0.504136861548987,0.00219708594600334,0.000182982243695173,2.05906720190218,2.13353288464042,2.1536213273898,3,5,5
"1868",0.149876014381044,0.504152739524337,0.149909672635364,0.504136670711166,0.00219473665390225,0.00018280412741789,2.05900480425146,2.13351305213713,2.15359349002378,3,5,5
"1869",0.149867759689773,0.504145864896067,0.14988939186143,0.504137675858908,0.0021923907278067,0.000182623581894581,2.05901549973492,2.13353164579584,2.15362583213089,3,5,5
"1870",0.1498693030763,0.504148959728448,0.149897084815778,0.504136909503951,0.00219004881366342,0.000182443903063878,2.05901849367209,2.13352922901245,2.15358800158887,3,5,5
"1871",0.149876275003351,0.504148376204825,0.149884229751257,0.504136570906867,0.00218771085488389,0.000182264056718839,2.05906145095078,2.13352377642121,2.15361890172256,3,5,5
"1872",0.149867922217661,0.504154567309647,0.149896408926159,0.504136865994675,0.00218537648919723,0.000182087700428935,2.05901880593046,2.13354684341802,2.1536175540868,3,5,5
"1873",0.149869313490834,0.504147077348573,0.149880830309579,0.504136841387205,0.00218304580630501,0.000181908157360411,2.05902060569392,2.13351879658793,2.15359143660948,3,5,5
"1874",0.149876689585422,0.504151894362886,0.149899171449912,0.504136327998406,0.00218071904792459,0.000181731891451542,2.0589864350983,2.13352010938816,2.15358537818437,3,5,5
"1875",0.1498669002806,0.504147726450069,0.149881548560356,0.504136766006988,0.00217839577093341,0.000181552677837593,2.05906958306913,2.1335675592094,2.15365655750223,3,5,5
"1876",0.14986946830691,0.504154421638326,0.149908377757766,0.504136255142406,0.00217607654812773,0.000181377353524637,2.05899232672878,2.13353368816291,2.15358287671411,3,5,5
"1877",0.149874835131035,0.504148278126772,0.149895473079407,0.504136670950914,0.00217376081745108,0.000181200106346258,2.05900493079066,2.13352194586942,2.15359522089057,3,5,5
"1878",0.14986410977925,0.504153862780748,0.149897749864664,0.504137827960193,0.00217144863400628,0.000181024633504223,2.05902366901447,2.133569775639,2.153637630545,3,5,5
"1879",0.149867841227996,0.504146173096654,0.149892695424669,0.504137881725005,0.00216914037559465,0.000180845367394378,2.05904479993634,2.13356414368919,2.15362057901502,3,5,5
"1880",0.149875071325276,0.504156258903547,0.149899888167665,0.504136646719795,0.00216683600811323,0.000180671389810261,2.0589998512877,2.13353716486238,2.15358685968598,3,5,5
"1881",0.149860392760843,0.504149075875376,0.149888697879205,0.504137367044399,0.0021645346751483,0.000180494270297427,2.0590258719685,2.13356567177674,2.15365215506176,3,5,5
"1882",0.149872337495916,0.504149197817328,0.149898809413471,0.504137017434018,0.00216223772549238,0.00018031729024004,2.05901069984041,2.13356636921195,2.15359552416089,3,5,5
"1883",0.149875982357011,0.504146923891766,0.149886437341982,0.504136711869703,0.00215994427150108,0.000180139239687405,2.0590274795119,2.13355751959443,2.1536170552234,3,5,5
"1884",0.149863133727068,0.504155581639325,0.149894045569428,0.504136491786604,0.00215765417604362,0.000179964492420415,2.05905780275716,2.13360016730949,2.15365167643972,3,5,5
"1885",0.149869075187623,0.504146015340632,0.149878698720191,0.504137467478742,0.00215536784528817,0.000179785817932987,2.05902447273152,2.1335566619624,2.1536069753829,3,5,5
"1886",0.149874366022884,0.504153049177751,0.14990191975577,0.504136635881992,0.00215308522700198,0.000179611287271952,2.05901169101597,2.13357411014571,2.15360973346802,3,5,5
"1887",0.149861604937764,0.504148341703356,0.149879958059881,0.504136652318432,0.00215080578771443,0.000179434040843529,2.05906107928448,2.13360661325424,2.15367735370903,3,5,5
"1888",0.149866242549839,0.504154322674982,0.149885009658644,0.504136933290017,0.00214853036924307,0.000179259539578536,2.0590386028351,2.13358551506623,2.15361188971667,3,5,5
"1889",0.149871324922968,0.504148385375981,0.149887006768486,0.504137339663954,0.00214625826281197,0.000179083204334907,2.0590132392042,2.13355515143891,2.15360721729033,3,5,5
"1890",0.149859203770226,0.504153920122266,0.149888213750011,0.50413681836566,0.00214398940551627,0.000178908678443945,2.05906211513978,2.13361113188421,2.15365215841175,3,5,5
"1891",0.149865405173889,0.504147091497602,0.149896465163345,0.504137322610197,0.00214172442548096,0.000178732329510711,2.05907154571028,2.13359253611182,2.15362632710232,3,5,5
"1892",0.149869015659443,0.5041575799872,0.149889224945537,0.504137186436162,0.00213946312149226,0.000178561469782901,2.0590364364192,2.13357490979634,2.15359966133319,3,5,5
"1893",0.149856272508229,0.504149029433267,0.149875118395496,0.50413706694007,0.00213720468241625,0.000178387173279226,2.05903779279933,2.13358756319409,2.15364435108781,3,5,5
"1894",0.149857477317809,0.504148688879129,0.149891897645592,0.504137292759294,0.00213494998604196,0.000178212711075543,2.05904601606502,2.13361563638177,2.15362156884916,3,5,5
"1895",0.149868270901466,0.504149647424676,0.149879589690832,0.504137195362581,0.00213269902595888,0.000178039398846086,2.05904475083027,2.13357701598407,2.15360861441892,3,5,5
"1896",0.149853892988327,0.504158372233991,0.14988762782746,0.504136639846582,0.00213045130664805,0.000177869582599577,2.05906572000704,2.13360705335648,2.15363678903485,3,5,5
"1897",0.149853308582297,0.504144261850566,0.149883534809113,0.504137772797785,0.00212820675086581,0.000177693182213057,2.05905677322289,2.13358403525764,2.15360630604309,3,5,5
"1898",0.14985732052303,0.504151271288974,0.149883096558613,0.504136193836445,0.00212596592556492,0.00017752148509298,2.0590244669066,2.13359219168211,2.1535987585511,3,5,5
"1899",0.149850657577548,0.50415059874882,0.149886970061371,0.504136246402211,0.0021237283553709,0.000177349741845134,2.05907340631885,2.13360585450837,2.15364187146209,3,5,5
"1900",0.149851272920582,0.504154774412097,0.149886792432688,0.504136278103571,0.00212149438657574,0.00017717983353871,2.05906189910932,2.13360644639459,2.15360084848664,3,5,5
"1901",0.149853328209207,0.504147251367398,0.149878344690959,0.504136878090169,0.00211926367691147,0.000177008319050209,2.05901355557953,2.13357282399655,2.15358877125865,3,5,5
"1902",0.149841752520004,0.504152170682616,0.149880593949526,0.504136773297129,0.00211703627373525,0.000176838627820808,2.05906673147659,2.13362082004023,2.15363225948361,3,5,5
"1903",0.149842569720899,0.504145778196812,0.149884831973642,0.504137159563464,0.00211481217572689,0.000176665735429959,2.05908151110493,2.13363103715487,2.15362593993905,3,5,5
"1904",0.149848525549239,0.504153268316668,0.149872182663109,0.504136321205969,0.00211259181637701,0.000176497733603953,2.05902146822162,2.13359999000966,2.15358627759893,3,5,5
"1905",0.149837376166232,0.504150026244752,0.149883192020526,0.504136168123791,0.0021103744012146,0.000176328104685597,2.05906961942986,2.13360685485998,2.15362339132434,3,5,5
"1906",0.149833767584549,0.504146735314222,0.149882086388077,0.504136140531145,0.0021081602522296,0.000176157027593771,2.05905485763068,2.13363991034337,2.15362079495617,3,5,5
"1907",0.149838223460001,0.504146649752229,0.149884858570518,0.504136580122822,0.00210594958251201,0.000175986625754243,2.05907989994879,2.13362929117183,2.15361323799658,3,5,5
"1908",0.149830431998974,0.504159108583794,0.149866176899046,0.504136758502861,0.00210374228977661,0.000175821350011707,2.05912237804576,2.13363660609994,2.1536172407078,3,5,5
"1909",0.149828339048689,0.504145175135026,0.149881065979136,0.504136324257825,0.00210153799325392,0.000175650162825058,2.05908232034125,2.13362562145706,2.15361318605929,3,5,5
"1910",0.149828612005582,0.504151715838498,0.149884250142735,0.504136625331028,0.00209933714937828,0.000175482922675996,2.05907040052969,2.1336409665735,2.15360873165836,3,5,5
"1911",0.149822563340781,0.504149887102871,0.149891765924116,0.504136909857709,0.00209713954871333,0.00017531475223842,2.05912554071367,2.13365752947017,2.15363883479418,3,5,5
"1912",0.149821632248399,0.504149559317405,0.149882757950085,0.504136675680834,0.00209494522501169,0.000175146210335764,2.05909758798223,2.1336611257904,2.15362089630271,3,5,5
"1913",0.149821103697402,0.504147110443601,0.149888401632299,0.504136637754416,0.00209275400072748,0.00017497726300264,2.05909796551254,2.13364067484307,2.15362069654954,3,5,5
"1914",0.14981063370926,0.504153758810608,0.149881694239308,0.504137259624134,0.00209056618951111,0.000174811086274484,2.05916410463954,2.13368521454097,2.15365095194488,3,5,5
"1915",0.149817366617395,0.504146381833126,0.149898509079682,0.504136570935509,0.00208838160237478,0.000174640860879594,2.05912578553878,2.13366317127498,2.15363514402079,3,5,5
"1916",0.14981429559781,0.504152480084178,0.149884017365612,0.504137232811914,0.00208620032586789,0.000174474358695886,2.05912048304348,2.13368088673871,2.15365576559077,3,5,5
"1917",0.14980221861199,0.504148266113864,0.149888417101537,0.504136492110731,0.00208402209709218,0.000174305232680916,2.05918670053999,2.13368652453984,2.15368947005007,3,5,5
"1918",0.149801141230228,0.504148863509836,0.149878478553723,0.504137497977077,0.00208184696860868,0.000174136547286374,2.05915190511052,2.13370516310635,2.15368094659501,3,5,5
"1919",0.149810702532083,0.50414733604439,0.149878579494791,0.504136745371506,0.00207967552552716,0.000173968127117785,2.05915691755475,2.13368627093232,2.15368015066082,3,5,5
"1920",0.149795075996866,0.504157741919933,0.149883948064358,0.504137822529288,0.00207750712043045,0.000173803660217797,2.05921870634188,2.13372839239174,2.15372850072185,3,5,5
"1921",0.149797019547494,0.504147447053898,0.149882207867116,0.50413646489132,0.00207534170858982,0.000173634491238528,2.05919625498428,2.13371064449852,2.15372713702671,3,5,5
"1922",0.149796448793734,0.504150090829927,0.149888818025706,0.504136937743439,0.00207317980442174,0.000173467549229867,2.05920146178407,2.13373161146489,2.15373999886442,3,5,5
"1923",0.149788758642336,0.504151679205695,0.149880645496769,0.504136625219766,0.00207102093185916,0.000173300551069011,2.05925217379026,2.13374294957577,2.15378427037931,3,5,5
"1924",0.149791453286319,0.50415273615571,0.149883041788291,0.504137371192312,0.00206886541567533,0.000173134198468761,2.05923912892685,2.13374286901696,2.1537623239272,3,5,5
"1925",0.14980018704695,0.504148890098661,0.14988352928414,0.504136659833813,0.00206671339240717,0.00017296741342554,2.05921337783994,2.13374256799207,2.15378769248363,3,5,5
"1926",0.14978255079219,0.504156847729656,0.149886199944597,0.504136314318413,0.00206456429256842,0.000172803101683883,2.05929476053646,2.13378261422301,2.15382428171702,3,5,5
"1927",0.149790979848955,0.504146136440752,0.149883704642614,0.504136195318493,0.00206241850898149,0.00017263403323764,2.05923619855306,2.13376523805163,2.15382151122283,3,5,5
"1928",0.149791889798394,0.504153029038771,0.149869033881159,0.50413644844998,0.00206027607276986,0.000172469466214964,2.05923828193679,2.13378759012477,2.15384203153608,3,5,5
"1929",0.149784532743982,0.504149531522946,0.149882209567621,0.504136904813175,0.0020581368440177,0.000172302263454327,2.05930008345585,2.13379410701029,2.15388004229333,3,5,5
"1930",0.14978876008682,0.5041549858079,0.149875441666952,0.504136610471835,0.00205600089486537,0.000172138371987596,2.0592533850792,2.13379592345936,2.15386376388516,3,5,5
"1931",0.149797349237538,0.504144520299418,0.149893472018012,0.504136935453938,0.00205386849986743,0.000171970065611426,2.0592565037178,2.13378988427182,2.15388055003238,3,5,5
"1932",0.149779460225839,0.504155282062504,0.149881011573104,0.504137199802438,0.00205173909562322,0.000171806156515464,2.0593349133762,2.13382555319495,2.15390825290134,3,5,5
"1933",0.149787651340289,0.504149022543982,0.149891434330654,0.504136582129496,0.00204961293478931,0.000171640520659433,2.05927763390005,2.13382060963111,2.15392304840883,3,5,5
"1934",0.149793764058453,0.504148670993988,0.149884898030594,0.504137434505744,0.00204749039676932,0.00017147603684442,2.0592564799296,2.13382085453465,2.15391691637897,3,5,5
"1935",0.149780809836021,0.504148157191313,0.149890225208346,0.504136648912183,0.002045370826602,0.000171310872639219,2.05930105990862,2.13383134635516,2.15395603535765,3,5,5
"1936",0.149785089748147,0.50415490123593,0.149880918204593,0.504136256809877,0.00204325451573671,0.000171149095319123,2.05928423386195,2.13383032813659,2.15393309572598,3,5,5
"1937",0.149793854393175,0.504144054499389,0.149892848285537,0.50413645904348,0.00204114181032523,0.000170982383272844,2.05929597332391,2.13382180996367,2.1539522196854,3,5,5
"1938",0.149778055196859,0.504156470813597,0.149884320228288,0.504136698135413,0.00203903204510881,0.000170821058345316,2.05936510132603,2.13384967434154,2.15397138989805,3,5,5
"1939",0.149789255704051,0.504145612416485,0.149890188985699,0.504136000191346,0.00203692578848761,0.000170655407237819,2.05927668198234,2.13381047565007,2.15394992625581,3,5,5
"1940",0.149794497110146,0.504153101040742,0.149885972359638,0.504136604841827,0.00203482297814806,0.000170494093076567,2.05927435553653,2.13383183564522,2.15396038242303,3,5,5
"1941",0.149783136428158,0.504147805535061,0.14988874260862,0.504136415897687,0.00203272317101076,0.000170330595020141,2.05930675210503,2.13381842932976,2.15398256340985,3,5,5
"1942",0.149784783800488,0.504153372940312,0.149877142461361,0.504136881899012,0.00203062658713438,0.000170169718922475,2.05929433981655,2.13381729701178,2.15395395015639,3,5,5
"1943",0.149798413928138,0.50414630312646,0.149902874750281,0.504136997053159,0.00202853365217161,0.00017000535981071,2.05930565840857,2.13381502533958,2.15397502202021,3,5,5
"1944",0.149782539275077,0.504155622524521,0.149882397845308,0.504136439233987,0.00202644360755832,0.000169846150685715,2.05931928435691,2.13382860937571,2.15399196451303,3,5,5
"1945",0.149785383585058,0.504142766233145,0.149897002565172,0.504135569021543,0.0020243566985924,0.000169681411921863,2.05927558122604,2.1338160532635,2.1539825106319,3,5,5
"1946",0.149787281165126,0.504152514169536,0.149884153726989,0.504137064826363,0.00202227326898388,0.000169521590479893,2.05931077831334,2.13384266398691,2.1539871736698,3,5,5
"1947",0.149782279371348,0.504147335304485,0.149901052006536,0.504136466038951,0.00202019279981232,0.000169358622149507,2.05935477616508,2.1338289886345,2.15401021022539,3,5,5
"1948",0.14977819170298,0.504149109613005,0.149891297258541,0.504136353942347,0.00201811553695764,0.000169197393994236,2.05929135377818,2.13384496730132,2.15398351592402,3,5,5
"1949",0.14978054997537,0.504148434791855,0.149889031127857,0.504136326726023,0.00201604122427835,0.000169034679840752,2.05935311551187,2.1338211404269,2.15399113884072,3,5,5
"1950",0.149769479615003,0.504157079452643,0.149884256055103,0.504136880712402,0.00201396998259723,0.000168876796615036,2.05937088665797,2.1338601790875,2.15401698165193,3,5,5
"1951",0.149773448024641,0.504143233000988,0.149889526289921,0.504136630630397,0.00201190190864509,0.000168713204748205,2.05928790343066,2.1338233791929,2.15398772431382,3,5,5
"1952",0.149767820269615,0.504152246527412,0.149888553915914,0.504137955409305,0.00200983682962245,0.000168553426515339,2.05935561355586,2.13383948248744,2.15398619492324,3,5,5
"1953",0.149763390005878,0.504149887166714,0.149895507080391,0.504136613436904,0.00200777462087311,0.000168392119421434,2.05937820126308,2.13384056943871,2.15401754093855,3,5,5
"1954",0.149762443081142,0.50414889633359,0.149889508448756,0.504137390450684,0.00200571574586606,0.000168232148498038,2.05930506785479,2.13383309500659,2.1539889132243,3,5,5
"1955",0.149761383111557,0.504147457237782,0.149886056899576,0.504136652737144,0.00200365953382543,0.00016807005469277,2.05937589537743,2.13380831467146,2.15398903187557,3,5,5
"1956",0.149751026389444,0.504157779670265,0.149893976386177,0.504136809769632,0.00200160642806543,0.000167913260847308,2.05939903087134,2.13385627909892,2.15402171503957,3,5,5
"1957",0.149752152232432,0.504141951353027,0.149888683475846,0.504136500038755,0.00199955625300767,0.000167749792947647,2.05932434406033,2.13380803222422,2.1539958166038,3,5,5
"1958",0.149749142039488,0.504154466975519,0.149887022681177,0.50413631041609,0.00199750913754714,0.000167592280418183,2.05937346001233,2.1338277764851,2.15399466863934,3,5,5
"1959",0.149748160958521,0.504152003951101,0.149880408272692,0.504136681268577,0.00199546495263003,0.000167432898197872,2.05939845258787,2.13381568603011,2.15401886241495,3,5,5
"1960",0.149743780152284,0.504147909581411,0.149890140777713,0.504136809503949,0.00199342382208161,0.000167273567517667,2.0593207685239,2.13380528767774,2.15399261546381,3,5,5
"1961",0.149741927158269,0.504148869392725,0.149885870224168,0.504137348058549,0.00199138540771051,0.000167112989197915,2.05939944558843,2.13381017203606,2.15400396433864,3,5,5
"1962",0.149736774915119,0.504157791340708,0.149881480878033,0.50413717808383,0.00198935018735467,0.000166957291804826,2.05940700285301,2.133828021712,2.15402302281767,3,5,5
"1963",0.149739612944993,0.504141802681719,0.149883923813351,0.504136662202944,0.00198731787447258,0.000166795631657002,2.05931164901613,2.13377407827755,2.15399409193403,3,5,5
"1964",0.149733048922318,0.504153337970044,0.149886321643586,0.504136923474541,0.00198528833964791,0.000166638653606221,2.05938110149006,2.13380966549194,2.1540034396044,3,5,5
"1965",0.149733963649171,0.504148053998997,0.149885330946086,0.504136570995899,0.00198326205387781,0.000166479229429695,2.05941067766862,2.13380139630392,2.15403370222602,3,5,5
"1966",0.149736516970112,0.504151848218124,0.149896301595604,0.504135760777037,0.00198123878718419,0.000166322596372059,2.05933720073912,2.13378142392476,2.15400064104491,3,5,5
"1967",0.149736683048842,0.504148367881331,0.149883531907326,0.504136827341179,0.00197921843847956,0.000166163453416024,2.05939424650059,2.13378194096009,2.15401335243824,3,5,5
"1968",0.149725519820549,0.504155896496746,0.149885049768313,0.504137033751542,0.001977200945489,0.000166007873955598,2.05942637536975,2.13380630224558,2.15404363761099,3,5,5
"1969",0.149735924379472,0.504143231507221,0.149876833070334,0.504136449892236,0.0019751865257532,0.000165846823375837,2.05937768762895,2.13377131236086,2.15400742293965,3,5,5
"1970",0.149730770478304,0.50415367221473,0.149885018626585,0.504136419553798,0.0019731750610884,0.000165690555904541,2.05939913938298,2.13378991705097,2.15400682324777,3,5,5
"1971",0.149730042990391,0.504153216167995,0.14987574378118,0.504136125567235,0.00197116679672166,0.00016553436473099,2.05943952802532,2.13379110458537,2.1540583561792,3,5,5
"1972",0.14973841416542,0.504150784320412,0.14988395832918,0.504136460832068,0.00196916155609784,0.000165378218288104,2.0593763874057,2.13376871966131,2.15399108088214,3,5,5
"1973",0.149735711630195,0.504149135263488,0.14987800112618,0.504136277973524,0.00196715943129707,0.000165221116982139,2.05939860124084,2.13377851841792,2.15401290609645,3,5,5
"1974",0.14973065692576,0.504154287765684,0.149879892768024,0.504136880942571,0.00196516034474217,0.000165067826972343,2.0594147291414,2.13380859195856,2.15403625022705,3,5,5
"1975",0.149743085952333,0.504145396479532,0.149867674474114,0.504137070080176,0.0019631643599167,0.000164910614199543,2.05937083461594,2.13375093915182,2.15399604797944,3,5,5
"1976",0.149737435464345,0.504155292619229,0.149871940469805,0.504136964703245,0.00196117139643465,0.000164757432530416,2.059405088329,2.13379306809019,2.15398862705654,3,5,5
"1977",0.149738151620148,0.504153972793062,0.149880158319404,0.504137274245695,0.00195918144367744,0.000164603916121053,2.05941164332572,2.13377291418337,2.15403264082335,3,5,5
"1978",0.149744055821061,0.504149235782762,0.149865667608706,0.504136247145212,0.00195719479368212,0.000164449143192025,2.0593609443891,2.13378395723747,2.15397601999881,3,5,5
"1979",0.149742696603994,0.504148622863805,0.149887176285201,0.504137302247638,0.00195521083245638,0.000164293127099646,2.05938893991613,2.13375589921847,2.15398712402891,3,5,5
"1980",0.149736295754617,0.504152693257325,0.14987549906055,0.504136991640026,0.00195322992487894,0.000164139775335137,2.05939291597561,2.13379659095413,2.1540096617885,3,5,5
"1981",0.149745736418643,0.504149948703731,0.149885343678846,0.50413643487866,0.00195125194289119,0.000163986233627567,2.05934656158645,2.13375282031218,2.15398016522209,3,5,5
"1982",0.14974144288542,0.504151848647646,0.149867607096742,0.504136921934466,0.00194927697726379,0.000163833532485946,2.05936673268521,2.13378196725222,2.15397473004167,3,5,5
"1983",0.149733808005513,0.504151686697948,0.149893439109734,0.504137724450673,0.00194730456792151,0.000163680380657283,2.05939905371682,2.13378893843229,2.15403098171988,3,5,5
"1984",0.14974170708291,0.504150508173613,0.149872398368539,0.504137511595605,0.00194533560398348,0.00016352823780641,2.05935737230142,2.13377675808526,2.15395276189434,3,5,5
"1985",0.149740995100559,0.504150724073036,0.149880289532131,0.50413641892297,0.00194336926943984,0.000163375462163828,2.05937366031929,2.13374764747421,2.15397346921151,3,5,5
"1986",0.149733824541708,0.504154886309536,0.149874285173427,0.504136374858123,0.0019414059582655,0.000163224435592135,2.05940612885489,2.13379859864875,2.15398418677689,3,5,5
"1987",0.149743973479727,0.50415091558511,0.149878751079193,0.504136157713047,0.00193944583589321,0.000163072969736944,2.05933094467258,2.13374653673643,2.15395069218167,3,5,5
"1988",0.149740768123791,0.504149779001625,0.149881642409495,0.504136686990538,0.00193748850761972,0.000162920333291017,2.05935874963358,2.13377654278984,2.15394223845805,3,5,5
"1989",0.149733922025895,0.504153246692179,0.149879785381528,0.504137206165462,0.00193553389086837,0.000162769561961373,2.05937140160382,2.13376994751965,2.15397482275342,3,5,5
"1990",0.149739988320178,0.504148285955724,0.149871997231037,0.504136433151024,0.00193358257763203,0.000162617759222328,2.05931640710685,2.13376844826297,2.153927775519,3,5,5
"1991",0.14973876795888,0.504148963182232,0.149873814179065,0.504136958392319,0.00193163397748752,0.000162465212809937,2.05936856729137,2.13375786309662,2.15394361034542,3,5,5
"1992",0.149738766860204,0.504154065706417,0.149886296266567,0.504136195052044,0.00192968850897095,0.00016231599438421,2.05936419662062,2.13377721693991,2.15392459158965,3,5,5
"1993",0.149738823417725,0.504149058265756,0.149882806671017,0.504137131602209,0.00192774593880505,0.000162165783097135,2.05930856670899,2.1337412432725,2.15392879947495,3,5,5
"1994",0.149741027986273,0.504145186867947,0.149882735926051,0.504136986490648,0.00192580631917565,0.000162011859268341,2.05935434084286,2.13375380192202,2.15389374377012,3,5,5
"1995",0.149733577536879,0.504153172458909,0.149884065902451,0.504137569186097,0.00192386940174894,0.000161862138832403,2.05938009817245,2.13375974571089,2.15393684622497,3,5,5
"1996",0.149747252622041,0.504149718805301,0.149889585482977,0.504137498122198,0.0019219359839029,0.000161712550820425,2.05930578695093,2.13373248710267,2.15386133727721,3,5,5
"1997",0.149745405798525,0.504149177968797,0.149885930415978,0.504137344056186,0.00192000515285072,0.000161561516167308,2.05932360112442,2.13370545523934,2.15386485734992,3,5,5
"1998",0.14974100020762,0.504151188599238,0.149893624614801,0.504137122239752,0.00191807733864145,0.000161411716994686,2.05933954907312,2.13374539362264,2.15388465270439,3,5,5
"1999",0.149746634997853,0.504145705065861,0.149883551461805,0.50413714749432,0.00191615252076581,0.000161260193413559,2.05929744613612,2.13371238379508,2.1538750629506,3,5,5
"2000",0.149752022298275,0.504152352764244,0.149879343615311,0.504137008021667,0.00191423068122495,0.00016111115162265,2.0593161604102,2.13368791624842,2.15381912328409,3,5,5
